x___2,流域平均累加雨量,最大降雨強度,継続時間,台風直接時間,台風間接時間,前線時間,線状降水帯時間,開始,終了,SST,アンサンブル,開始時刻,終了時刻,開始年,開始月,開始日,開始時,終了年,終了月,終了日,終了時,rain_time,rain_space
1,33.68,4.52,82,0,0,12,55.5,13746,13909,CC,101,2031-10-14 08:30:00,2031-10-17 18:00:00,2031,10,14,8,2031,10,17,18,1,2
2,70.055,3.91,80,0,17,36,0,47127,47286,CC,101,2033-09-08 19:00:00,2033-09-12 02:30:00,2033,9,8,19,2033,9,12,2,3,6
3,30.77,3.83,31.5,0,2,0,0,85246,85308,CC,101,2035-11-11 22:30:00,2035-11-13 05:30:00,2035,11,11,22,2035,11,13,5,3,8
4,117.46,5.22,65.5,0,0,54,0,97698,97828,CC,101,2036-07-28 08:30:00,2036-07-31 01:30:00,2036,7,28,8,2036,7,31,1,2,5
5,86.595,7.58,51.5,39,12.5,12,0,114622,114724,CC,101,2037-07-15 22:30:00,2037-07-18 01:30:00,2037,7,15,22,2037,7,18,1,3,8
6,20.395,2.79,14,0,0,12,0,114790,114817,CC,101,2037-07-19 10:30:00,2037-07-20 00:00:00,2037,7,19,10,2037,7,20,0,3,8
7,21.47,1.41,38,0,0,0,0,138624,138699,CC,101,2038-11-27 23:30:00,2038-11-29 13:00:00,2038,11,27,23,2038,11,29,13,3,4
8,23.27,2.44,37,0,0,12,0,154451,154524,CC,101,2039-10-23 17:00:00,2039-10-25 05:30:00,2039,10,23,17,2039,10,25,5,3,2
9,26.395,4.99,22,0,0,12,0,168612,168655,CC,101,2040-08-13 17:30:00,2040-08-14 15:00:00,2040,8,13,17,2040,8,14,15,3,10
10,20.685,2,42.5,0,0,0,0,169085,169169,CC,101,2040-08-23 14:00:00,2040-08-25 08:00:00,2040,8,23,14,2040,8,25,8,3,10
11,61.51,4.03,50.5,0,0,12,0,188797,188897,CC,101,2041-10-08 06:00:00,2041-10-10 08:00:00,2041,10,8,6,2041,10,10,8,2,10
12,66.78,7.56,73.5,21,41.5,18,0,203956,204102,CC,101,2042-08-20 01:30:00,2042-08-23 02:30:00,2042,8,20,1,2042,8,23,2,1,8
13,40.23,3.12,59.5,24,33,12,0,222788,222906,CC,101,2043-09-16 09:30:00,2043-09-18 20:30:00,2043,9,16,9,2043,9,18,20,3,8
14,45.83,5.6,87.5,0,0,6,0,242284,242458,CC,101,2044-10-26 13:30:00,2044-10-30 04:30:00,2044,10,26,13,2044,10,30,4,1,2
15,23.75,4.3,20,0,0,0,0,256383,256422,CC,101,2045-08-16 07:00:00,2045-08-17 02:30:00,2045,8,16,7,2045,8,17,2,2,7
16,32.95,4.73,33,0,0,18,0,256702,256767,CC,101,2045-08-22 22:30:00,2045-08-24 07:00:00,2045,8,22,22,2045,8,24,7,2,7
17,53.2,3.03,78.5,0,0,24,0,273498,273654,CC,101,2046-08-07 20:30:00,2046-08-11 02:30:00,2046,8,7,20,2046,8,11,2,2,6
18,44.3,6.82,49,0,0,18,0,289745,289842,CC,101,2047-07-12 08:00:00,2047-07-14 08:30:00,2047,7,12,8,2047,7,14,8,1,1
19,53.375,4.37,62.5,0,0,18,0,327987,328111,CC,101,2049-09-16 01:00:00,2049-09-18 15:00:00,2049,9,16,1,2049,9,18,15,3,2
20,72.23,5.01,135,0,0,6,0,360740,361009,CC,101,2051-07-30 09:30:00,2051-08-05 00:00:00,2051,7,30,9,2051,8,5,0,3,7
21,37.7,2.46,82,0,0,42,0,379607,379770,CC,101,2052-08-26 11:00:00,2052-08-29 20:30:00,2052,8,26,11,2052,8,29,20,2,1
22,28.595,4.2,57.5,0,0,6,0,400230,400344,CC,101,2053-10-30 02:30:00,2053-11-01 11:30:00,2053,10,30,2,2053,11,1,11,1,2
23,27.4,3.59,35.5,32,3.5,0,0,414831,414901,CC,101,2054-08-30 07:00:00,2054-08-31 18:00:00,2054,8,30,7,2054,8,31,18,1,1
24,42.09,6.43,80,0,0,60,0,415064,415223,CC,101,2054-09-04 03:30:00,2054-09-07 11:00:00,2054,9,4,3,2054,9,7,11,1,1
25,41.66,8.75,29,0,5.5,6,0,431697,431754,CC,101,2055-08-16 16:00:00,2055-08-17 20:30:00,2055,8,16,16,2055,8,17,20,3,9
26,34.915,5.45,29.5,23.5,6,24,0,431824,431882,CC,101,2055-08-19 07:30:00,2055-08-20 12:30:00,2055,8,19,7,2055,8,20,12,3,9
27,39.705,2.95,45.5,0,0,30,0,449407,449497,CC,101,2056-08-19 15:00:00,2056-08-21 12:00:00,2056,8,19,15,2056,8,21,12,2,8
28,77.14,6.46,85.5,29.5,39.5,12,0,449633,449803,CC,101,2056-08-24 08:00:00,2056-08-27 21:00:00,2056,8,24,8,2056,8,27,21,2,8
29,27.415,3.74,26.5,0,0,18,0,468546,468598,CC,101,2057-09-22 08:30:00,2057-09-23 10:30:00,2057,9,22,8,2057,9,23,10,1,2
30,47.125,5.11,67,20,68.5,18,0,469003,469136,CC,101,2057-10-01 21:00:00,2057-10-04 15:30:00,2057,10,1,21,2057,10,4,15,1,2
31,33.64,2.21,46.5,0,0,0,0,503385,503477,CC,101,2059-09-18 04:00:00,2059-09-20 02:00:00,2059,9,18,4,2059,9,20,2,3,6
32,29.235,2.32,70.5,0,0,0,0,503861,504001,CC,101,2059-09-28 02:00:00,2059-10-01 00:00:00,2059,9,28,2,2059,10,1,0,3,6
33,30.23,2.09,86,0,0,0,0,516304,516475,CC,101,2060-06-13 07:30:00,2060-06-16 21:00:00,2060,6,13,7,2060,6,16,21,2,10
34,21.645,2.05,40.5,0,0,0,0,557904,557984,CC,101,2062-10-27 23:30:00,2062-10-29 15:30:00,2062,10,27,23,2062,10,29,15,1,8
35,26.395,3.1,66.5,0,0,0,0,558262,558394,CC,101,2062-11-04 10:30:00,2062-11-07 04:30:00,2062,11,4,10,2062,11,7,4,1,8
36,35.075,3.39,53.5,0,0,0,0,570642,570748,CC,101,2063-07-20 08:30:00,2063-07-22 13:30:00,2063,7,20,8,2063,7,22,13,2,4
37,34.275,3.34,50,0,0,24,0,571173,571272,CC,101,2063-07-31 10:00:00,2063-08-02 11:30:00,2063,7,31,10,2063,8,2,11,2,4
38,48.5,1.71,147,0,0,36,0,586885,587178,CC,101,2064-06-22 18:00:00,2064-06-28 20:30:00,2064,6,22,18,2064,6,28,20,2,1
39,35.475,1.7,69,0,0,42,0,603567,603704,CC,101,2065-06-05 07:00:00,2065-06-08 03:30:00,2065,6,5,7,2065,6,8,3,2,8
40,34.98,3.33,63,0,0,48,0,624664,624789,CC,101,2066-08-18 19:30:00,2066-08-21 10:00:00,2066,8,18,19,2066,8,21,10,3,9
41,42.67,4.45,30.5,0,0,18,0,661885,661945,CC,101,2068-10-02 06:00:00,2068-10-03 12:00:00,2068,10,2,6,2068,10,3,12,3,2
42,28.195,2.51,75,0,12,24,0,678204,678353,CC,101,2069-09-07 05:30:00,2069-09-10 08:00:00,2069,9,7,5,2069,9,10,8,3,8
43,30.845,4.27,39,16,23,18,0,695744,695821,CC,101,2070-09-07 15:30:00,2070-09-09 06:00:00,2070,9,7,15,2070,9,9,6,1,8
44,27.785,3.69,38,26.5,11.5,18,0,696046,696121,CC,101,2070-09-13 22:30:00,2070-09-15 12:00:00,2070,9,13,22,2070,9,15,12,1,8
45,65.775,10.87,35.5,20.5,15,12,0,713061,713131,CC,101,2071-09-03 10:00:00,2071-09-04 21:00:00,2071,9,3,10,2071,9,4,21,1,6
46,52.98,8.06,30.5,22.5,8,12,0,730462,730522,CC,101,2072-08-30 22:30:00,2072-09-01 04:30:00,2072,8,30,22,2072,9,1,4,1,8
47,52.46,4.4,94.5,0,0,0,0,744227,744415,CC,101,2073-06-13 17:00:00,2073-06-17 15:00:00,2073,6,13,17,2073,6,17,15,2,6
48,38.69,2.83,41,0,0,0,0,767631,767712,CC,101,2074-10-14 07:00:00,2074-10-15 23:30:00,2074,10,14,7,2074,10,15,23,3,2
49,36.07,4.35,61,0,0,6,0,785179,785300,CC,101,2075-10-14 21:00:00,2075-10-17 09:30:00,2075,10,14,21,2075,10,17,9,1,9
50,35.32,3.76,52,0,0,6,0,785593,785696,CC,101,2075-10-23 12:00:00,2075-10-25 15:30:00,2075,10,23,12,2075,10,25,15,1,9
51,54.845,6.54,45.5,27,18.5,12,0,799185,799275,CC,101,2076-08-01 16:00:00,2076-08-03 13:00:00,2076,8,1,16,2076,8,3,13,1,7
52,36.08,7.77,38.5,21,17.5,18,0,816907,816983,CC,101,2077-08-05 21:00:00,2077-08-07 11:00:00,2077,8,5,21,2077,8,7,11,1,2
53,26.18,4.1,31.5,0,23.5,0,0,833298,833360,CC,101,2078-07-13 08:30:00,2078-07-14 15:30:00,2078,7,13,8,2078,7,14,15,2,6
54,33.42,2.17,40,0,0,0,0,849130,849209,CC,101,2079-06-08 04:30:00,2079-06-09 20:00:00,2079,6,8,4,2079,6,9,20,2,8
55,27.69,2.49,45.5,0,0,36,0,867891,867981,CC,101,2080-07-03 01:00:00,2080-07-04 22:00:00,2080,7,3,1,2080,7,4,22,3,8
56,32.56,3.33,36,0,5.5,24,0,868095,868166,CC,101,2080-07-07 07:00:00,2080-07-08 18:30:00,2080,7,7,7,2080,7,8,18,3,8
57,26.935,4.41,35.5,0,0,12,0,889619,889689,CC,101,2081-09-28 17:00:00,2081-09-30 04:00:00,2081,9,28,17,2081,9,30,4,1,8
58,33.7,3.71,34.5,0,0,0,0,907110,907178,CC,101,2082-09-28 02:30:00,2082-09-29 12:30:00,2082,9,28,2,2082,9,29,12,3,6
59,44.15,2.97,37.5,0,0,12,0,907383,907457,CC,101,2082-10-03 19:00:00,2082-10-05 08:00:00,2082,10,3,19,2082,10,5,8,3,6
60,23.07,4.15,70,0,0,12,0,925231,925370,CC,101,2083-10-10 15:00:00,2083-10-13 12:30:00,2083,10,10,15,2083,10,13,12,1,3
61,25.465,3.36,24.5,0,0,0,0,944609,944657,CC,101,2084-11-17 08:00:00,2084-11-18 08:00:00,2084,11,17,8,2084,11,18,8,2,6
62,55.52,10.97,87,24.5,30,36,0,975059,975232,CC,101,2086-08-13 17:00:00,2086-08-17 07:30:00,2086,8,13,17,2086,8,17,7,1,6
63,24.59,2.29,52,0,0,0,0,995082,995185,CC,101,2087-10-04 20:30:00,2087-10-07 00:00:00,2087,10,4,20,2087,10,7,0,3,6
64,46.435,4.46,44.5,0,0,30,0,1010431,1010519,CC,101,2088-08-19 15:00:00,2088-08-21 11:00:00,2088,8,19,15,2088,8,21,11,3,9
65,29.48,3.3,26.5,0,0,18,0,1027562,1027614,CC,101,2089-08-11 12:30:00,2089-08-12 14:30:00,2089,8,11,12,2089,8,12,14,3,3
66,41.145,3.49,47,0,0,18,0,1027684,1027777,CC,101,2089-08-14 01:30:00,2089-08-16 00:00:00,2089,8,14,1,2089,8,16,0,3,3
1_1,20.895,2.42,38.5,28,2,6,25.5,10226,10302,CC,102,2031-08-02 00:30:00,2031-08-03 14:30:00,2031,8,2,0,2031,8,3,14,1,9
2_1,32.415,5.62,27.5,26.5,1,0,0,10423,10477,CC,102,2031-08-06 03:00:00,2031-08-07 06:00:00,2031,8,6,3,2031,8,7,6,1,9
3_1,47.315,7.33,25,0,0,6,0,10823,10872,CC,102,2031-08-14 11:00:00,2031-08-15 11:30:00,2031,8,14,11,2031,8,15,11,1,9
4_1,96.785,3.33,82.5,0,0,0,0,31677,31841,CC,102,2032-10-21 22:00:00,2032-10-25 08:00:00,2032,10,21,22,2032,10,25,8,2,9
5_1,47.93,3.4,80.5,48.5,14,12,0,44817,44977,CC,102,2033-07-22 16:00:00,2033-07-26 00:00:00,2033,7,22,16,2033,7,26,0,2,8
6_1,27.03,4.21,78.5,0,0,0,0,60019,60175,CC,102,2034-06-04 09:00:00,2034-06-07 15:00:00,2034,6,4,9,2034,6,7,15,3,6
7_1,33.35,4.59,21.5,12.5,9,12,0,79571,79613,CC,102,2035-07-16 17:00:00,2035-07-17 14:00:00,2035,7,16,17,2035,7,17,14,2,8
8_1,28.48,2.6,53.5,0,0,54,0,97540,97646,CC,102,2036-07-25 01:30:00,2036-07-27 06:30:00,2036,7,25,1,2036,7,27,6,3,8
9_1,35.28,1.93,64.5,0,0,0,0,116023,116151,CC,102,2037-08-14 03:00:00,2037-08-16 19:00:00,2037,8,14,3,2037,8,16,19,2,1
10_1,25.27,1.39,47.5,0,0,0,0,134147,134241,CC,102,2038-08-26 17:00:00,2038-08-28 16:00:00,2038,8,26,17,2038,8,28,16,2,10
11_1,22.92,2.49,21,0,0,0,0,155047,155088,CC,102,2039-11-05 03:00:00,2039-11-05 23:30:00,2039,11,5,3,2039,11,5,23,1,2
12_1,64.23,2.26,127.5,4.5,98.5,0,0,167245,167499,CC,102,2040-07-16 06:00:00,2040-07-21 13:00:00,2040,7,16,6,2040,7,21,13,2,10
13_1,63.615,6.11,29,7,22,18,0,188068,188125,CC,102,2041-09-23 01:30:00,2041-09-24 06:00:00,2041,9,23,1,2041,9,24,6,3,1
14_1,87.535,2.93,122,0,0,0,0,203134,203377,CC,102,2042-08-02 22:30:00,2042-08-08 00:00:00,2042,8,2,22,2042,8,8,0,2,9
15_1,26.49,4.04,30,0,0,24,0,240011,240070,CC,102,2044-09-09 05:00:00,2044-09-10 10:30:00,2044,9,9,5,2044,9,10,10,3,7
16_1,38.41,4.16,30,0,0,24,0,240229,240288,CC,102,2044-09-13 18:00:00,2044-09-14 23:30:00,2044,9,13,18,2044,9,14,23,3,7
17_1,22.675,2.26,52.5,0,0,18,0,256928,257032,CC,102,2045-08-27 15:30:00,2045-08-29 19:30:00,2045,8,27,15,2045,8,29,19,2,6
18_1,55.02,2.47,109.5,0,18.5,18,0,257303,257521,CC,102,2045-09-04 11:00:00,2045-09-09 00:00:00,2045,9,4,11,2045,9,9,0,2,6
19_1,41.475,4.7,30.5,0,4,6,0,272414,272474,CC,102,2046-07-16 06:30:00,2046-07-17 12:30:00,2046,7,16,6,2046,7,17,12,3,9
20_1,26.72,5.78,76,19.5,49,12,0,290218,290369,CC,102,2047-07-22 04:30:00,2047-07-25 08:00:00,2047,7,22,4,2047,7,25,8,1,5
21_1,21.745,4.51,31.5,0,0,0,0,312937,312999,CC,102,2048-11-06 12:00:00,2048-11-07 19:00:00,2048,11,6,12,2048,11,7,19,3,5
22_1,28.91,2.39,35,22.5,12.5,0,0,313107,313176,CC,102,2048-11-10 01:00:00,2048-11-11 11:30:00,2048,11,10,1,2048,11,11,11,3,5
23_1,24.54,1.62,59,23,34.5,6,0,327857,327974,CC,102,2049-09-13 08:00:00,2049-09-15 18:30:00,2049,9,13,8,2049,9,15,18,3,8
24_1,42.925,4.01,35,5.5,18,18,0,346916,346985,CC,102,2050-10-15 09:30:00,2050-10-16 20:00:00,2050,10,15,9,2050,10,16,20,2,5
25_1,20.345,1.59,110,0,0,0,0,359046,359265,CC,102,2051-06-25 02:30:00,2051-06-29 16:00:00,2051,6,25,2,2051,6,29,16,2,6
26_1,65.645,1.86,126,0,0,0,0,359455,359706,CC,102,2051-07-03 15:00:00,2051-07-08 20:30:00,2051,7,3,15,2051,7,8,20,2,6
27_1,36.46,3.13,29,19.5,9.5,0,0,380882,380939,CC,102,2052-09-22 00:30:00,2052-09-23 05:00:00,2052,9,22,0,2052,9,23,5,3,6
28_1,39.45,5.46,43.5,14.5,29,6,0,395190,395276,CC,102,2053-07-17 02:30:00,2053-07-18 21:30:00,2053,7,17,2,2053,7,18,21,3,2
29_1,87.665,5.37,36.5,0,0,18,0,414962,415034,CC,102,2054-09-02 00:30:00,2054-09-03 12:30:00,2054,9,2,0,2054,9,3,12,2,2
30_1,45.96,2.97,61.5,31,30.5,0,0,430957,431079,CC,102,2055-08-01 06:00:00,2055-08-03 19:00:00,2055,8,1,6,2055,8,3,19,2,7
31_1,88.095,11.41,90,0,0,60,0,448642,448821,CC,102,2056-08-03 16:30:00,2056-08-07 10:00:00,2056,8,3,16,2056,8,7,10,1,9
32_1,39.265,3.04,45,26.5,18.5,12,0,466835,466924,CC,102,2057-08-17 17:00:00,2057-08-19 13:30:00,2057,8,17,17,2057,8,19,13,3,8
33_1,25.895,2.58,49,0,0,30,0,484389,484486,CC,102,2058-08-18 10:00:00,2058-08-20 10:30:00,2058,8,18,10,2058,8,20,10,2,9
34_1,33.855,4.26,24.5,0,0,24,0,484639,484687,CC,102,2058-08-23 15:00:00,2058-08-24 15:00:00,2058,8,23,15,2058,8,24,15,2,9
35_1,26.885,1.64,30,0,0,0,0,484730,484789,CC,102,2058-08-25 12:30:00,2058-08-26 18:00:00,2058,8,25,12,2058,8,26,18,2,9
36_1,20.055,2.46,39.5,0,0,36,0,501506,501584,CC,102,2059-08-10 00:30:00,2059-08-11 15:30:00,2059,8,10,0,2059,8,11,15,2,7
37_1,58.14,2.69,83,0,0,6,0,501967,502132,CC,102,2059-08-19 15:00:00,2059-08-23 01:30:00,2059,8,19,15,2059,8,23,1,2,7
38_1,36.475,5.23,19,0,0,18,0,520317,520354,CC,102,2060-09-04 22:00:00,2060-09-05 16:30:00,2060,9,4,22,2060,9,5,16,1,2
39_1,26.8,4.63,28.5,0,0,12,0,539189,539245,CC,102,2061-10-03 02:00:00,2061-10-04 06:00:00,2061,10,3,2,2061,10,4,6,1,1
40_1,33.43,2.82,59,0,11,18,0,553238,553355,CC,102,2062-07-22 18:30:00,2062-07-25 05:00:00,2062,7,22,18,2062,7,25,5,1,7
41_1,22.17,5.41,33.5,0,0,6,0,573702,573768,CC,102,2063-09-22 02:30:00,2063-09-23 11:30:00,2063,9,22,2,2063,9,23,11,1,6
42_1,21.765,7.17,17,0,0,6,0,585884,585917,CC,102,2064-06-01 21:30:00,2064-06-02 14:00:00,2064,6,1,21,2064,6,2,14,1,6
43_1,64.44,4.01,67,0,0,12,0,626432,626565,CC,102,2066-09-24 15:30:00,2066-09-27 10:00:00,2066,9,24,15,2066,9,27,10,3,10
44_1,40.425,6.42,57.5,14.5,23.5,30,0,642997,643111,CC,102,2067-09-04 18:00:00,2067-09-07 03:00:00,2067,9,4,18,2067,9,7,3,3,5
45_1,25.98,2.93,51,0,0,42,0,659739,659840,CC,102,2068-08-18 13:00:00,2068-08-20 15:30:00,2068,8,18,13,2068,8,20,15,2,3
46_1,35.97,3.4,35.5,0,0,18,0,660194,660264,CC,102,2068-08-28 00:30:00,2068-08-29 11:30:00,2068,8,28,0,2068,8,29,11,2,3
47_1,84.85,6.43,74,31,43,12,0,675586,675733,CC,102,2069-07-14 16:30:00,2069-07-17 18:00:00,2069,7,14,16,2069,7,17,18,2,9
48_1,51.21,3.57,74,43.5,30.5,6,0,693073,693220,CC,102,2070-07-14 00:00:00,2070-07-17 01:30:00,2070,7,14,0,2070,7,17,1,2,8
49_1,36.06,4.39,31,0,0,12,0,732731,732792,CC,102,2072-10-17 05:00:00,2072-10-18 11:30:00,2072,10,17,5,2072,10,18,11,3,2
50_1,20.54,1.44,39,0,0,0,0,744338,744415,CC,102,2073-06-16 00:30:00,2073-06-17 15:00:00,2073,6,16,0,2073,6,17,15,2,9
51_1,50.925,2.73,90.5,0,0,18,0,744809,744989,CC,102,2073-06-25 20:00:00,2073-06-29 14:00:00,2073,6,25,20,2073,6,29,14,2,9
52_1,108.57,8.69,42,4.5,25,6,0,767109,767192,CC,102,2074-10-03 10:00:00,2074-10-05 03:30:00,2074,10,3,10,2074,10,5,3,3,6
53_1,61.815,8.16,60,2.5,13,6,0,784733,784852,CC,102,2075-10-05 14:00:00,2075-10-08 01:30:00,2075,10,5,14,2075,10,8,1,1,6
54_1,28.24,2.02,92,15.5,53.5,30,0,800996,801179,CC,102,2076-09-08 09:30:00,2076-09-12 05:00:00,2076,9,8,9,2076,9,12,5,2,7
55_1,44.955,2.84,72,31,56,18,0,814741,814884,CC,102,2077-06-21 18:00:00,2077-06-24 17:30:00,2077,6,21,18,2077,6,24,17,2,8
56_1,25.07,2.95,141.5,0,0,0,0,839170,839452,CC,102,2078-11-12 16:30:00,2078-11-18 13:30:00,2078,11,12,16,2078,11,18,13,1,4
57_1,38.265,3.43,96.5,0,0,0,0,839497,839689,CC,102,2078-11-19 12:00:00,2078-11-23 12:00:00,2078,11,19,12,2078,11,23,12,1,4
58_1,63.185,4.23,113.5,18.5,95,0,0,851009,851235,CC,102,2079-07-17 08:00:00,2079-07-22 01:00:00,2079,7,17,8,2079,7,22,1,2,5
59_1,38.275,4.25,52,0,0,30,0,868695,868798,CC,102,2080-07-19 19:00:00,2080-07-21 22:30:00,2080,7,19,19,2080,7,21,22,1,1
60_1,26.595,2.68,60,0,1,24,0,887414,887533,CC,102,2081-08-13 18:30:00,2081-08-16 06:00:00,2081,8,13,18,2081,8,16,6,2,6
61_1,55.35,3.29,78.5,0,0,54,0,887594,887750,CC,102,2081-08-17 12:30:00,2081-08-20 18:30:00,2081,8,17,12,2081,8,20,18,2,6
62_1,41.395,4.64,38,6,32,6,0,922301,922376,CC,102,2083-08-10 14:00:00,2083-08-12 03:30:00,2083,8,10,14,2083,8,12,3,1,5
63_1,44.835,3.9,33.5,0,0,30,0,941437,941503,CC,102,2084-09-12 06:00:00,2084-09-13 15:00:00,2084,9,12,6,2084,9,13,15,3,7
64_1,43.525,5.2,45.5,33.5,12,12,0,956529,956619,CC,102,2085-07-23 16:00:00,2085-07-25 13:00:00,2085,7,23,16,2085,7,25,13,3,1
65_1,24.53,5.93,32.5,0,32.5,6,0,975041,975105,CC,102,2086-08-13 08:00:00,2086-08-14 16:00:00,2086,8,13,8,2086,8,14,16,3,6
66_1,63.73,4.98,33.5,0,21.5,30,0,975355,975421,CC,102,2086-08-19 21:00:00,2086-08-21 06:00:00,2086,8,19,21,2086,8,21,6,3,6
67,95.995,9.59,62,20,35.5,30,0,994104,994227,CC,102,2087-09-14 11:30:00,2087-09-17 01:00:00,2087,9,14,11,2087,9,17,1,2,8
68,53.96,6.4,57.5,0,25,30,0,1013764,1013878,CC,102,2088-10-28 01:30:00,2088-10-30 10:30:00,2088,10,28,1,2088,10,30,10,1,2
69,34.07,3.36,32.5,0,12,0,0,1026722,1026786,CC,102,2089-07-25 00:30:00,2089-07-26 08:30:00,2089,7,25,0,2089,7,26,8,1,6
70,35.825,5.39,22,0,0,0,0,1027327,1027370,CC,102,2089-08-06 15:00:00,2089-08-07 12:30:00,2089,8,6,15,2089,8,7,12,1,6
71,52.16,8.84,24.5,0,0,0,0,1045561,1045609,CC,102,2090-08-21 12:00:00,2090-08-22 12:00:00,2090,8,21,12,2090,8,22,12,1,6
1_2,45.21,5.68,37,16.5,20.5,-999,0,9924,9997,CC,103,2031-07-26 17:30:00,2031-07-28 06:00:00,2031,7,26,17,2031,7,28,6,1,6
2_2,63.085,10.71,21,19,12,-999,0,10074,10115,CC,103,2031-07-29 20:30:00,2031-07-30 17:00:00,2031,7,29,20,2031,7,30,17,1,6
3_2,65.51,3.73,85,19,45,-999,0,27625,27794,CC,103,2032-07-29 12:00:00,2032-08-02 00:30:00,2032,7,29,12,2032,8,2,0,2,9
4_2,33.1,1.84,103.5,0,0,-999,0,44906,45112,CC,103,2033-07-24 12:30:00,2033-07-28 19:30:00,2033,7,24,12,2033,7,28,19,2,1
5_2,25.41,2.44,42,0,0,-999,0,64501,64584,CC,103,2034-09-05 18:00:00,2034-09-07 11:30:00,2034,9,5,18,2034,9,7,11,3,3
6_2,35.295,2.88,57,14,61.5,-999,0,82301,82414,CC,103,2035-09-11 14:00:00,2035-09-13 22:30:00,2035,9,11,14,2035,9,13,22,3,1
7_2,109.99,5.43,86.5,0,0,-999,0,99142,99314,CC,103,2036-08-27 10:30:00,2036-08-31 00:30:00,2036,8,27,10,2036,8,31,0,2,6
8_2,28.61,4.08,56.5,0,0,-999,0,120295,120407,CC,103,2037-11-11 03:00:00,2037-11-13 11:00:00,2037,11,11,3,2037,11,13,11,3,2
9_2,29.175,3.35,74.5,0,0,-999,0,120786,120934,CC,103,2037-11-21 08:30:00,2037-11-24 10:30:00,2037,11,21,8,2037,11,24,10,3,2
10_2,44.01,2.97,70,0,0,-999,0,131826,131965,CC,103,2038-07-09 08:30:00,2038-07-12 06:00:00,2038,7,9,8,2038,7,12,6,2,1
11_2,39.775,3.17,60.5,0,0,-999,0,149811,149931,CC,103,2039-07-19 01:00:00,2039-07-21 13:00:00,2039,7,19,1,2039,7,21,13,2,7
12_2,33.78,3.98,31,0,23.5,-999,0,167456,167517,CC,103,2040-07-20 15:30:00,2040-07-21 22:00:00,2040,7,20,15,2040,7,21,22,2,1
13_2,27.115,1.25,63.5,23.5,40,-999,0,184960,185086,CC,103,2041-07-20 07:30:00,2041-07-22 22:30:00,2041,7,20,7,2041,7,22,22,2,6
14_2,33.345,4.88,39,0,23.5,-999,0,185154,185231,CC,103,2041-07-24 08:30:00,2041-07-25 23:00:00,2041,7,24,8,2041,7,25,23,2,6
15_2,82.785,6.08,77.5,10.5,54.5,-999,0,185261,185415,CC,103,2041-07-26 14:00:00,2041-07-29 19:00:00,2041,7,26,14,2041,7,29,19,2,6
16_2,68.33,10.64,38.5,0,0,-999,0,204652,204728,CC,103,2042-09-03 13:30:00,2042-09-05 03:30:00,2042,9,3,13,2042,9,5,3,1,1
17_2,109.87,6.47,76.5,15.5,36.5,-999,0,223268,223420,CC,103,2043-09-26 09:30:00,2043-09-29 13:30:00,2043,9,26,9,2043,9,29,13,2,9
18_2,43.055,5.41,36,15,21,-999,0,238166,238237,CC,103,2044-08-01 18:30:00,2044-08-03 06:00:00,2044,8,1,18,2044,8,3,6,1,9
19_2,371.79,6,261,0,28.5,-999,0,273896,274417,CC,103,2046-08-16 03:30:00,2046-08-27 00:00:00,2046,8,16,3,2046,8,27,0,2,3
20_2,80.055,8.57,50,21.5,22.5,-999,0,292492,292591,CC,103,2047-09-07 13:30:00,2047-09-09 15:00:00,2047,9,7,13,2047,9,9,15,1,6
21_2,24.23,3.53,35.5,0,35.5,-999,0,311330,311400,CC,103,2048-10-04 00:30:00,2048-10-05 11:30:00,2048,10,4,0,2048,10,5,11,3,8
22_2,37.435,3.03,45,24.5,20.5,-999,0,311856,311945,CC,103,2048-10-14 23:30:00,2048-10-16 20:00:00,2048,10,14,23,2048,10,16,20,3,8
23_2,136.515,10.07,120,0,50.5,-999,0,326901,327140,CC,103,2049-08-24 10:00:00,2049-08-29 09:30:00,2049,8,24,10,2049,8,29,9,2,6
24_2,23.15,2.43,66.5,0,0,-999,0,342965,343097,CC,103,2050-07-25 02:00:00,2050-07-27 20:00:00,2050,7,25,2,2050,7,27,20,1,3
25_2,42.38,3.6,109,3.5,55.5,-999,0,343348,343565,CC,103,2050-08-02 01:30:00,2050-08-06 14:00:00,2050,8,2,1,2050,8,6,14,1,3
26_2,22.15,1.93,74,0,0,-999,0,365494,365641,CC,103,2051-11-06 10:30:00,2051-11-09 12:00:00,2051,11,6,10,2051,11,9,12,3,4
27_2,24.375,4.73,30.5,0,0,-999,0,382434,382494,CC,103,2052-10-24 08:30:00,2052-10-25 14:30:00,2052,10,24,8,2052,10,25,14,1,2
28_2,55.685,2.51,69.5,27.5,23.5,-999,0,415521,415659,CC,103,2054-09-13 16:00:00,2054-09-16 13:00:00,2054,9,13,16,2054,9,16,13,2,9
29_2,53.445,6.72,40.5,36,4.5,-999,0,428841,428921,CC,103,2055-06-18 04:00:00,2055-06-19 20:00:00,2055,6,18,4,2055,6,19,20,3,8
30_2,40.17,2.92,43.5,32,11.5,-999,0,446264,446350,CC,103,2056-06-15 03:30:00,2056-06-16 22:30:00,2056,6,15,3,2056,6,16,22,3,6
31_2,42.12,5.49,35.5,24.5,11,-999,0,467137,467207,CC,103,2057-08-24 00:00:00,2057-08-25 11:00:00,2057,8,24,0,2057,8,25,11,1,9
32_2,43.69,2.18,79.5,18.5,40,-999,0,482933,483091,CC,103,2058-07-19 02:00:00,2058-07-22 09:00:00,2058,7,19,2,2058,7,22,9,2,6
33_2,24.425,2.84,68,0,0,-999,0,483235,483370,CC,103,2058-07-25 09:00:00,2058-07-28 04:30:00,2058,7,25,9,2058,7,28,4,2,6
34_2,70.88,4.82,66,44,21,-999,0,503881,504012,CC,103,2059-09-28 12:00:00,2059-10-01 05:30:00,2059,9,28,12,2059,10,1,5,2,8
35_2,25.5,4.55,28,1.5,23,-999,0,518701,518756,CC,103,2060-08-02 06:00:00,2060-08-03 09:30:00,2060,8,2,6,2060,8,3,9,3,8
36_2,22.385,3.97,33.5,0,0,-999,0,518977,519043,CC,103,2060-08-08 00:00:00,2060-08-09 09:00:00,2060,8,8,0,2060,8,9,9,3,8
37_2,43.855,4.71,69,0,0,-999,0,519175,519312,CC,103,2060-08-12 03:00:00,2060-08-14 23:30:00,2060,8,12,3,2060,8,14,23,3,8
38_2,102.72,8.11,112,85,21,-999,0,536850,537073,CC,103,2061-08-15 08:30:00,2061-08-20 00:00:00,2061,8,15,8,2061,8,20,0,3,8
39_2,51.67,2.68,68.5,48.5,20,-999,0,570228,570364,CC,103,2063-07-11 17:30:00,2063-07-14 13:30:00,2063,7,11,17,2063,7,14,13,2,6
40_2,98.875,8.93,90,70,20,-999,0,588039,588218,CC,103,2064-07-16 19:00:00,2064-07-20 12:30:00,2064,7,16,19,2064,7,20,12,3,8
41_2,32.75,4.15,110.5,0,0,-999,0,611061,611281,CC,103,2065-11-08 10:00:00,2065-11-13 00:00:00,2065,11,8,10,2065,11,13,0,1,8
42_2,28.535,6.46,33.5,0,0,-999,0,624948,625014,CC,103,2066-08-24 17:30:00,2066-08-26 02:30:00,2066,8,24,17,2066,8,26,2,1,8
43_2,22.84,1.33,62,0,4.5,-999,0,644292,644415,CC,103,2067-10-01 17:30:00,2067-10-04 07:00:00,2067,10,1,17,2067,10,4,7,1,6
44_2,71.085,7.21,40,0,20,-999,0,644537,644616,CC,103,2067-10-06 20:00:00,2067-10-08 11:30:00,2067,10,6,20,2067,10,8,11,1,6
45_2,92.955,3.28,138,0,0,-999,0,658783,659058,CC,103,2068-07-29 15:00:00,2068-08-04 08:30:00,2068,7,29,15,2068,8,4,8,2,1
46_2,45.61,3.14,56,37,19,-999,0,674314,674425,CC,103,2069-06-18 04:30:00,2069-06-20 12:00:00,2069,6,18,4,2069,6,20,12,2,6
47_2,89.565,9.98,60,14.5,23,-999,0,695082,695201,CC,103,2070-08-24 20:30:00,2070-08-27 08:00:00,2070,8,24,20,2070,8,27,8,1,6
48_2,74.18,4.36,90.5,32,33,-999,0,711796,711976,CC,103,2071-08-08 01:30:00,2071-08-11 19:30:00,2071,8,8,1,2071,8,11,19,2,9
49_2,63.995,9.79,28,12.5,15.5,-999,0,729359,729414,CC,103,2072-08-07 23:00:00,2072-08-09 02:30:00,2072,8,7,23,2072,8,9,2,3,2
50_2,61.945,4.41,70,58,12,-999,0,746022,746161,CC,103,2073-07-21 02:30:00,2073-07-24 00:00:00,2073,7,21,2,2073,7,24,0,3,9
51_2,38.43,2.78,45,0,0,-999,0,766185,766274,CC,103,2074-09-14 04:00:00,2074-09-16 00:30:00,2074,9,14,4,2074,9,16,0,1,8
52_2,52.275,5.81,49,23.5,25.5,-999,0,766437,766534,CC,103,2074-09-19 10:00:00,2074-09-21 10:30:00,2074,9,19,10,2074,9,21,10,1,8
53_2,71.065,4.41,102,0,0,-999,0,799825,800028,CC,103,2076-08-15 00:00:00,2076-08-19 05:30:00,2076,8,15,0,2076,8,19,5,3,9
54_2,32.08,2.08,53,0,0,-999,0,800046,800151,CC,103,2076-08-19 14:30:00,2076-08-21 19:00:00,2076,8,19,14,2076,8,21,19,3,9
55_2,68.88,4.55,39,0,37.5,-999,0,815920,815997,CC,103,2077-07-16 07:30:00,2077-07-17 22:00:00,2077,7,16,7,2077,7,17,22,3,7
56_2,76.14,4.71,83,0,0,-999,0,835464,835629,CC,103,2078-08-27 11:30:00,2078-08-30 22:00:00,2078,8,27,11,2078,8,30,22,2,1
57_2,23.885,2.2,53,0,0,-999,0,868190,868295,CC,103,2080-07-09 06:30:00,2080-07-11 11:00:00,2080,7,9,6,2080,7,11,11,3,4
58_2,22.925,1.89,61,35,26,-999,0,889730,889851,CC,103,2081-10-01 00:30:00,2081-10-03 13:00:00,2081,10,1,0,2081,10,3,13,1,9
59_2,42.93,4.45,51,21.5,27.5,-999,0,890261,890362,CC,103,2081-10-12 02:00:00,2081-10-14 04:30:00,2081,10,12,2,2081,10,14,4,1,9
60_2,52.835,6.9,57,23.5,28,-999,0,904690,904803,CC,103,2082-08-08 16:30:00,2082-08-11 01:00:00,2082,8,8,16,2082,8,11,1,3,10
61_2,57.55,4.59,36,0,29,-999,0,924207,924278,CC,103,2083-09-19 07:00:00,2083-09-20 18:30:00,2083,9,19,7,2083,9,20,18,3,2
62_2,42.33,6,31,6,23.5,-999,0,941533,941594,CC,103,2084-09-14 06:00:00,2084-09-15 12:30:00,2084,9,14,6,2084,9,15,12,1,8
63_2,43.095,8.84,26.5,22.5,4,-999,0,957450,957502,CC,103,2085-08-11 20:30:00,2085-08-12 22:30:00,2085,8,11,20,2085,8,12,22,1,9
64_2,40.705,1.53,68.5,6,59.5,-999,0,972831,972967,CC,103,2086-06-28 07:00:00,2086-07-01 03:00:00,2086,6,28,7,2086,7,1,3,2,10
65_2,70,3.52,84.5,0,0,-999,0,992172,992340,CC,103,2087-08-05 05:30:00,2087-08-08 17:30:00,2087,8,5,5,2087,8,8,17,2,3
66_2,34.13,2.05,119.5,0,0,-999,0,1014483,1014721,CC,103,2088-11-12 01:00:00,2088-11-17 00:00:00,2088,11,12,1,2088,11,17,0,2,9
67_1,24.935,1.13,61,0,0,-999,0,1025632,1025753,CC,103,2089-07-02 07:30:00,2089-07-04 20:00:00,2089,7,2,7,2089,7,4,20,2,7
68_1,75.14,4.46,84.5,0,0,-999,0,1045981,1046149,CC,103,2090-08-30 06:00:00,2090-09-02 18:00:00,2090,8,30,6,2090,9,2,18,2,6
1_3,29.485,2,36.5,0,28.5,-999,0,15328,15400,CC,104,2031-11-16 07:30:00,2031-11-17 19:30:00,2031,11,16,7,2031,11,17,19,2,6
2_3,28.91,1.15,169,0,13.5,-999,0,26594,26931,CC,104,2032-07-08 00:30:00,2032-07-15 01:00:00,2032,7,8,0,2032,7,15,1,2,6
3_3,45.465,2.15,157,0,89,-999,0,26999,27312,CC,104,2032-07-16 11:00:00,2032-07-22 23:30:00,2032,7,16,11,2032,7,22,23,2,6
4_3,39.665,4.01,53.5,0,11,-999,0,46292,46398,CC,104,2033-08-22 09:30:00,2033-08-24 14:30:00,2033,8,22,9,2033,8,24,14,1,7
5_3,56.2,6.5,46.5,0,0,-999,0,65202,65294,CC,104,2034-09-20 08:30:00,2034-09-22 06:30:00,2034,9,20,8,2034,9,22,6,3,1
6_3,31.725,2.74,40,0,0,-999,0,81186,81265,CC,104,2035-08-19 08:30:00,2035-08-21 00:00:00,2035,8,19,8,2035,8,21,0,2,10
7_3,64.24,3.26,47.5,35,12.5,-999,0,81486,81580,CC,104,2035-08-25 14:30:00,2035-08-27 13:30:00,2035,8,25,14,2035,8,27,13,2,10
8_3,32.695,4.15,34,0,0,-999,0,101730,101797,CC,104,2036-10-20 08:30:00,2036-10-21 18:00:00,2036,10,20,8,2036,10,21,18,1,1
9_3,38.05,5.67,25,13.5,11.5,-999,0,117990,118039,CC,104,2037-09-24 02:30:00,2037-09-25 03:00:00,2037,9,24,2,2037,9,25,3,1,8
10_3,35.3,10.14,28.5,0,0,-999,0,133370,133426,CC,104,2038-08-10 12:30:00,2038-08-11 16:30:00,2038,8,10,12,2038,8,11,16,2,1
11_3,33,2.67,24.5,0,0,-999,0,133505,133553,CC,104,2038-08-13 08:00:00,2038-08-14 08:00:00,2038,8,13,8,2038,8,14,8,2,1
12_3,64.535,2.55,93,0,0,-999,0,149053,149238,CC,104,2039-07-03 06:00:00,2039-07-07 02:30:00,2039,7,3,6,2039,7,7,2,2,9
13_3,61.625,5.98,68.5,1,19.5,-999,0,167241,167377,CC,104,2040-07-16 04:00:00,2040-07-19 00:00:00,2040,7,16,4,2040,7,19,0,3,2
14_3,26.65,2.72,97.5,0,0,-999,0,191064,191258,CC,104,2041-11-24 11:30:00,2041-11-28 12:30:00,2041,11,24,11,2041,11,28,12,3,7
15_3,21.155,3.9,30.5,0,0,-999,0,202183,202243,CC,104,2042-07-14 03:00:00,2042-07-15 09:00:00,2042,7,14,3,2042,7,15,9,1,8
16_3,63.065,7.95,58.5,0,21.5,-999,0,202542,202658,CC,104,2042-07-21 14:30:00,2042-07-24 00:30:00,2042,7,21,14,2042,7,24,0,1,8
17_3,39.79,9.61,39,0,0,-999,0,222713,222790,CC,104,2043-09-14 20:00:00,2043-09-16 10:30:00,2043,9,14,20,2043,9,16,10,1,2
18_3,24.765,1.89,37,0,0,-999,0,238867,238940,CC,104,2044-08-16 09:00:00,2044-08-17 21:30:00,2044,8,16,9,2044,8,17,21,2,3
19_3,31.375,2.81,71,0,0,-999,0,239289,239430,CC,104,2044-08-25 04:00:00,2044-08-28 02:30:00,2044,8,25,4,2044,8,28,2,2,3
20_3,72.245,6.67,46,0,14,-999,0,273789,273880,CC,104,2046-08-13 22:00:00,2046-08-15 19:30:00,2046,8,13,22,2046,8,15,19,3,6
21_3,44.48,4.78,37.5,0,0,-999,0,274184,274258,CC,104,2046-08-22 03:30:00,2046-08-23 16:30:00,2046,8,22,3,2046,8,23,16,3,6
22_3,83.655,5.77,60.5,0,2.5,-999,0,292852,292972,CC,104,2047-09-15 01:30:00,2047-09-17 13:30:00,2047,9,15,1,2047,9,17,13,2,9
23_3,38.24,3.52,39,12,27,-999,0,312000,312077,CC,104,2048-10-17 23:30:00,2048-10-19 14:00:00,2048,10,17,23,2048,10,19,14,3,9
24_3,46.18,3.61,50.5,0,0,-999,0,322648,322748,CC,104,2049-05-27 19:30:00,2049-05-29 21:30:00,2049,5,27,19,2049,5,29,21,3,6
25_3,26.395,1.26,69.5,0,0,-999,0,322934,323072,CC,104,2049-06-02 18:30:00,2049-06-05 15:30:00,2049,6,2,18,2049,6,5,15,3,6
26_3,26.655,5.19,39,0,0,-999,0,344977,345054,CC,104,2050-09-05 00:00:00,2050-09-06 14:30:00,2050,9,5,0,2050,9,6,14,3,1
27_3,40.145,3.75,26.5,0,0,-999,0,345404,345456,CC,104,2050-09-13 21:30:00,2050-09-14 23:30:00,2050,9,13,21,2050,9,14,23,3,1
28_3,63.05,4.22,72,36.5,35.5,-999,0,361177,361320,CC,104,2051-08-08 12:00:00,2051-08-11 11:30:00,2051,8,8,12,2051,8,11,11,3,8
29_3,75.325,11,37,27,10,-999,0,379101,379174,CC,104,2052-08-15 22:00:00,2052-08-17 10:30:00,2052,8,15,22,2052,8,17,10,1,8
30_3,42.325,2.78,56.5,0,0,-999,0,397174,397286,CC,104,2053-08-27 10:30:00,2053-08-29 18:30:00,2053,8,27,10,2053,8,29,18,2,7
31_3,74.2,4.63,72,0,0,-999,0,415724,415867,CC,104,2054-09-17 21:30:00,2054-09-20 21:00:00,2054,9,17,21,2054,9,20,21,2,6
32_3,41.525,6.26,48.5,28.5,20,-999,0,431252,431348,CC,104,2055-08-07 09:30:00,2055-08-09 09:30:00,2055,8,7,9,2055,8,9,9,1,5
33_3,29.935,3.66,117.5,0,0,-999,0,454135,454369,CC,104,2056-11-26 03:00:00,2056-12-01 00:00:00,2056,11,26,3,2056,12,1,0,1,6
34_3,39.1,2.09,57.5,0,0,-999,0,464404,464518,CC,104,2057-06-28 01:30:00,2057-06-30 10:30:00,2057,6,28,1,2057,6,30,10,2,1
35_3,77.94,3.8,55.5,0,0,-999,0,485929,486039,CC,104,2058-09-19 12:00:00,2058-09-21 19:00:00,2058,9,19,12,2058,9,21,19,2,7
36_3,23.28,1.85,31,0,0,-999,0,503794,503855,CC,104,2059-09-26 16:30:00,2059-09-27 23:00:00,2059,9,26,16,2059,9,27,23,2,2
37_3,47.34,5.07,54.5,1.5,53,-999,0,520034,520142,CC,104,2060-08-30 00:30:00,2060-09-01 06:30:00,2060,8,30,0,2060,9,1,6,3,9
38_3,65.135,8.51,41,0,0,-999,0,520564,520645,CC,104,2060-09-10 01:30:00,2060-09-11 18:00:00,2060,9,10,1,2060,9,11,18,3,9
39_3,39.875,7.29,27.5,19,8.5,-999,0,536406,536460,CC,104,2061-08-06 02:30:00,2061-08-07 05:30:00,2061,8,6,2,2061,8,7,5,1,2
40_3,46.49,4.8,48,0,0,-999,0,555398,555493,CC,104,2062-09-05 18:30:00,2062-09-07 18:00:00,2062,9,5,18,2062,9,7,18,3,9
41_3,49.065,3.25,127.5,0,21.5,-999,0,570547,570801,CC,104,2063-07-18 09:00:00,2063-07-23 16:00:00,2063,7,18,9,2063,7,23,16,2,2
42_3,22.965,3.6,24,0,2.5,-999,0,588194,588241,CC,104,2064-07-20 00:30:00,2064-07-21 00:00:00,2064,7,20,0,2064,7,21,0,3,5
43_3,63.4,5.71,52.5,37,15.5,-999,0,588738,588842,CC,104,2064-07-31 08:30:00,2064-08-02 12:30:00,2064,7,31,8,2064,8,2,12,3,5
44_3,32.18,0.97,121.5,0,0,-999,0,629231,629473,CC,104,2066-11-21 23:00:00,2066-11-27 00:00:00,2066,11,21,23,2066,11,27,0,2,8
45_3,27.6,4.3,33.5,0,0,-999,0,640696,640762,CC,104,2067-07-18 19:30:00,2067-07-20 04:30:00,2067,7,18,19,2067,7,20,4,1,7
46_3,54.48,5.78,68.5,0,0,-999,0,641080,641216,CC,104,2067-07-26 19:30:00,2067-07-29 15:30:00,2067,7,26,19,2067,7,29,15,1,7
47_3,22.575,2.06,45,0,0,-999,0,663842,663931,CC,104,2068-11-12 00:30:00,2068-11-13 21:00:00,2068,11,12,0,2068,11,13,21,3,4
48_3,56.715,6.74,37.5,0,0,-999,0,695222,695296,CC,104,2070-08-27 18:30:00,2070-08-29 07:30:00,2070,8,27,18,2070,8,29,7,1,6
49_3,37.735,6.37,45,0,0,-999,0,709175,709264,CC,104,2071-06-14 11:00:00,2071-06-16 07:30:00,2071,6,14,11,2071,6,16,7,1,2
50_3,37.095,3.08,31,0,0,-999,0,730966,731027,CC,104,2072-09-10 10:30:00,2072-09-11 17:00:00,2072,9,10,10,2072,9,11,17,3,6
51_3,27.255,2.96,27,1,26,-999,0,747703,747756,CC,104,2073-08-25 03:00:00,2073-08-26 05:30:00,2073,8,25,3,2073,8,26,5,2,9
52_3,45.82,1.97,68.5,48.5,20,-999,0,747812,747948,CC,104,2073-08-27 09:30:00,2073-08-30 05:30:00,2073,8,27,9,2073,8,30,5,2,9
53_3,104.255,7.13,38,10.5,27.5,-999,0,765925,766000,CC,104,2074-09-08 18:00:00,2074-09-10 07:30:00,2074,9,8,18,2074,9,10,7,2,1
54_3,32.63,5.16,26,0,0,-999,0,780513,780564,CC,104,2075-07-09 16:00:00,2075-07-10 17:30:00,2075,7,9,16,2075,7,10,17,1,6
55_3,20.14,4.05,31,0,0,-999,0,802087,802148,CC,104,2076-10-01 03:00:00,2076-10-02 09:30:00,2076,10,1,3,2076,10,2,9,2,9
56_3,29.17,1.68,71,19,23,-999,0,802284,802425,CC,104,2076-10-05 05:30:00,2076-10-08 04:00:00,2076,10,5,5,2076,10,8,4,2,9
57_3,34.565,3.9,76.5,0,8.5,-999,0,821023,821175,CC,104,2077-10-30 15:00:00,2077-11-02 19:00:00,2077,10,30,15,2077,11,2,19,1,8
58_3,46.445,2.8,118.5,0,0,-999,0,836967,837203,CC,104,2078-09-27 19:00:00,2078-10-02 17:00:00,2078,9,27,19,2078,10,2,17,1,7
59_3,21.17,2.85,39.5,0,0,-999,0,856310,856388,CC,104,2079-11-04 18:30:00,2079-11-06 09:30:00,2079,11,4,18,2079,11,6,9,3,4
60_3,24.61,3.1,21.5,0,0,-999,0,867938,867980,CC,104,2080-07-04 00:30:00,2080-07-04 21:30:00,2080,7,4,0,2080,7,4,21,3,5
61_3,70.795,3.84,63.5,24,34,-999,0,887677,887803,CC,104,2081-08-19 06:00:00,2081-08-21 21:00:00,2081,8,19,6,2081,8,21,21,2,2
62_3,65.87,3.77,66,29,26,-999,0,906159,906290,CC,104,2082-09-08 07:00:00,2082-09-11 00:30:00,2082,9,8,7,2082,9,11,0,2,9
63_3,45.58,7.65,38,16,19.5,-999,0,923653,923728,CC,104,2083-09-07 18:00:00,2083-09-09 07:30:00,2083,9,7,18,2083,9,9,7,1,8
64_3,23.74,2.49,61,0,2,-999,0,938542,938663,CC,104,2084-07-13 22:30:00,2084-07-16 11:00:00,2084,7,13,22,2084,7,16,11,2,5
65_3,71.43,9.91,78,44.5,31,-999,0,956996,957151,CC,104,2085-08-02 09:30:00,2085-08-05 15:00:00,2085,8,2,9,2085,8,5,15,1,2
66_3,47.265,3.47,88.5,0,2,-999,0,975616,975792,CC,104,2086-08-25 07:30:00,2086-08-28 23:30:00,2086,8,25,7,2086,8,28,23,2,1
67_2,94.53,6.42,83.5,59.5,24,-999,0,991952,992118,CC,104,2087-07-31 15:30:00,2087-08-04 02:30:00,2087,7,31,15,2087,8,4,2,2,9
68_2,20.125,2.18,56.5,0,16.5,-999,0,1014409,1014521,CC,104,2088-11-10 12:00:00,2088-11-12 20:00:00,2088,11,10,12,2088,11,12,20,1,4
69_1,68.055,6.17,81.5,22.5,26,-999,0,1027877,1028039,CC,104,2089-08-18 02:00:00,2089-08-21 11:00:00,2089,8,18,2,2089,8,21,11,3,2
70_1,36.075,3.94,56.5,0,0,-999,0,1049141,1049253,CC,104,2090-11-04 02:00:00,2090-11-06 10:00:00,2090,11,4,2,2090,11,6,10,3,8
1_4,56.33,2.25,80,0,0,-999,0,15252,15411,CC,105,2031-11-14 17:30:00,2031-11-18 01:00:00,2031,11,14,17,2031,11,18,1,2,8
2_4,33.79,4.35,81.5,0,0,-999,0,33104,33266,CC,105,2032-11-20 15:30:00,2032-11-24 00:30:00,2032,11,20,15,2032,11,24,0,1,8
3_4,82.04,7.82,85,13,21.5,-999,0,46766,46935,CC,105,2033-09-01 06:30:00,2033-09-04 19:00:00,2033,9,1,6,2033,9,4,19,2,6
4_4,23.31,3.66,40,0,0,-999,0,62492,62571,CC,105,2034-07-25 21:30:00,2034-07-27 13:00:00,2034,7,25,21,2034,7,27,13,1,1
5_4,46.035,6.52,34.5,0,0,-999,0,83408,83476,CC,105,2035-10-04 15:30:00,2035-10-06 01:30:00,2035,10,4,15,2035,10,6,1,1,6
6_4,61.475,4.63,97,0,44.5,-999,0,100539,100732,CC,105,2036-09-25 13:00:00,2036-09-29 13:30:00,2036,9,25,13,2036,9,29,13,2,5
7_4,22.39,3.47,21,0,21,-999,0,114743,114784,CC,105,2037-07-18 11:00:00,2037-07-19 07:30:00,2037,7,18,11,2037,7,19,7,1,5
8_4,24.035,3.93,78,0,0,-999,0,138544,138699,CC,105,2038-11-26 07:30:00,2038-11-29 13:00:00,2038,11,26,7,2038,11,29,13,1,2
9_4,51.895,2.84,85.5,0,0,-999,0,147690,147860,CC,105,2039-06-04 20:30:00,2039-06-08 09:30:00,2039,6,4,20,2039,6,8,9,2,9
10_4,59.345,5.45,126,0,0,-999,0,190454,190705,CC,105,2041-11-11 18:30:00,2041-11-17 00:00:00,2041,11,11,18,2041,11,17,0,3,2
11_4,45.71,9.29,32.5,0,23,-999,0,203986,204050,CC,105,2042-08-20 16:30:00,2042-08-22 00:30:00,2042,8,20,16,2042,8,22,0,1,10
12_4,51.82,2.42,113.5,15.5,96,-999,0,221007,221233,CC,105,2043-08-10 07:00:00,2043-08-15 00:00:00,2043,8,10,7,2043,8,15,0,2,6
13_4,69.57,3.9,44.5,2,62,-999,0,240057,240145,CC,105,2044-09-10 04:00:00,2044-09-12 00:00:00,2044,9,10,4,2044,9,12,0,2,8
14_4,35.5,5.86,33.5,0,0,-999,0,274431,274497,CC,105,2046-08-27 07:00:00,2046-08-28 16:00:00,2046,8,27,7,2046,8,28,16,1,6
15_4,29.09,3.88,57.5,0,0,-999,0,288147,288261,CC,105,2047-06-09 01:00:00,2047-06-11 10:00:00,2047,6,9,1,2047,6,11,10,2,9
16_4,78.78,3.73,81,0,0,-999,0,288304,288465,CC,105,2047-06-12 07:30:00,2047-06-15 16:00:00,2047,6,12,7,2047,6,15,16,2,9
17_4,20.35,1.38,56,0,0,-999,0,306568,306679,CC,105,2048-06-26 19:30:00,2048-06-29 03:00:00,2048,6,26,19,2048,6,29,3,2,10
18_4,79.015,4.87,74.5,46,11.5,-999,0,327427,327575,CC,105,2049-09-04 09:00:00,2049-09-07 11:00:00,2049,9,4,9,2049,9,7,11,2,9
19_4,50.65,6.47,17.5,0,0,-999,0,344790,344824,CC,105,2050-09-01 02:30:00,2050-09-01 19:30:00,2050,9,1,2,2050,9,1,19,1,2
20_4,44.725,3.18,46.5,28,18.5,-999,0,362632,362724,CC,105,2051-09-07 19:30:00,2051-09-09 17:30:00,2051,9,7,19,2051,9,9,17,3,9
21_4,31.755,3.28,52.5,0,0,-999,0,377689,377793,CC,105,2052-07-17 12:00:00,2052-07-19 16:00:00,2052,7,17,12,2052,7,19,16,2,3
22_4,45.115,3.83,44.5,29.5,15,-999,0,396891,396979,CC,105,2053-08-21 13:00:00,2053-08-23 09:00:00,2053,8,21,13,2053,8,23,9,3,9
23_4,34.05,2.3,91.5,13.5,43,-999,0,416460,416642,CC,105,2054-10-03 05:30:00,2054-10-07 00:30:00,2054,10,3,5,2054,10,7,0,2,8
24_4,40.63,4,22.5,0,0,-999,0,434038,434082,CC,105,2055-10-04 10:30:00,2055-10-05 08:30:00,2055,10,4,10,2055,10,5,8,2,5
25_4,27.89,6.22,11.5,3.5,8,-999,0,434165,434187,CC,105,2055-10-07 02:00:00,2055-10-07 13:00:00,2055,10,7,2,2055,10,7,13,2,5
26_4,46.76,5.07,84,0,0,-999,0,453275,453442,CC,105,2056-11-08 05:00:00,2056-11-11 16:30:00,2056,11,8,5,2056,11,11,16,3,9
27_4,82.395,8.04,124,16,49,-999,0,465978,466225,CC,105,2057-07-30 20:30:00,2057-08-05 00:00:00,2057,7,30,20,2057,8,5,0,3,7
28_4,28.605,2.76,25.5,0,0,-999,0,484562,484612,CC,105,2058-08-22 00:30:00,2058-08-23 01:30:00,2058,8,22,0,2058,8,23,1,3,6
29_4,30.195,3.8,20.5,0,0,-999,0,484866,484906,CC,105,2058-08-28 08:30:00,2058-08-29 04:30:00,2058,8,28,8,2058,8,29,4,3,6
30_4,26.46,2.62,24.5,18,6.5,-999,0,521643,521691,CC,105,2060-10-02 13:00:00,2060-10-03 13:00:00,2060,10,2,13,2060,10,3,13,3,9
31_4,51.005,5.02,68.5,0,23.5,-999,0,538447,538583,CC,105,2061-09-17 15:00:00,2061-09-20 11:00:00,2061,9,17,15,2061,9,20,11,1,1
32_4,49.685,3.04,61.5,0,0,-999,0,555030,555152,CC,105,2062-08-29 02:30:00,2062-08-31 15:30:00,2062,8,29,2,2062,8,31,15,2,2
33_4,54.185,6.46,40,0,0,-999,0,573408,573487,CC,105,2063-09-15 23:30:00,2063-09-17 15:00:00,2063,9,15,23,2063,9,17,15,3,9
34_4,28.355,3.05,48.5,0,4,-999,0,588997,589093,CC,105,2064-08-05 18:00:00,2064-08-07 18:00:00,2064,8,5,18,2064,8,7,18,3,7
35_4,63.275,6.25,94,44,33.5,-999,0,605571,605758,CC,105,2065-07-17 01:00:00,2065-07-20 22:30:00,2065,7,17,1,2065,7,20,22,3,8
36_4,39.71,1.57,83,16.5,51.5,-999,0,624299,624464,CC,105,2066-08-11 05:00:00,2066-08-14 15:30:00,2066,8,11,5,2066,8,14,15,2,8
37_4,21.21,3.23,36,0,0,-999,0,641694,641765,CC,105,2067-08-08 14:30:00,2067-08-10 02:00:00,2067,8,8,14,2067,8,10,2,3,10
38_4,71.585,6.89,52,15,37,-999,0,641849,641952,CC,105,2067-08-11 20:00:00,2067-08-13 23:30:00,2067,8,11,20,2067,8,13,23,3,10
39_4,49.69,5.18,85.5,33,52.5,-999,0,695270,695440,CC,105,2070-08-28 18:30:00,2070-09-01 07:30:00,2070,8,28,18,2070,9,1,7,2,6
40_4,63.28,5.14,43,1.5,37,-999,0,695632,695717,CC,105,2070-09-05 07:30:00,2070-09-07 02:00:00,2070,9,5,7,2070,9,7,2,2,6
41_4,33.365,4.82,28,0,0,-999,0,711931,711986,CC,105,2071-08-10 21:00:00,2071-08-12 00:30:00,2071,8,10,21,2071,8,12,0,1,8
42_4,20.36,4.25,27.5,0,0,-999,0,712075,712129,CC,105,2071-08-13 21:00:00,2071-08-15 00:00:00,2071,8,13,21,2071,8,15,0,1,8
43_4,27.855,4.12,35.5,0,0,-999,0,733754,733824,CC,105,2072-11-07 12:30:00,2072-11-08 23:30:00,2072,11,7,12,2072,11,8,23,1,2
44_4,36.13,3.99,88,0,0,-999,0,763518,763693,CC,105,2074-07-20 14:30:00,2074-07-24 06:00:00,2074,7,20,14,2074,7,24,6,2,8
45_4,21.89,2.2,43,0,0,-999,0,781251,781336,CC,105,2075-07-25 01:00:00,2075-07-26 19:30:00,2075,7,25,1,2075,7,26,19,3,8
46_4,46.69,4.75,52.5,26.5,26,-999,0,781579,781683,CC,105,2075-07-31 21:00:00,2075-08-03 01:00:00,2075,7,31,21,2075,8,3,1,3,8
47_4,32.585,5.19,35.5,0,0,-999,0,798295,798365,CC,105,2076-07-14 03:00:00,2076-07-15 14:00:00,2076,7,14,3,2076,7,15,14,1,2
48_4,44.61,3.48,42,33.5,19.5,-999,0,819671,819754,CC,105,2077-10-02 11:00:00,2077-10-04 04:30:00,2077,10,2,11,2077,10,4,4,3,9
49_4,39.265,2.61,45.5,0,0,-999,0,836402,836492,CC,105,2078-09-16 00:30:00,2078-09-17 21:30:00,2078,9,16,0,2078,9,17,21,3,5
50_4,30.375,5.23,18.5,0,0,-999,0,836686,836722,CC,105,2078-09-21 22:30:00,2078-09-22 16:30:00,2078,9,21,22,2078,9,22,16,3,5
51_4,37.095,4.23,47.5,0,0,-999,0,855139,855233,CC,105,2079-10-11 09:00:00,2079-10-13 08:00:00,2079,10,11,9,2079,10,13,8,1,6
52_4,39.465,4.09,61.5,0,0,-999,0,872817,872939,CC,105,2080-10-13 16:00:00,2080-10-16 05:00:00,2080,10,13,16,2080,10,16,5,3,7
53_4,53.525,6.96,54,2.5,7,-999,0,888919,889026,CC,105,2081-09-14 03:00:00,2081-09-16 08:30:00,2081,9,14,3,2081,9,16,8,1,2
54_4,25.01,1.56,83,0,0,-999,0,906144,906309,CC,105,2082-09-07 23:30:00,2082-09-11 10:00:00,2082,9,7,23,2082,9,11,10,2,9
55_4,144.515,5.91,132.5,32,56,-999,0,906457,906721,CC,105,2082-09-14 12:00:00,2082-09-20 00:00:00,2082,9,14,12,2082,9,20,0,2,9
56_4,80.04,7.78,85.5,20,36.5,-999,0,923857,924027,CC,105,2083-09-12 00:00:00,2083-09-15 13:00:00,2083,9,12,0,2083,9,15,13,3,8
57_4,36.52,3.84,38,20.5,17.5,-999,0,938604,938679,CC,105,2084-07-15 05:30:00,2084-07-16 19:00:00,2084,7,15,5,2084,7,16,19,3,1
58_4,49.755,6.26,30,0,0,-999,0,976989,977048,CC,105,2086-09-22 22:00:00,2086-09-24 03:30:00,2086,9,22,22,2086,9,24,3,2,9
59_4,76.425,6.2,61.5,34,27.5,-999,0,977089,977211,CC,105,2086-09-25 00:00:00,2086-09-27 13:00:00,2086,9,25,0,2086,9,27,13,2,9
60_4,28.545,1.91,64,0,0,-999,0,996371,996498,CC,105,2087-10-31 17:00:00,2087-11-03 08:30:00,2087,10,31,17,2087,11,3,8,2,4
61_4,94.16,4.53,208.5,0,0,-999,0,1009618,1010034,CC,105,2088-08-02 16:30:00,2088-08-11 08:30:00,2088,8,2,16,2088,8,11,8,2,6
62_4,53.075,5.87,63.5,44,19.5,-999,0,1028281,1028407,CC,105,2089-08-26 12:00:00,2089-08-29 03:00:00,2089,8,26,12,2089,8,29,3,3,9
1_5,104.67,4.37,86,12.5,48,-999,0,30479,30650,CC,106,2032-09-26 23:00:00,2032-09-30 12:30:00,2032,9,26,23,2032,9,30,12,2,7
2_5,71.65,10.33,32,0,0,-999,0,62694,62757,CC,106,2034-07-30 02:30:00,2034-07-31 10:00:00,2034,7,30,2,2034,7,31,10,1,1
3_5,31.135,4.3,46.5,0,0,-999,0,82901,82993,CC,106,2035-09-24 02:00:00,2035-09-26 00:00:00,2035,9,24,2,2035,9,26,0,1,1
4_5,32.745,8.07,17.5,17.5,0,-999,0,96850,96884,CC,106,2036-07-10 16:30:00,2036-07-11 09:30:00,2036,7,10,16,2036,7,11,9,1,9
5_5,31.465,3.98,101.5,0,24.5,-999,0,120853,121055,CC,106,2037-11-22 18:00:00,2037-11-26 23:00:00,2037,11,22,18,2037,11,26,23,1,8
6_5,39.96,2.07,62,0,0,-999,0,135766,135889,CC,106,2038-09-29 10:30:00,2038-10-02 00:00:00,2038,9,29,10,2038,10,2,0,2,6
7_5,26.04,7.5,17.5,0,0,-999,0,151115,151149,CC,106,2039-08-15 05:00:00,2039-08-15 22:00:00,2039,8,15,5,2039,8,15,22,1,10
8_5,20.865,1.83,32,0,0,-999,0,169374,169437,CC,106,2040-08-29 14:30:00,2040-08-30 22:00:00,2040,8,29,14,2040,8,30,22,3,6
9_5,49.47,2.4,61.5,0,0,-999,0,185101,185223,CC,106,2041-07-23 06:00:00,2041-07-25 19:00:00,2041,7,23,6,2041,7,25,19,2,6
10_5,69.065,4.58,67.5,18.5,28.5,-999,0,203891,204025,CC,106,2042-08-18 17:00:00,2042-08-21 12:00:00,2042,8,18,17,2042,8,21,12,2,2
11_5,31.705,2.34,54.5,0,0,-999,0,221397,221505,CC,106,2043-08-18 10:00:00,2043-08-20 16:00:00,2043,8,18,10,2043,8,20,16,2,3
12_5,53.63,2.58,63,0,0,-999,0,237269,237394,CC,106,2044-07-14 02:00:00,2044-07-16 16:30:00,2044,7,14,2,2044,7,16,16,2,6
13_5,39.685,7.6,40.5,18,22.5,-999,0,257176,257256,CC,106,2045-09-01 19:30:00,2045-09-03 11:30:00,2045,9,1,19,2045,9,3,11,1,8
14_5,30.185,3.44,68,13.5,68.5,-999,0,274126,274261,CC,106,2046-08-20 22:30:00,2046-08-23 18:00:00,2046,8,20,22,2046,8,23,18,2,6
15_5,83.345,3.84,87,6.5,57,-999,0,274580,274753,CC,106,2046-08-30 09:30:00,2046-09-03 00:00:00,2046,8,30,9,2046,9,3,0,2,6
16_5,60.435,10.82,31,18,13,-999,0,292115,292176,CC,106,2047-08-30 17:00:00,2047-08-31 23:30:00,2047,8,30,17,2047,8,31,23,1,2
17_5,161.375,4.46,101,86.5,14.5,-999,0,309193,309394,CC,106,2048-08-20 12:00:00,2048-08-24 16:30:00,2048,8,20,12,2048,8,24,16,2,10
18_5,49.59,1.95,103.5,35.5,68,-999,0,328852,329058,CC,106,2049-10-04 01:30:00,2049-10-08 08:30:00,2049,10,4,1,2049,10,8,8,2,9
19_5,84.13,5.12,82.5,22.5,59,-999,0,345291,345455,CC,106,2050-09-11 13:00:00,2050-09-14 23:00:00,2050,9,11,13,2050,9,14,23,2,10
20_5,38.195,3.15,94.5,0,0,-999,0,365129,365317,CC,106,2051-10-29 20:00:00,2051-11-02 18:00:00,2051,10,29,20,2051,11,2,18,3,8
21_5,54.035,4.03,120,0,0,-999,0,365330,365569,CC,106,2051-11-03 00:30:00,2051-11-08 00:00:00,2051,11,3,0,2051,11,8,0,3,8
22_5,30.25,1.86,71.5,23.5,39.5,-999,0,382528,382670,CC,106,2052-10-26 07:30:00,2052-10-29 06:30:00,2052,10,26,7,2052,10,29,6,2,9
23_5,32.795,3.16,41.5,0,0,-999,0,399298,399380,CC,106,2053-10-10 16:30:00,2053-10-12 09:30:00,2053,10,10,16,2053,10,12,9,1,5
24_5,90.645,2.17,133.5,0,0,-999,0,412489,412755,CC,106,2054-07-12 12:00:00,2054-07-18 01:00:00,2054,7,12,12,2054,7,18,1,2,7
25_5,25.495,2.58,22.5,0,0,-999,0,434768,434812,CC,106,2055-10-19 15:30:00,2055-10-20 13:30:00,2055,10,19,15,2055,10,20,13,2,6
26_5,34.995,4.05,22,14,8,-999,0,435035,435078,CC,106,2055-10-25 05:00:00,2055-10-26 02:30:00,2055,10,25,5,2055,10,26,2,2,6
27_5,30.685,3.42,24.5,0,0,-999,0,449343,449391,CC,106,2056-08-18 07:00:00,2056-08-19 07:00:00,2056,8,18,7,2056,8,19,7,3,6
28_5,64.335,6.05,78.5,0,0,-999,0,449717,449873,CC,106,2056-08-26 02:00:00,2056-08-29 08:00:00,2056,8,26,2,2056,8,29,8,3,6
29_5,59.125,2.65,105,0,0,-999,0,467848,468057,CC,106,2057-09-07 19:30:00,2057-09-12 04:00:00,2057,9,7,19,2057,9,12,4,2,5
30_5,23.44,3.89,12.5,0,0,-999,0,468075,468099,CC,106,2057-09-12 13:00:00,2057-09-13 01:00:00,2057,9,12,13,2057,9,13,1,2,5
31_5,50.165,3.26,75.5,0,0,-999,0,483270,483420,CC,106,2058-07-26 02:30:00,2058-07-29 05:30:00,2058,7,26,2,2058,7,29,5,2,7
32_5,21.745,3.94,44,6.5,18,-999,0,503146,503233,CC,106,2059-09-13 04:30:00,2059-09-15 00:00:00,2059,9,13,4,2059,9,15,0,2,5
33_5,42.1,4.24,58.5,0,24,-999,0,503581,503697,CC,106,2059-09-22 06:00:00,2059-09-24 16:00:00,2059,9,22,6,2059,9,24,16,2,5
34_5,47.565,6.07,36,16,20,-999,0,519432,519503,CC,106,2060-08-17 11:30:00,2060-08-18 23:00:00,2060,8,17,11,2060,8,18,23,2,5
35_5,39.575,2.56,84,0,0,-999,0,557980,558147,CC,106,2062-10-29 13:30:00,2062-11-02 01:00:00,2062,10,29,13,2062,11,2,1,3,8
36_5,43.8,6.13,51.5,0,0,-999,0,568649,568751,CC,106,2063-06-08 20:00:00,2063-06-10 23:00:00,2063,6,8,20,2063,6,10,23,1,7
37_5,116.045,5.57,98,0.5,20,-999,0,592318,592513,CC,106,2064-10-13 22:30:00,2064-10-18 00:00:00,2064,10,13,22,2064,10,18,0,2,8
38_5,22.185,2.09,34,0,0,-999,0,607424,607491,CC,106,2065-08-24 15:30:00,2065-08-26 01:00:00,2065,8,24,15,2065,8,26,1,3,9
39_5,61.055,8.44,37,0,0,-999,0,607701,607774,CC,106,2065-08-30 10:00:00,2065-08-31 22:30:00,2065,8,30,10,2065,8,31,22,3,9
40_5,76.45,3.97,65.5,0,0,-999,0,644205,644335,CC,106,2067-09-29 22:00:00,2067-10-02 15:00:00,2067,9,29,22,2067,10,2,15,2,8
41_5,61.47,3.33,82,0,0,-999,0,658184,658347,CC,106,2068-07-17 03:30:00,2068-07-20 13:00:00,2068,7,17,3,2068,7,20,13,2,2
42_5,34.955,6.46,48.5,0,0,-999,0,676311,676407,CC,106,2069-07-29 19:00:00,2069-07-31 19:00:00,2069,7,29,19,2069,7,31,19,1,6
43_5,51.955,8.69,32.5,14,18.5,-999,0,695105,695169,CC,106,2070-08-25 08:00:00,2070-08-26 16:00:00,2070,8,25,8,2070,8,26,16,1,6
44_5,31.03,2.4,34,11,17.5,-999,0,713969,714036,CC,106,2071-09-22 08:00:00,2071-09-23 17:30:00,2071,9,22,8,2071,9,23,17,3,6
45_5,47.525,3.28,51.5,0,51.5,-999,0,729552,729654,CC,106,2072-08-11 23:30:00,2072-08-14 02:30:00,2072,8,11,23,2072,8,14,2,3,2
46_5,27.65,2.43,48.5,0,0,-999,0,744621,744717,CC,106,2073-06-21 22:00:00,2073-06-23 22:00:00,2073,6,21,22,2073,6,23,22,3,8
47_5,81.37,9.21,36,0,0,-999,0,766227,766298,CC,106,2074-09-15 01:00:00,2074-09-16 12:30:00,2074,9,15,1,2074,9,16,12,1,6
48_5,46.99,5.36,31.5,0,0,-999,0,783088,783150,CC,106,2075-09-01 07:30:00,2075-09-02 14:30:00,2075,9,1,7,2075,9,2,14,3,6
49_5,42.14,1.55,87.5,0,0,-999,0,800021,800195,CC,106,2076-08-19 02:00:00,2076-08-22 17:00:00,2076,8,19,2,2076,8,22,17,2,3
50_5,27.99,3.84,36,29,7,-999,0,815058,815129,CC,106,2077-06-28 08:30:00,2077-06-29 20:00:00,2077,6,28,8,2077,6,29,20,3,5
51_5,41.975,3.61,75,0,0,-999,0,834967,835116,CC,106,2078-08-17 03:00:00,2078-08-20 05:30:00,2078,8,17,3,2078,8,20,5,3,10
52_5,27.24,4.81,24,0,0,-999,0,852232,852279,CC,106,2079-08-11 19:30:00,2079-08-12 19:00:00,2079,8,11,19,2079,8,12,19,2,7
53_5,32.735,5.59,51.5,0,0,-999,0,869462,869564,CC,106,2080-08-04 18:30:00,2080-08-06 21:30:00,2080,8,4,18,2080,8,6,21,1,6
54_5,33.225,1.61,107,0,0,-999,0,905192,905405,CC,106,2082-08-19 03:30:00,2082-08-23 14:00:00,2082,8,19,3,2082,8,23,14,2,9
55_5,63.03,10.1,25,13,12,-999,0,922842,922891,CC,106,2083-08-21 20:30:00,2083-08-22 21:00:00,2083,8,21,20,2083,8,22,21,3,8
56_5,24.64,6.89,26,0,1,-999,0,942210,942261,CC,106,2084-09-28 08:30:00,2084-09-29 10:00:00,2084,9,28,8,2084,9,29,10,2,6
57_5,42.78,6,38,0,8,-999,0,942274,942349,CC,106,2084-09-29 16:30:00,2084-10-01 06:00:00,2084,9,29,16,2084,10,1,6,2,6
58_5,56.695,6.72,25.5,0,0,-999,0,957474,957524,CC,106,2085-08-12 08:30:00,2085-08-13 09:30:00,2085,8,12,8,2085,8,13,9,1,8
59_5,43.18,4.79,43.5,0,0,-999,0,974557,974643,CC,106,2086-08-03 06:00:00,2086-08-05 01:00:00,2086,8,3,6,2086,8,5,1,1,7
60_5,49.765,3.49,119.5,0,64,-999,0,991386,991624,CC,106,2087-07-19 20:30:00,2087-07-24 19:30:00,2087,7,19,20,2087,7,24,19,2,6
61_5,33.62,3.25,74.5,0,0,-999,0,1014191,1014339,CC,106,2088-11-05 23:00:00,2088-11-09 01:00:00,2088,11,5,23,2088,11,9,1,3,2
62_5,65.145,9.29,52.5,17.5,27.5,-999,0,1028802,1028906,CC,106,2089-09-06 08:30:00,2089-09-08 12:30:00,2089,9,6,8,2089,9,8,12,1,6
63_4,56.555,4.55,44.5,0,0,-999,0,1045182,1045270,CC,106,2090-08-13 14:30:00,2090-08-15 10:30:00,2090,8,13,14,2090,8,15,10,2,6
1_6,77.77,7.2,73,0,0,-999,24,10555,10700,CC,107,2031-08-08 21:00:00,2031-08-11 21:30:00,2031,8,8,21,2031,8,11,21,1,6
2_6,43.775,2.88,55.5,0,0,-999,0,24831,24941,CC,107,2032-06-01 07:00:00,2032-06-03 14:00:00,2032,6,1,7,2032,6,3,14,2,6
3_6,32.105,1.84,68.5,0,67.5,-999,0,25139,25275,CC,107,2032-06-07 17:00:00,2032-06-10 13:00:00,2032,6,7,17,2032,6,10,13,2,6
4_6,29.785,4.08,36,3.5,47.5,-999,0,45694,45765,CC,107,2033-08-09 22:30:00,2033-08-11 10:00:00,2033,8,9,22,2033,8,11,10,1,8
5_6,64.665,6.84,35,26.5,8.5,-999,0,45870,45939,CC,107,2033-08-13 14:30:00,2033-08-15 01:00:00,2033,8,13,14,2033,8,15,1,1,8
6_6,35.82,4.9,63,33.5,29.5,-999,0,62981,63106,CC,107,2034-08-05 02:00:00,2034-08-07 16:30:00,2034,8,5,2,2034,8,7,16,1,7
7_6,56.475,5.72,95,0,7,-999,0,83556,83745,CC,107,2035-10-07 17:30:00,2035-10-11 16:00:00,2035,10,7,17,2035,10,11,16,1,8
8_6,87.495,3.14,148.5,0,0,-999,0,97001,97297,CC,107,2036-07-13 20:00:00,2036-07-20 00:00:00,2036,7,13,20,2036,7,20,0,2,9
9_6,21.765,1.65,37,0,0,-999,0,120050,120123,CC,107,2037-11-06 00:30:00,2037-11-07 13:00:00,2037,11,6,0,2037,11,7,13,2,5
10_6,65.9,7.74,97,0,0,-999,0,132051,132244,CC,107,2038-07-14 01:00:00,2038-07-18 01:30:00,2038,7,14,1,2038,7,18,1,1,6
11_6,49.285,5.75,31.5,5,15,-999,0,153645,153707,CC,107,2039-10-06 22:00:00,2039-10-08 05:00:00,2039,10,6,22,2039,10,8,5,1,5
12_6,28.085,1.66,56,0,0,-999,0,168677,168788,CC,107,2040-08-15 02:00:00,2040-08-17 09:30:00,2040,8,15,2,2040,8,17,9,2,3
13_6,31.71,4.4,32,0,0,-999,0,183432,183495,CC,107,2041-06-18 11:30:00,2041-06-19 19:00:00,2041,6,18,11,2041,6,19,19,1,9
14_6,25.07,5,66.5,0,0,-999,0,183608,183740,CC,107,2041-06-22 03:30:00,2041-06-24 21:30:00,2041,6,22,3,2041,6,24,21,1,9
15_6,43.7,5.25,28,24,4,-999,0,183862,183917,CC,107,2041-06-27 10:30:00,2041-06-28 14:00:00,2041,6,27,10,2041,6,28,14,1,9
16_6,35.925,5.04,43,0,0,-999,0,203745,203830,CC,107,2042-08-15 16:00:00,2042-08-17 10:30:00,2042,8,15,16,2042,8,17,10,2,8
17_6,28.625,2.09,43,0,17,-999,0,203958,204043,CC,107,2042-08-20 02:30:00,2042-08-21 21:00:00,2042,8,20,2,2042,8,21,21,2,8
18_6,56.005,6.56,49.5,19,30.5,-999,0,204056,204154,CC,107,2042-08-22 03:30:00,2042-08-24 04:30:00,2042,8,22,3,2042,8,24,4,2,8
19_6,60.67,2.99,76.5,0,46,-999,0,224511,224663,CC,107,2043-10-22 07:00:00,2043-10-25 11:00:00,2043,10,22,7,2043,10,25,11,2,5
20_6,25.715,2.5,55.5,0,0,-999,0,235296,235406,CC,107,2044-06-02 23:30:00,2044-06-05 06:30:00,2044,6,2,23,2044,6,5,6,1,8
21_6,134.19,4.9,233,27.5,44,-999,0,255912,256377,CC,107,2045-08-06 11:30:00,2045-08-16 04:00:00,2045,8,6,11,2045,8,16,4,3,6
22_6,33.66,5.71,65,36,6.5,-999,0,272941,273070,CC,107,2046-07-27 06:00:00,2046-07-29 22:30:00,2046,7,27,6,2046,7,29,22,1,9
23_6,22.245,4.89,53,0,0,-999,0,273366,273471,CC,107,2046-08-05 02:30:00,2046-08-07 07:00:00,2046,8,5,2,2046,8,7,7,1,9
24_6,29.54,4.99,30,0,0,-999,0,292257,292316,CC,107,2047-09-02 16:00:00,2047-09-03 21:30:00,2047,9,2,16,2047,9,3,21,2,9
25_6,72.32,4.13,52,19,20.5,-999,0,292392,292495,CC,107,2047-09-05 11:30:00,2047-09-07 15:00:00,2047,9,5,11,2047,9,7,15,2,9
26_6,43.835,5.12,48,21.5,26.5,-999,0,310990,311085,CC,107,2048-09-26 22:30:00,2048-09-28 22:00:00,2048,9,26,22,2048,9,28,22,1,9
27_6,29.255,4.64,30,0,0,-999,0,326572,326631,CC,107,2049-08-17 13:30:00,2049-08-18 19:00:00,2049,8,17,13,2049,8,18,19,1,9
28_6,94.73,4.34,131,0,39,-999,0,344785,345046,CC,107,2050-09-01 00:00:00,2050-09-06 10:30:00,2050,9,1,0,2050,9,6,10,2,8
29_6,67.69,7.29,49,16,25.5,-999,0,363151,363248,CC,107,2051-09-18 15:00:00,2051-09-20 15:30:00,2051,9,18,15,2051,9,20,15,2,8
30_6,40.72,3.34,46,30,16,-999,0,380342,380433,CC,107,2052-09-10 18:30:00,2052-09-12 16:00:00,2052,9,10,18,2052,9,12,16,3,9
31_6,58.09,4.62,58.5,21,37.5,-999,0,398483,398599,CC,107,2053-09-23 17:00:00,2053-09-26 03:00:00,2053,9,23,17,2053,9,26,3,3,9
32_6,56.99,5.03,35.5,0,0,-999,0,414635,414705,CC,107,2054-08-26 05:00:00,2054-08-27 16:00:00,2054,8,26,5,2054,8,27,16,3,6
33_6,25.29,2.05,49.5,5.5,30.5,-999,0,435551,435649,CC,107,2055-11-04 23:00:00,2055-11-07 00:00:00,2055,11,4,23,2055,11,7,0,2,6
34_6,36.845,3.48,22.5,1,11.5,-999,0,449401,449445,CC,107,2056-08-19 12:00:00,2056-08-20 10:00:00,2056,8,19,12,2056,8,20,10,3,9
35_6,31.935,5.48,22.5,0,0,-999,0,463546,463590,CC,107,2057-06-10 04:30:00,2057-06-11 02:30:00,2057,6,10,4,2057,6,11,2,1,7
36_6,26.94,3.26,33.5,0,0,-999,0,485330,485396,CC,107,2058-09-07 00:30:00,2058-09-08 09:30:00,2058,9,7,0,2058,9,8,9,1,8
37_6,27.555,6.41,47.5,0,0,-999,0,485915,486009,CC,107,2058-09-19 05:00:00,2058-09-21 04:00:00,2058,9,19,5,2058,9,21,4,1,8
38_6,28.13,4.17,24,13,11,-999,0,502464,502511,CC,107,2059-08-29 23:30:00,2059-08-30 23:00:00,2059,8,29,23,2059,8,30,23,1,8
39_6,30.05,3.71,38,0,0,-999,0,502723,502798,CC,107,2059-09-04 09:00:00,2059-09-05 22:30:00,2059,9,4,9,2059,9,5,22,1,8
40_6,40.94,3.73,42.5,0,0,-999,0,519691,519775,CC,107,2060-08-22 21:00:00,2060-08-24 15:00:00,2060,8,22,21,2060,8,24,15,2,5
41_6,56.305,5.29,39,0,20.5,-999,0,539671,539748,CC,107,2061-10-13 03:00:00,2061-10-14 17:30:00,2061,10,13,3,2061,10,14,17,3,2
42_6,26.465,4.24,55.5,0,0,-999,0,559166,559276,CC,107,2062-11-23 06:30:00,2062-11-25 13:30:00,2062,11,23,6,2062,11,25,13,1,6
43_6,41.34,5.95,63.5,0,0,-999,0,572657,572783,CC,107,2063-08-31 08:00:00,2063-09-02 23:00:00,2063,8,31,8,2063,9,2,23,1,6
44_6,21.475,6.75,26.5,0,0,-999,0,587967,588019,CC,107,2064-07-15 07:00:00,2064-07-16 09:00:00,2064,7,15,7,2064,7,16,9,1,8
45_6,33.48,2.48,70.5,0,0,-999,0,610299,610439,CC,107,2065-10-23 13:00:00,2065-10-26 11:00:00,2065,10,23,13,2065,10,26,11,3,8
46_6,36.675,2.83,69.5,0,0,-999,0,624650,624788,CC,107,2066-08-18 12:30:00,2066-08-21 09:30:00,2066,8,18,12,2066,8,21,9,2,10
47_6,78.43,9.32,53,32.5,20.5,-999,0,641238,641343,CC,107,2067-07-30 02:30:00,2067-08-01 07:00:00,2067,7,30,2,2067,8,1,7,3,9
48_6,39.325,2.08,46.5,0,0,-999,0,662127,662219,CC,107,2068-10-07 07:00:00,2068-10-09 05:00:00,2068,10,7,7,2068,10,9,5,2,8
49_6,67.73,6.18,119,0,0,-999,0,676838,677075,CC,107,2069-08-09 18:30:00,2069-08-14 17:00:00,2069,8,9,18,2069,8,14,17,2,8
50_6,44.03,4.75,46.5,31.5,15,-999,0,693071,693163,CC,107,2070-07-13 23:00:00,2070-07-15 21:00:00,2070,7,13,23,2070,7,15,21,2,5
51_6,26.09,3.15,27.5,0,0,-999,0,712914,712968,CC,107,2071-08-31 08:30:00,2071-09-01 11:30:00,2071,8,31,8,2071,9,1,11,3,1
52_6,29.24,2.59,87.5,0,0,-999,0,729602,729776,CC,107,2072-08-13 00:30:00,2072-08-16 15:30:00,2072,8,13,0,2072,8,16,15,2,2
53_6,67.4,4.8,68,0,0,-999,0,730094,730229,CC,107,2072-08-23 06:30:00,2072-08-26 02:00:00,2072,8,23,6,2072,8,26,2,2,2
54_6,45.62,3.33,42,13,27.5,-999,0,749434,749517,CC,107,2073-09-30 04:30:00,2073-10-01 22:00:00,2073,9,30,4,2073,10,1,22,3,8
55_6,48.265,4.21,90,0,0,-999,0,764444,764623,CC,107,2074-08-08 21:30:00,2074-08-12 15:00:00,2074,8,8,21,2074,8,12,15,2,5
56_6,22.71,5.85,40.5,0,0,-999,0,786275,786355,CC,107,2075-11-06 17:00:00,2075-11-08 09:00:00,2075,11,6,17,2075,11,8,9,1,2
57_6,68.385,3.91,60,0,0,-999,0,801746,801865,CC,107,2076-09-24 00:30:00,2076-09-26 12:00:00,2076,9,24,0,2076,9,26,12,2,6
58_6,40.97,3.86,85.5,37.5,13,-999,0,814713,814883,CC,107,2077-06-21 04:00:00,2077-06-24 17:00:00,2077,6,21,4,2077,6,24,17,3,6
59_6,54.915,5.51,54.5,0,0,-999,0,837445,837553,CC,107,2078-10-07 18:00:00,2078-10-10 00:00:00,2078,10,7,18,2078,10,10,0,3,7
60_6,34.595,5.79,61.5,13.5,78,-999,0,870723,870845,CC,107,2080-08-31 01:00:00,2080-09-02 14:00:00,2080,8,31,1,2080,9,2,14,3,7
61_6,39.495,4.37,80,0,0,-999,0,871198,871357,CC,107,2080-09-09 22:30:00,2080-09-13 06:00:00,2080,9,9,22,2080,9,13,6,3,7
62_6,99.785,4.82,71.5,33,33,-999,0,886339,886481,CC,107,2081-07-22 09:00:00,2081-07-25 08:00:00,2081,7,22,9,2081,7,25,8,2,8
63_5,73.86,4.31,69.5,5,79,-999,0,901689,901827,CC,107,2082-06-07 04:00:00,2082-06-10 01:00:00,2082,6,7,4,2082,6,10,1,2,6
64_4,30.435,2.69,65,7.5,42.5,-999,0,957987,958116,CC,107,2085-08-23 01:00:00,2085-08-25 17:30:00,2085,8,23,1,2085,8,25,17,3,8
65_4,96.24,6.44,146,35,41.5,-999,0,972613,972904,CC,107,2086-06-23 18:00:00,2086-06-29 19:30:00,2086,6,23,18,2086,6,29,19,2,5
66_4,32.52,3.87,37,0,0,-999,0,991058,991131,CC,107,2087-07-13 00:30:00,2087-07-14 13:00:00,2087,7,13,0,2087,7,14,13,1,9
67_3,31.055,2.83,57,0,0,-999,0,1014631,1014744,CC,107,2088-11-15 03:00:00,2088-11-17 11:30:00,2088,11,15,3,2088,11,17,11,3,6
68_3,38.14,1.64,108.5,49.5,18.5,-999,0,1024873,1025089,CC,107,2089-06-16 12:00:00,2089-06-21 00:00:00,2089,6,16,12,2089,6,21,0,2,8
69_2,36.195,4.61,43.5,0,6,-999,0,1046126,1046212,CC,107,2090-09-02 06:30:00,2090-09-04 01:30:00,2090,9,2,6,2090,9,4,1,1,10
1_7,67.535,5.99,54,0,20,-999,0,12416,12523,CC,108,2031-09-16 15:30:00,2031-09-18 21:00:00,2031,9,16,15,2031,9,18,21,3,8
2_7,33.98,4.15,20,0,0,-999,0,32032,32071,CC,108,2032-10-29 07:30:00,2032-10-30 03:00:00,2032,10,29,7,2032,10,30,3,3,6
3_7,58.4,4.55,53.5,0,28,-999,0,32256,32362,CC,108,2032-11-02 23:30:00,2032-11-05 04:30:00,2032,11,2,23,2032,11,5,4,3,6
4_7,39.835,2.69,46.5,0,0,-999,0,63397,63489,CC,108,2034-08-13 18:00:00,2034-08-15 16:00:00,2034,8,13,18,2034,8,15,16,2,9
5_7,41.925,9.06,19,0,0,-999,0,83420,83457,CC,108,2035-10-04 21:30:00,2035-10-05 16:00:00,2035,10,4,21,2035,10,5,16,1,7
6_7,47.595,4.46,50,0,0,-999,0,94999,95098,CC,108,2036-06-02 03:00:00,2036-06-04 04:30:00,2036,6,2,3,2036,6,4,4,3,8
7_7,46.1,2.38,75,9.5,53,-999,0,112783,112932,CC,108,2037-06-07 15:00:00,2037-06-10 17:30:00,2037,6,7,15,2037,6,10,17,2,6
8_7,31.04,4.44,17.5,0,0,-999,0,134931,134965,CC,108,2038-09-12 01:00:00,2038-09-12 18:00:00,2038,9,12,1,2038,9,12,18,3,9
9_7,67.05,4.44,75,12,88.5,-999,0,135343,135492,CC,108,2038-09-20 15:00:00,2038-09-23 17:30:00,2038,9,20,15,2038,9,23,17,3,9
10_7,29.39,4.01,65.5,0,0,-999,0,155836,155966,CC,108,2039-11-21 13:30:00,2039-11-24 06:30:00,2039,11,21,13,2039,11,24,6,3,8
11_7,36.84,4.87,22.5,15.5,7,-999,0,171324,171368,CC,108,2040-10-09 05:30:00,2040-10-10 03:30:00,2040,10,9,5,2040,10,10,3,1,5
12_7,80.81,2.66,78,0,0,-999,0,189636,189791,CC,108,2041-10-25 17:30:00,2041-10-28 23:00:00,2041,10,25,17,2041,10,28,23,2,2
13_7,75.57,10.97,39,15.5,19,-999,0,205685,205762,CC,108,2042-09-25 02:00:00,2042-09-26 16:30:00,2042,9,25,2,2042,9,26,16,1,6
14_7,25.97,0.8,85,0,0,-999,0,217735,217904,CC,108,2043-06-03 03:00:00,2043-06-06 15:30:00,2043,6,3,3,2043,6,6,15,2,8
15_7,33.07,1.71,70.5,0,0,-999,0,257902,258042,CC,108,2045-09-16 22:30:00,2045-09-19 20:30:00,2045,9,16,22,2045,9,19,20,2,10
16_7,32.145,2.06,99.5,0,26.5,-999,0,258186,258384,CC,108,2045-09-22 20:30:00,2045-09-26 23:30:00,2045,9,22,20,2045,9,26,23,2,10
17_7,35.155,3.93,110,0,0,-999,0,277990,278209,CC,108,2046-11-09 10:30:00,2046-11-14 00:00:00,2046,11,9,10,2046,11,14,0,1,8
18_7,21.595,3.03,44,0,44,-999,0,291975,292062,CC,108,2047-08-27 19:00:00,2047-08-29 14:30:00,2047,8,27,19,2047,8,29,14,1,5
19_7,69.965,4.04,58.5,0,0,-999,0,305675,305791,CC,108,2048-06-08 05:00:00,2048-06-10 15:00:00,2048,6,8,5,2048,6,10,15,2,5
20_7,32.25,3.42,52.5,0,0,-999,0,328034,328138,CC,108,2049-09-17 00:30:00,2049-09-19 04:30:00,2049,9,17,0,2049,9,19,4,1,9
21_7,54.525,9.66,23.5,0,16,-999,0,328542,328588,CC,108,2049-09-27 14:30:00,2049-09-28 13:30:00,2049,9,27,14,2049,9,28,13,1,9
22_7,50.235,3.44,67.5,0,0,-999,0,341427,341561,CC,108,2050-06-23 01:00:00,2050-06-25 20:00:00,2050,6,23,1,2050,6,25,20,3,9
23_7,48.805,4.7,53.5,0,0,-999,0,360161,360267,CC,108,2051-07-18 08:00:00,2051-07-20 13:00:00,2051,7,18,8,2051,7,20,13,3,1
24_7,35.215,1.11,82.5,0,0,-999,0,376351,376515,CC,108,2052-06-19 15:00:00,2052-06-23 01:00:00,2052,6,19,15,2052,6,23,1,2,9
25_7,30.43,2.59,40,0,0,-999,0,396467,396546,CC,108,2053-08-12 17:00:00,2053-08-14 08:30:00,2053,8,12,17,2053,8,14,8,1,6
26_7,43.645,6.95,24.5,18,6.5,-999,0,397030,397078,CC,108,2053-08-24 10:30:00,2053-08-25 10:30:00,2053,8,24,10,2053,8,25,10,1,6
27_7,35.045,5.16,29,18,11,-999,0,417426,417483,CC,108,2054-10-23 08:30:00,2054-10-24 13:00:00,2054,10,23,8,2054,10,24,13,1,9
28_7,39.805,5.89,25.5,0,0,-999,0,429111,429161,CC,108,2055-06-23 19:00:00,2055-06-24 20:00:00,2055,6,23,19,2055,6,24,20,1,8
29_7,61.72,7.77,32.5,31,1.5,-999,0,449108,449172,CC,108,2056-08-13 09:30:00,2056-08-14 17:30:00,2056,8,13,9,2056,8,14,17,3,6
30_7,30.87,3.28,38,20,16.5,-999,0,468422,468497,CC,108,2057-09-19 18:30:00,2057-09-21 08:00:00,2057,9,19,18,2057,9,21,8,1,9
31_7,41.265,7.35,34,0,0,-999,0,484331,484398,CC,108,2058-08-17 05:00:00,2058-08-18 14:30:00,2058,8,17,5,2058,8,18,14,1,1
32_7,40.645,3.84,59.5,0,25,-999,0,502798,502916,CC,108,2059-09-05 22:30:00,2059-09-08 09:30:00,2059,9,5,22,2059,9,8,9,2,8
33_7,35.9,2.3,52,24.5,27.5,-999,0,523810,523913,CC,108,2060-11-16 16:30:00,2060-11-18 20:00:00,2060,11,16,16,2060,11,18,20,3,6
34_7,33.885,1.19,78,0,0,-999,0,538227,538382,CC,108,2061-09-13 01:00:00,2061-09-16 06:30:00,2061,9,13,1,2061,9,16,6,1,6
35_7,26.435,5.06,41.5,0,0,-999,0,538776,538858,CC,108,2061-09-24 11:30:00,2061-09-26 04:30:00,2061,9,24,11,2061,9,26,4,1,6
36_7,38.62,2.35,54,0,41,-999,0,556045,556152,CC,108,2062-09-19 06:00:00,2062-09-21 11:30:00,2062,9,19,6,2062,9,21,11,2,1
37_7,41.335,7.36,76.5,14,48,-999,0,573322,573474,CC,108,2063-09-14 04:30:00,2063-09-17 08:30:00,2063,9,14,4,2063,9,17,8,1,2
38_7,36.68,3.3,64.5,0,0,-999,0,588845,588973,CC,108,2064-08-02 14:00:00,2064-08-05 06:00:00,2064,8,2,14,2064,8,5,6,2,7
39_7,91.785,6.52,51,26,59.5,-999,0,625205,625306,CC,108,2066-08-30 02:00:00,2066-09-01 04:30:00,2066,8,30,2,2066,9,1,4,3,1
40_7,29.13,2.47,26.5,0,26.5,-999,0,644626,644678,CC,108,2067-10-08 16:30:00,2067-10-09 18:30:00,2067,10,8,16,2067,10,9,18,3,5
41_7,25.405,3.08,52,0,5,-999,0,657986,658089,CC,108,2068-07-13 00:30:00,2068-07-15 04:00:00,2068,7,13,0,2068,7,15,4,1,2
42_7,31.705,6.63,39,26.5,12.5,-999,0,658313,658390,CC,108,2068-07-19 20:00:00,2068-07-21 10:30:00,2068,7,19,20,2068,7,21,10,1,2
43_7,114.06,5.75,66,45.5,20.5,-999,0,677902,678033,CC,108,2069-08-31 22:30:00,2069-09-03 16:00:00,2069,8,31,22,2069,9,3,16,2,9
44_7,42.225,2.52,85,0,0,-999,0,694173,694342,CC,108,2070-08-05 22:00:00,2070-08-09 10:30:00,2070,8,5,22,2070,8,9,10,2,6
45_7,33.1,0.95,179,0,0,-999,0,711721,712078,CC,108,2071-08-06 12:00:00,2071-08-13 22:30:00,2071,8,6,12,2071,8,13,22,2,10
46_7,21.26,1.85,52,0,0,-999,0,712104,712207,CC,108,2071-08-14 11:30:00,2071-08-16 15:00:00,2071,8,14,11,2071,8,16,15,2,10
47_7,42.15,4.68,63.5,6,57.5,-999,0,733328,733454,CC,108,2072-10-29 15:30:00,2072-11-01 06:30:00,2072,10,29,15,2072,11,1,6,3,6
48_7,40.505,4.22,35.5,0,0,-999,0,748719,748789,CC,108,2073-09-15 07:00:00,2073-09-16 18:00:00,2073,9,15,7,2073,9,16,18,2,6
49_7,64.785,3.95,84.5,0,0,-999,0,749043,749211,CC,108,2073-09-22 01:00:00,2073-09-25 13:00:00,2073,9,22,1,2073,9,25,13,2,6
50_7,33.46,5.55,39,0,12,-999,0,767117,767194,CC,108,2074-10-03 14:00:00,2074-10-05 04:30:00,2074,10,3,14,2074,10,5,4,1,2
51_7,47.385,4.45,47.5,0,8.5,-999,0,784074,784168,CC,108,2075-09-21 20:30:00,2075-09-23 19:30:00,2075,9,21,20,2075,9,23,19,3,2
52_7,26.29,5.4,13,0,0,-999,0,802622,802647,CC,108,2076-10-12 06:30:00,2076-10-12 19:00:00,2076,10,12,6,2076,10,12,19,1,6
53_7,40.74,6.39,21,12.5,14.5,-999,0,814671,814712,CC,108,2077-06-20 07:00:00,2077-06-21 03:30:00,2077,6,20,7,2077,6,21,3,1,9
54_7,38.915,1.96,79,0,0,-999,0,850115,850272,CC,108,2079-06-28 17:00:00,2079-07-01 23:30:00,2079,6,28,17,2079,7,1,23,2,9
55_7,27.77,2.88,32,18,14,-999,0,872007,872070,CC,108,2080-09-26 19:00:00,2080-09-28 02:30:00,2080,9,26,19,2080,9,28,2,1,6
56_7,37.37,5.07,25,0,7.5,-999,0,890819,890868,CC,108,2081-10-23 17:00:00,2081-10-24 17:30:00,2081,10,23,17,2081,10,24,17,1,2
57_7,36.52,3.69,98.5,22.5,24,-999,0,904847,905043,CC,108,2082-08-11 23:00:00,2082-08-16 01:00:00,2082,8,11,23,2082,8,16,1,2,1
58_7,49.995,6.39,83.5,44.5,39,-999,0,922418,922584,CC,108,2083-08-13 00:30:00,2083-08-16 11:30:00,2083,8,13,0,2083,8,16,11,1,9
59_7,21.82,3.14,117.5,0,0,-999,0,943639,943873,CC,108,2084-10-28 03:00:00,2084-11-02 00:00:00,2084,10,28,3,2084,11,2,0,1,4
60_7,22.28,3.75,36.5,0,0,-999,0,958142,958214,CC,108,2085-08-26 06:30:00,2085-08-27 18:30:00,2085,8,26,6,2085,8,27,18,1,8
61_7,49.55,8.39,58,11.5,20,-999,0,958284,958399,CC,108,2085-08-29 05:30:00,2085-08-31 15:00:00,2085,8,29,5,2085,8,31,15,1,8
62_7,71.565,4.3,75.5,0,2.5,-999,0,976411,976561,CC,108,2086-09-10 21:00:00,2086-09-14 00:00:00,2086,9,10,21,2086,9,14,0,2,6
63_6,39.115,2.88,84.5,24.5,30.5,-999,0,993912,994080,CC,108,2087-09-10 11:30:00,2087-09-13 23:30:00,2087,9,10,11,2087,9,13,23,2,8
64_5,86.83,9.12,84,0,0.5,-999,0,1010045,1010212,CC,108,2088-08-11 14:00:00,2088-08-15 01:30:00,2088,8,11,14,2088,8,15,1,2,6
65_5,21.045,3.9,17.5,0,0,-999,0,1030094,1030128,CC,108,2089-10-03 06:30:00,2089-10-03 23:30:00,2089,10,3,6,2089,10,3,23,1,8
66_5,43.815,8.33,25.5,0,0,-999,0,1030153,1030203,CC,108,2089-10-04 12:00:00,2089-10-05 13:00:00,2089,10,4,12,2089,10,5,13,1,8
67_4,28.65,1.84,61.5,0,0,-999,0,1047895,1048017,CC,108,2090-10-09 03:00:00,2090-10-11 16:00:00,2090,10,9,3,2090,10,11,16,2,9
1_8,31.685,3.14,29.5,0,0,-999,5,9404,9462,CC,109,2031-07-15 21:30:00,2031-07-17 02:30:00,2031,7,15,21,2031,7,17,2,3,7
2_8,41.355,4.78,44.5,44.5,0,-999,0,25254,25342,CC,109,2032-06-10 02:30:00,2032-06-11 22:30:00,2032,6,10,2,2032,6,11,22,1,9
3_8,53.345,8.79,41.5,32.5,9,-999,0,46245,46327,CC,109,2033-08-21 10:00:00,2033-08-23 03:00:00,2033,8,21,10,2033,8,23,3,1,9
4_8,28.78,2.4,39,0,0,-999,0,61536,61613,CC,109,2034-07-05 23:30:00,2034-07-07 14:00:00,2034,7,5,23,2034,7,7,14,3,9
5_8,60.585,5.36,30,0,0,-999,0,82760,82819,CC,109,2035-09-21 03:30:00,2035-09-22 09:00:00,2035,9,21,3,2035,9,22,9,3,2
6_8,39.12,5.9,80.5,0,0,-999,0,102843,103003,CC,109,2036-11-12 13:00:00,2036-11-15 21:00:00,2036,11,12,13,2036,11,15,21,1,8
7_8,31.855,2.64,80,0.5,32,-999,0,114709,114868,CC,109,2037-07-17 18:00:00,2037-07-21 01:30:00,2037,7,17,18,2037,7,21,1,2,10
8_8,53.135,8.2,37.5,0,0,-999,0,135321,135395,CC,109,2038-09-20 04:00:00,2038-09-21 17:00:00,2038,9,20,4,2038,9,21,17,1,5
9_8,58.65,1.64,156.5,0,41,-999,0,148848,149160,CC,109,2039-06-28 23:30:00,2039-07-05 11:30:00,2039,6,28,23,2039,7,5,11,2,9
10_8,64.575,9.74,61,23,38,-999,0,167951,168072,CC,109,2040-07-30 23:00:00,2040-08-02 11:30:00,2040,7,30,23,2040,8,2,11,1,10
11_8,29.41,5.87,37.5,0,11.5,-999,0,186553,186627,CC,109,2041-08-22 12:00:00,2041-08-24 01:00:00,2041,8,22,12,2041,8,24,1,3,9
12_8,36.395,5.46,25,24.5,0.5,-999,0,186686,186735,CC,109,2041-08-25 06:30:00,2041-08-26 07:00:00,2041,8,25,6,2041,8,26,7,3,9
13_8,40.09,2.92,49.5,0,0,-999,0,203341,203439,CC,109,2042-08-07 06:00:00,2042-08-09 07:00:00,2042,8,7,6,2042,8,9,7,2,6
14_8,24.13,2.89,43,0,0,-999,0,203482,203567,CC,109,2042-08-10 04:30:00,2042-08-11 23:00:00,2042,8,10,4,2042,8,11,23,2,6
15_8,43.465,4.48,42,10,28,-999,0,221828,221911,CC,109,2043-08-27 09:30:00,2043-08-29 03:00:00,2043,8,27,9,2043,8,29,3,2,7
16_8,83.67,6.63,72.5,0,0,-999,0,238243,238387,CC,109,2044-08-03 09:00:00,2044-08-06 09:00:00,2044,8,3,9,2044,8,6,9,2,6
17_8,40.54,4.05,34.5,0,0,-999,0,257215,257283,CC,109,2045-09-02 15:00:00,2045-09-04 01:00:00,2045,9,2,15,2045,9,4,1,2,6
18_8,42.48,3.83,39.5,17.5,22,-999,0,257321,257399,CC,109,2045-09-04 20:00:00,2045-09-06 11:00:00,2045,9,4,20,2045,9,6,11,2,6
19_8,62.23,4.07,74.5,0,68,-999,0,273802,273950,CC,109,2046-08-14 04:30:00,2046-08-17 06:30:00,2046,8,14,4,2046,8,17,6,2,9
20_8,24.04,1.95,55.5,45,10.5,-999,0,289994,290104,CC,109,2047-07-17 12:30:00,2047-07-19 19:30:00,2047,7,17,12,2047,7,19,19,3,10
21_8,79.76,6.76,91.5,0,15,-999,0,307955,308137,CC,109,2048-07-25 17:00:00,2048-07-29 12:00:00,2048,7,25,17,2048,7,29,12,1,6
22_8,24.135,6.68,27,0,0,-999,0,326029,326082,CC,109,2049-08-06 06:00:00,2049-08-07 08:30:00,2049,8,6,6,2049,8,7,8,1,6
23_8,48.485,3.69,56,9.5,21.5,-999,0,343676,343787,CC,109,2050-08-08 21:30:00,2050-08-11 05:00:00,2050,8,8,21,2050,8,11,5,3,9
24_8,33.995,3.97,40.5,0,0,-999,0,357968,358048,CC,109,2051-06-02 15:30:00,2051-06-04 07:30:00,2051,6,2,15,2051,6,4,7,1,5
25_8,31.13,7.5,36.5,0,0,-999,0,377184,377256,CC,109,2052-07-06 23:30:00,2052-07-08 11:30:00,2052,7,6,23,2052,7,8,11,1,4
26_8,45.04,4.59,105,0,0,-999,0,377404,377613,CC,109,2052-07-11 13:30:00,2052-07-15 22:00:00,2052,7,11,13,2052,7,15,22,1,4
27_8,25.165,3.4,99,0,0,-999,0,400868,401065,CC,109,2053-11-12 09:30:00,2053-11-16 12:00:00,2053,11,12,9,2053,11,16,12,1,4
28_8,27.835,3.98,23,0,0,-999,0,416502,416547,CC,109,2054-10-04 02:30:00,2054-10-05 01:00:00,2054,10,4,2,2054,10,5,1,1,5
29_8,28.965,5.29,54.5,0,0,-999,0,434689,434797,CC,109,2055-10-18 00:00:00,2055-10-20 06:00:00,2055,10,18,0,2055,10,20,6,1,8
30_8,58.6,7.85,28.5,12.5,15,-999,0,467914,467970,CC,109,2057-09-09 04:30:00,2057-09-10 08:30:00,2057,9,9,4,2057,9,10,8,3,8
31_8,47.73,2.92,106,0,0,-999,0,468098,468309,CC,109,2057-09-13 00:30:00,2057-09-17 10:00:00,2057,9,13,0,2057,9,17,10,3,8
32_8,25.73,2.83,16.5,0,11,-999,0,484987,485019,CC,109,2058-08-30 21:00:00,2058-08-31 13:00:00,2058,8,30,21,2058,8,31,13,2,6
33_8,57.62,5.79,42.5,27,15.5,-999,0,485042,485126,CC,109,2058-09-01 00:30:00,2058-09-02 18:30:00,2058,9,1,0,2058,9,2,18,2,6
34_8,25.15,5.68,15,0,0,-999,0,502724,502753,CC,109,2059-09-04 09:30:00,2059-09-05 00:00:00,2059,9,4,9,2059,9,5,0,2,6
35_8,61.27,4.98,44,10,34,-999,0,503010,503097,CC,109,2059-09-10 08:30:00,2059-09-12 04:00:00,2059,9,10,8,2059,9,12,4,2,6
36_8,22.27,2.73,139.5,0,0,-999,0,523499,523777,CC,109,2060-11-10 05:00:00,2060-11-16 00:00:00,2060,11,10,5,2060,11,16,0,2,4
37_8,46.49,2.48,62,36,26,-999,0,534541,534664,CC,109,2061-06-28 06:00:00,2061-06-30 19:30:00,2061,6,28,6,2061,6,30,19,2,10
38_8,146.46,7.59,139,0,0,-999,0,554363,554640,CC,109,2062-08-15 05:00:00,2062-08-20 23:30:00,2062,8,15,5,2062,8,20,23,2,1
39_8,48.85,5,28,0,0,-999,0,572314,572369,CC,109,2063-08-24 04:30:00,2063-08-25 08:00:00,2063,8,24,4,2063,8,25,8,3,1
40_8,65.04,4.68,38.5,26,12.5,-999,0,588551,588627,CC,109,2064-07-27 11:00:00,2064-07-29 01:00:00,2064,7,27,11,2064,7,29,1,2,6
41_8,81.535,7.45,101,92.5,8.5,-999,0,625624,625825,CC,109,2066-09-07 19:30:00,2066-09-12 00:00:00,2066,9,7,19,2066,9,12,0,3,9
42_8,33.385,2.96,38,0,0,-999,0,642524,642599,CC,109,2067-08-25 21:30:00,2067-08-27 11:00:00,2067,8,25,21,2067,8,27,11,3,9
43_8,37.035,3.23,36.5,0,0,-999,0,660443,660515,CC,109,2068-09-02 05:00:00,2068-09-03 17:00:00,2068,9,2,5,2068,9,3,17,2,8
44_8,49.32,5.12,70,0,0,-999,0,677041,677180,CC,109,2069-08-14 00:00:00,2069-08-16 21:30:00,2069,8,14,0,2069,8,16,21,3,1
45_8,73.74,7.1,49.5,25,24.5,-999,0,692711,692809,CC,109,2070-07-06 11:00:00,2070-07-08 12:00:00,2070,7,6,11,2070,7,8,12,2,8
46_8,71.07,4.61,138,0,0,-999,0,729728,730003,CC,109,2072-08-15 15:30:00,2072-08-21 09:00:00,2072,8,15,15,2072,8,21,9,2,3
47_8,25.52,3.93,27,0,0,-999,0,747667,747720,CC,109,2073-08-24 09:00:00,2073-08-25 11:30:00,2073,8,24,9,2073,8,25,11,1,8
48_8,51.595,7.47,36,24,12,-999,0,748171,748242,CC,109,2073-09-03 21:00:00,2073-09-05 08:30:00,2073,9,3,21,2073,9,5,8,1,8
49_8,57.715,4.23,40.5,0,18.5,-999,0,764824,764904,CC,109,2074-08-16 19:30:00,2074-08-18 11:30:00,2074,8,16,19,2074,8,18,11,3,6
50_8,40.89,6,19.5,15.5,4,-999,0,780341,780379,CC,109,2075-07-06 02:00:00,2075-07-06 21:00:00,2075,7,6,2,2075,7,6,21,1,6
51_8,53.73,3.62,63,21.5,41.5,-999,0,800137,800262,CC,109,2076-08-21 12:00:00,2076-08-24 02:30:00,2076,8,21,12,2076,8,24,2,3,6
52_8,39.72,4.56,56.5,0,41,-999,0,818465,818577,CC,109,2077-09-07 08:00:00,2077-09-09 16:00:00,2077,9,7,8,2077,9,9,16,1,2
53_8,34.49,5.97,31.5,0,0,-999,0,836753,836815,CC,109,2078-09-23 08:00:00,2078-09-24 15:00:00,2078,9,23,8,2078,9,24,15,1,5
54_8,22.015,2.91,18.5,0,0,-999,0,855513,855549,CC,109,2079-10-19 04:00:00,2079-10-19 22:00:00,2079,10,19,4,2079,10,19,22,1,2
55_8,37.88,6.09,30.5,0,0,-999,0,855921,855981,CC,109,2079-10-27 16:00:00,2079-10-28 22:00:00,2079,10,27,16,2079,10,28,22,1,2
56_8,64.575,3.53,86,12,42.5,-999,0,872686,872857,CC,109,2080-10-10 22:30:00,2080-10-14 12:00:00,2080,10,10,22,2080,10,14,12,2,9
57_8,28.29,4.01,47.5,0,0,-999,0,887207,887301,CC,109,2081-08-09 11:00:00,2081-08-11 10:00:00,2081,8,9,11,2081,8,11,10,2,7
58_8,54.79,4.22,62,36.5,21.5,-999,0,903909,904032,CC,109,2082-07-23 10:00:00,2082-07-25 23:30:00,2082,7,23,10,2082,7,25,23,3,9
59_8,63.305,2.51,62.5,0,0,-999,0,918899,919023,CC,109,2083-05-31 17:00:00,2083-06-03 07:00:00,2083,5,31,17,2083,6,3,7,2,7
60_8,22.32,2.49,32.5,0,0,-999,0,940857,940921,CC,109,2084-08-31 04:00:00,2084-09-01 12:00:00,2084,8,31,4,2084,9,1,12,3,6
61_8,48.6,3.88,56,31.5,24.5,-999,0,941091,941202,CC,109,2084-09-05 01:00:00,2084-09-07 08:30:00,2084,9,5,1,2084,9,7,8,3,6
62_8,39.15,3.3,34.5,21.5,13,-999,0,961511,961579,CC,109,2085-11-04 11:00:00,2085-11-05 21:00:00,2085,11,4,11,2085,11,5,21,3,6
63_7,65.105,3.33,109,74,19.5,-999,0,978072,978289,CC,109,2086-10-15 11:30:00,2086-10-20 00:00:00,2086,10,15,11,2086,10,20,0,2,6
64_6,77.785,5.23,61,0,0,-999,0,993138,993259,CC,109,2087-08-25 08:30:00,2087-08-27 21:00:00,2087,8,25,8,2087,8,27,21,2,10
65_6,23.28,3.85,53,0,0,-999,0,1015170,1015275,CC,109,2088-11-26 08:30:00,2088-11-28 13:00:00,2088,11,26,8,2088,11,28,13,2,2
66_6,40.69,3.82,52.5,0,0,-999,0,1015289,1015393,CC,109,2088-11-28 20:00:00,2088-12-01 00:00:00,2088,11,28,20,2088,12,1,0,2,2
67_5,52.51,2.99,50.5,29,21.5,-999,0,1031021,1031121,CC,109,2089-10-22 14:00:00,2089-10-24 16:00:00,2089,10,22,14,2089,10,24,16,3,6
68_4,121.56,3.8,100,0,42,-999,0,1045545,1045744,CC,109,2090-08-21 04:00:00,2090-08-25 07:30:00,2090,8,21,4,2090,8,25,7,2,1
1_9,108.87,11.77,71,0,7,0,71,11482,11623,GF,101,2031-08-28 04:30:00,2031-08-31 03:00:00,2031,8,28,4,2031,8,31,3,3,6
2_9,40.035,1.85,61,0,18.5,0,0,32261,32382,GF,101,2032-11-03 02:00:00,2032-11-05 14:30:00,2032,11,3,2,2032,11,5,14,2,1
3_9,28.765,4.42,37,19.5,17.5,18,0,45763,45836,GF,101,2033-08-11 09:00:00,2033-08-12 21:30:00,2033,8,11,9,2033,8,12,21,3,6
4_9,55.405,5.91,61,14.5,29,12,0,46280,46401,GF,101,2033-08-22 03:30:00,2033-08-24 16:00:00,2033,8,22,3,2033,8,24,16,3,6
5_9,35.83,4.69,78,16,52.5,0,0,60107,60262,GF,101,2034-06-06 05:00:00,2034-06-09 10:30:00,2034,6,6,5,2034,6,9,10,1,9
6_9,45.95,5.79,65,0,0,0,0,84917,85046,GF,101,2035-11-05 02:00:00,2035-11-07 18:30:00,2035,11,5,2,2035,11,7,18,1,9
7_9,45.99,2.3,95.5,0,0,0,0,96315,96505,GF,101,2036-06-29 13:00:00,2036-07-03 12:00:00,2036,6,29,13,2036,7,3,12,2,5
8_9,71.42,3,87.5,7,27.5,30,0,117439,117613,GF,101,2037-09-12 15:00:00,2037-09-16 06:00:00,2037,9,12,15,2037,9,16,6,2,2
9_9,23.095,2.8,90.5,0,0,0,0,138685,138865,GF,101,2038-11-29 06:00:00,2038-12-03 00:00:00,2038,11,29,6,2038,12,3,0,1,4
10_9,62.035,3.34,118,0,0,0,0,149190,149425,GF,101,2039-07-06 02:30:00,2039-07-11 00:00:00,2039,7,6,2,2039,7,11,0,2,9
11_9,36.785,4.83,59.5,0,0,48,0,168914,169032,GF,101,2040-08-20 00:30:00,2040-08-22 11:30:00,2040,8,20,0,2040,8,22,11,3,6
12_9,41.985,5.12,36.5,13,23.5,12,0,169500,169572,GF,101,2040-09-01 05:30:00,2040-09-02 17:30:00,2040,9,1,5,2040,9,2,17,3,6
13_9,46.635,4,74.5,0,0,66,0,186931,187079,GF,101,2041-08-30 09:00:00,2041-09-02 11:00:00,2041,8,30,9,2041,9,2,11,2,8
14_9,35.335,2.88,75,40.5,32.5,12,0,222491,222640,GF,101,2043-09-10 05:00:00,2043-09-13 07:30:00,2043,9,10,5,2043,9,13,7,2,2
15_9,68.42,3.5,59,0,0,18,0,222914,223031,GF,101,2043-09-19 00:30:00,2043-09-21 11:00:00,2043,9,19,0,2043,9,21,11,2,2
16_9,34.59,3.89,22.5,0,0,24,0,241302,241346,GF,101,2044-10-06 02:30:00,2044-10-07 00:30:00,2044,10,6,2,2044,10,7,0,1,6
17_9,56.005,3.27,43.5,27.5,39.5,18,0,257662,257748,GF,101,2045-09-11 22:30:00,2045-09-13 17:30:00,2045,9,11,22,2045,9,13,17,2,6
18_9,27.5,4.73,22.5,0,0,6,0,274621,274665,GF,101,2046-08-31 06:00:00,2046-09-01 04:00:00,2046,8,31,6,2046,9,1,4,3,9
19_9,53.82,2.4,91.5,0,0,0,0,287754,287936,GF,101,2047-05-31 20:30:00,2047-06-04 15:30:00,2047,5,31,20,2047,6,4,15,2,6
20_9,70.09,7.32,92.5,0,0,12,0,308076,308260,GF,101,2048-07-28 05:30:00,2048-08-01 01:30:00,2048,7,28,5,2048,8,1,1,3,9
21_9,28.145,4.4,28,0,0,0,0,328427,328482,GF,101,2049-09-25 05:00:00,2049-09-26 08:30:00,2049,9,25,5,2049,9,26,8,1,5
22_9,38.165,6.77,27.5,0,0,6,0,328864,328918,GF,101,2049-10-04 07:30:00,2049-10-05 10:30:00,2049,10,4,7,2049,10,5,10,1,5
23_9,31.725,3.66,32,0,0,12,0,344741,344804,GF,101,2050-08-31 02:00:00,2050-09-01 09:30:00,2050,8,31,2,2050,9,1,9,3,7
24_9,25.945,3.78,20.5,0,0,12,0,364369,364409,GF,101,2051-10-14 00:00:00,2051-10-14 20:00:00,2051,10,14,0,2051,10,14,20,1,7
25_9,27.995,3.61,47.5,0,0,12,0,381176,381270,GF,101,2052-09-28 03:30:00,2052-09-30 02:30:00,2052,9,28,3,2052,9,30,2,2,8
26_9,52.06,3.81,107,0,0,24,0,381436,381649,GF,101,2052-10-03 13:30:00,2052-10-08 00:00:00,2052,10,3,13,2052,10,8,0,2,8
27_9,51.295,4.62,47.5,0,0,0,0,397640,397734,GF,101,2053-09-06 03:30:00,2053-09-08 02:30:00,2053,9,6,3,2053,9,8,2,3,6
28_9,80.715,3.04,104,14,43,42,0,434884,435091,GF,101,2055-10-22 01:30:00,2055-10-26 09:00:00,2055,10,22,1,2055,10,26,9,2,9
29_9,48.825,8.2,20,0,0,0,0,453003,453042,GF,101,2056-11-02 13:00:00,2056-11-03 08:30:00,2056,11,2,13,2056,11,3,8,1,2
30_9,33.35,5.77,25.5,0,0,0,0,466090,466140,GF,101,2057-08-02 04:30:00,2057-08-03 05:30:00,2057,8,2,4,2057,8,3,5,1,8
31_9,50.2,4.84,40.5,0,0,24,0,466543,466623,GF,101,2057-08-11 15:00:00,2057-08-13 07:00:00,2057,8,11,15,2057,8,13,7,1,8
32_9,38.04,3.14,33,23.5,9.5,6,0,481230,481295,GF,101,2058-06-13 14:30:00,2058-06-14 23:00:00,2058,6,13,14,2058,6,14,23,2,7
33_9,28.655,2.35,79.5,0,52.5,12,0,502014,502172,GF,101,2059-08-20 14:30:00,2059-08-23 21:30:00,2059,8,20,14,2059,8,23,21,2,8
34_9,36.785,4.56,53,0,0,12,0,521345,521450,GF,101,2060-09-26 08:00:00,2060-09-28 12:30:00,2060,9,26,8,2060,9,28,12,2,6
35_9,57.005,2.55,51,0,0,30,0,521707,521808,GF,101,2060-10-03 21:00:00,2060-10-05 23:30:00,2060,10,3,21,2060,10,5,23,2,6
36_9,24.39,5.87,39.5,0,0,12,0,537448,537526,GF,101,2061-08-27 19:30:00,2061-08-29 10:30:00,2061,8,27,19,2061,8,29,10,1,9
37_9,28.355,3.09,81.5,0,26.5,0,0,553543,553705,GF,101,2062-07-29 03:00:00,2062-08-01 12:00:00,2062,7,29,3,2062,8,1,12,1,9
38_9,29.135,6.41,19,0,19,0,0,553727,553764,GF,101,2062-08-01 23:00:00,2062-08-02 17:30:00,2062,8,1,23,2062,8,2,17,1,9
39_9,25.775,2.46,26,0,26,12,0,573332,573383,GF,101,2063-09-14 09:30:00,2063-09-15 11:00:00,2063,9,14,9,2063,9,15,11,3,2
40_9,44.44,2.12,80,0,0,0,0,586925,587084,GF,101,2064-06-23 14:00:00,2064-06-26 21:30:00,2064,6,23,14,2064,6,26,21,2,6
41_9,49.2,3.63,59,0,0,48,0,607922,608039,GF,101,2065-09-04 00:30:00,2065-09-06 11:00:00,2065,9,4,0,2065,9,6,11,2,5
42_9,22.955,2.54,22,12,10,0,0,625010,625053,GF,101,2066-08-26 00:30:00,2066-08-26 22:00:00,2066,8,26,0,2066,8,26,22,3,6
43_9,34.765,3.73,22,13,9,0,0,625136,625179,GF,101,2066-08-28 15:30:00,2066-08-29 13:00:00,2066,8,28,15,2066,8,29,13,3,6
44_9,78.095,9.51,42,19,21.5,30,0,625576,625659,GF,101,2066-09-06 19:30:00,2066-09-08 13:00:00,2066,9,6,19,2066,9,8,13,3,6
45_9,71.46,6.03,92,19.5,66.5,36,0,642060,642243,GF,101,2067-08-16 05:30:00,2067-08-20 01:00:00,2067,8,16,5,2067,8,20,1,2,6
46_9,20.7,3.36,24,0,0,6,0,657526,657573,GF,101,2068-07-03 10:30:00,2068-07-04 10:00:00,2068,7,3,10,2068,7,4,10,3,8
47_9,44.92,5.7,67.5,0,0,18,0,679473,679607,GF,101,2069-10-03 16:00:00,2069-10-06 11:00:00,2069,10,3,16,2069,10,6,11,1,7
48_9,33.92,5.2,17.5,0,0,6,0,697276,697310,GF,101,2070-10-09 13:30:00,2070-10-10 06:30:00,2070,10,9,13,2070,10,10,6,1,6
49_9,30.89,2.69,55,0,0,0,0,711790,711899,GF,101,2071-08-07 22:30:00,2071-08-10 05:00:00,2071,8,7,22,2071,8,10,5,3,6
50_9,44.955,3.5,35.5,0,0,6,0,711969,712039,GF,101,2071-08-11 16:00:00,2071-08-13 03:00:00,2071,8,11,16,2071,8,13,3,3,6
51_9,70.055,3.78,54.5,0,0,24,0,730340,730448,GF,101,2072-08-28 09:30:00,2072-08-30 15:30:00,2072,8,28,9,2072,8,30,15,2,6
52_9,101.85,2.45,155.5,0,0,0,0,748953,749263,GF,101,2073-09-20 04:00:00,2073-09-26 15:00:00,2073,9,20,4,2073,9,26,15,2,10
53_9,136.88,5.61,78.5,8,34,48,0,765839,765995,GF,101,2074-09-06 23:00:00,2074-09-10 05:00:00,2074,9,6,23,2074,9,10,5,2,8
54_9,20.28,2.38,58,0,8.5,6,0,785641,785756,GF,101,2075-10-24 12:00:00,2075-10-26 21:30:00,2075,10,24,12,2075,10,26,21,2,6
55_9,25.55,2.3,36.5,0,0,0,0,786096,786168,GF,101,2075-11-02 23:30:00,2075-11-04 11:30:00,2075,11,2,23,2075,11,4,11,2,6
56_9,37.745,2.16,106.5,0,0,0,0,798260,798472,GF,101,2076-07-13 09:30:00,2076-07-17 19:30:00,2076,7,13,9,2076,7,17,19,2,9
57_9,78.445,9.62,28,4,21,6,0,817812,817867,GF,101,2077-08-24 17:30:00,2077-08-25 21:00:00,2077,8,24,17,2077,8,25,21,1,5
58_9,27.55,2.03,46,0,0,0,0,839346,839437,GF,101,2078-11-16 08:30:00,2078-11-18 06:00:00,2078,11,16,8,2078,11,18,6,3,8
59_9,57.395,3.69,70.5,34.5,4.5,0,0,850160,850300,GF,101,2079-06-29 15:30:00,2079-07-02 13:30:00,2079,6,29,15,2079,7,2,13,3,9
60_9,67.16,3.45,51.5,0,10.5,12,0,890332,890434,GF,101,2081-10-13 13:30:00,2081-10-15 16:30:00,2081,10,13,13,2081,10,15,16,2,6
61_9,23.805,2.04,32,18.5,13.5,0,0,903671,903734,GF,101,2082-07-18 11:00:00,2082-07-19 18:30:00,2082,7,18,11,2082,7,19,18,3,2
62_9,61.47,4.59,73,0,1.5,12,0,903905,904050,GF,101,2082-07-23 08:00:00,2082-07-26 08:30:00,2082,7,23,8,2082,7,26,8,3,2
63_8,64.235,5.92,40.5,34.5,6,12,0,939683,939763,GF,101,2084-08-06 17:00:00,2084-08-08 09:00:00,2084,8,6,17,2084,8,8,9,3,10
64_7,101.365,4.29,66.5,0,0,24,0,957454,957586,GF,101,2085-08-11 22:30:00,2085-08-14 16:30:00,2085,8,11,22,2085,8,14,16,2,6
65_7,29.925,4.44,36,0,0,6,0,975074,975145,GF,101,2086-08-14 00:30:00,2086-08-15 12:00:00,2086,8,14,0,2086,8,15,12,2,5
66_7,97.045,5.53,80.5,0,0,60,0,975590,975750,GF,101,2086-08-24 18:30:00,2086-08-28 02:30:00,2086,8,24,18,2086,8,28,2,2,5
67_6,45.395,4.22,38,22,16,12,0,1009106,1009181,GF,101,2088-07-23 00:30:00,2088-07-24 14:00:00,2088,7,23,0,2088,7,24,14,2,9
68_5,65.85,3.08,104,0,0,12,0,1009541,1009748,GF,101,2088-08-01 02:00:00,2088-08-05 09:30:00,2088,8,1,2,2088,8,5,9,2,9
69_3,48.15,7.73,71,0,0,18,0,1027772,1027913,GF,101,2089-08-15 21:30:00,2089-08-18 20:00:00,2089,8,15,21,2089,8,18,20,1,10
70_2,41.53,2.33,101.5,0,7.5,18,0,1048588,1048790,GF,101,2090-10-23 13:30:00,2090-10-27 18:30:00,2090,10,23,13,2090,10,27,18,2,8
1_10,45.16,4.34,45,0,0,0,0,10810,10899,GF,102,2031-08-14 04:30:00,2031-08-16 01:00:00,2031,8,14,4,2031,8,16,1,1,9
2_10,38.6,3.43,50,0,0,0,0,11034,11133,GF,102,2031-08-18 20:30:00,2031-08-20 22:00:00,2031,8,18,20,2031,8,20,22,1,9
3_10,113.875,13.46,61.5,26.5,27.5,0,0,11289,11411,GF,102,2031-08-24 04:00:00,2031-08-26 17:00:00,2031,8,24,4,2031,8,26,17,1,9
4_10,27.245,2.31,26,0,0,0,0,31153,31204,GF,102,2032-10-11 00:00:00,2032-10-12 01:30:00,2032,10,11,0,2032,10,12,1,3,8
5_10,38.705,5.97,27,0,0,12,0,48136,48189,GF,102,2033-09-29 19:30:00,2033-09-30 22:00:00,2033,9,29,19,2033,9,30,22,3,9
6_10,39.64,8.13,20,0,0,12,0,77919,77958,GF,102,2035-06-12 07:00:00,2035-06-13 02:30:00,2035,6,12,7,2035,6,13,2,1,6
7_10,43.925,1.26,137,63.5,31.5,0,0,115072,115345,GF,102,2037-07-25 07:30:00,2037-07-31 00:00:00,2037,7,25,7,2037,7,31,0,2,10
8_10,23.24,3.16,43.5,0,0,24,0,133999,134085,GF,102,2038-08-23 15:00:00,2038-08-25 10:00:00,2038,8,23,15,2038,8,25,10,2,5
9_10,72.455,3.48,118,14.5,103.5,0,0,134258,134493,GF,102,2038-08-29 00:30:00,2038-09-02 22:00:00,2038,8,29,0,2038,9,2,22,2,5
10_10,53.685,2.56,70.5,0,0,6,0,149027,149167,GF,102,2039-07-02 17:00:00,2039-07-05 15:00:00,2039,7,2,17,2039,7,5,15,2,6
11_10,31.075,4.57,29,0,0,24,0,169273,169330,GF,102,2040-08-27 12:00:00,2040-08-28 16:30:00,2040,8,27,12,2040,8,28,16,2,10
12_10,83.22,5.05,154,0,0,6,0,202412,202719,GF,102,2042-07-18 21:30:00,2042-07-25 07:00:00,2042,7,18,21,2042,7,25,7,2,5
13_10,25.715,5.32,16.5,0,0,0,0,225801,225833,GF,102,2043-11-18 04:00:00,2043-11-18 20:00:00,2043,11,18,4,2043,11,18,20,1,6
14_10,52.045,2.23,90,0,0,0,0,235724,235903,GF,102,2044-06-11 21:30:00,2044-06-15 15:00:00,2044,6,11,21,2044,6,15,15,2,7
15_10,34,4.48,30,0,0,18,0,258737,258796,GF,102,2045-10-04 08:00:00,2045-10-05 13:30:00,2045,10,4,8,2045,10,5,13,1,9
16_10,40.005,7.89,27.5,0,33,6,0,274178,274232,GF,102,2046-08-22 00:30:00,2046-08-23 03:30:00,2046,8,22,0,2046,8,23,3,2,3
17_10,89.995,6.41,72.5,0,0,30,0,274668,274812,GF,102,2046-09-01 05:30:00,2046-09-04 05:30:00,2046,9,1,5,2046,9,4,5,2,3
18_10,24.805,1.6,73,0,0,0,0,289460,289605,GF,102,2047-07-06 09:30:00,2047-07-09 10:00:00,2047,7,6,9,2047,7,9,10,2,10
19_10,104.395,7.3,87,62,25,6,0,307525,307698,GF,102,2048-07-16 18:00:00,2048-07-20 08:30:00,2048,7,16,18,2048,7,20,8,3,9
20_10,28.73,3.77,38.5,0,0,12,0,344403,344479,GF,102,2050-08-24 01:00:00,2050-08-25 15:00:00,2050,8,24,1,2050,8,25,15,1,8
21_10,59.785,11.56,31,16,15,12,0,344633,344694,GF,102,2050-08-28 20:00:00,2050-08-30 02:30:00,2050,8,28,20,2050,8,30,2,1,8
22_10,34.865,1.61,73.5,0,0,24,0,362376,362522,GF,102,2051-09-02 11:30:00,2051-09-05 12:30:00,2051,9,2,11,2051,9,5,12,2,9
23_10,66.5,9.84,31.5,27,4.5,12,0,379850,379912,GF,102,2052-08-31 12:30:00,2052-09-01 19:30:00,2052,8,31,12,2052,9,1,19,1,8
24_10,55.355,3.24,36.5,0,0,12,0,397606,397678,GF,102,2053-09-05 10:30:00,2053-09-06 22:30:00,2053,9,5,10,2053,9,6,22,2,9
25_10,78.345,7.74,50,21,32,0,0,415265,415364,GF,102,2054-09-08 08:00:00,2054-09-10 09:30:00,2054,9,8,8,2054,9,10,9,3,9
26_10,56.24,4.13,73.5,0,22,6,0,429995,430141,GF,102,2055-07-12 05:00:00,2055-07-15 06:00:00,2055,7,12,5,2055,7,15,6,1,10
27_10,31.115,4.91,21.5,11,10.5,18,0,430510,430552,GF,102,2055-07-22 22:30:00,2055-07-23 19:30:00,2055,7,22,22,2055,7,23,19,1,10
28_10,22.22,2.65,62,0,0,0,0,453226,453349,GF,102,2056-11-07 04:30:00,2056-11-09 18:00:00,2056,11,7,4,2056,11,9,18,1,4
29_10,66.01,5.35,51,0,0,0,0,464051,464152,GF,102,2057-06-20 17:00:00,2057-06-22 19:30:00,2057,6,20,17,2057,6,22,19,2,9
30_10,57.47,2.1,82,12.5,45,6,0,485634,485797,GF,102,2058-09-13 08:30:00,2058-09-16 18:00:00,2058,9,13,8,2058,9,16,18,2,9
31_10,22.885,3.2,32.5,0,0,24,0,502221,502285,GF,102,2059-08-24 22:00:00,2059-08-26 06:00:00,2059,8,24,22,2059,8,26,6,2,8
32_10,55.815,4.13,49.5,16.5,25,0,0,502654,502752,GF,102,2059-09-02 22:30:00,2059-09-04 23:30:00,2059,9,2,22,2059,9,4,23,2,8
33_10,71.55,6.79,55,0,0,6,0,520165,520274,GF,102,2060-09-01 18:00:00,2060-09-04 00:30:00,2060,9,1,18,2060,9,4,0,3,9
34_10,89.2,6.99,55,48.5,6.5,0,0,553346,553455,GF,102,2062-07-25 00:30:00,2062-07-27 07:00:00,2062,7,25,0,2062,7,27,7,3,9
35_10,25.755,3.31,21,1,20,24,0,573536,573577,GF,102,2063-09-18 15:30:00,2063-09-19 12:00:00,2063,9,18,15,2063,9,19,12,3,2
36_10,90.505,5.12,63,0,0,30,0,588208,588333,GF,102,2064-07-20 07:30:00,2064-07-22 22:00:00,2064,7,20,7,2064,7,22,22,2,6
37_10,22.22,3.2,29.5,0,0,18,0,609670,609728,GF,102,2065-10-10 10:30:00,2065-10-11 15:30:00,2065,10,10,10,2065,10,11,15,2,5
38_10,27.07,2.16,103,0,0,12,0,620984,621189,GF,102,2066-06-03 03:30:00,2066-06-07 10:00:00,2066,6,3,3,2066,6,7,10,2,8
39_10,65.165,2.6,77,0,0,0,0,621216,621369,GF,102,2066-06-07 23:30:00,2066-06-11 04:00:00,2066,6,7,23,2066,6,11,4,2,8
40_10,35.395,7.53,27.5,0,26,18,0,643527,643581,GF,102,2067-09-15 19:00:00,2067-09-16 22:00:00,2067,9,15,19,2067,9,16,22,1,6
41_10,23.13,2.67,29.5,0,0,0,0,664195,664253,GF,102,2068-11-19 09:00:00,2068-11-20 14:00:00,2068,11,19,9,2068,11,20,14,1,2
42_10,26.965,2.52,72.5,0,0,0,0,681209,681353,GF,102,2069-11-08 20:00:00,2069-11-11 20:00:00,2069,11,8,20,2069,11,11,20,2,4
43_10,42.375,4.44,34,22.5,11.5,12,0,697494,697561,GF,102,2070-10-14 02:30:00,2070-10-15 12:00:00,2070,10,14,2,2070,10,15,12,3,6
44_10,82.34,7.64,46.5,40,10,18,0,711331,711423,GF,102,2071-07-29 09:00:00,2071-07-31 07:00:00,2071,7,29,9,2071,7,31,7,3,8
45_10,26.835,3.66,50,0,0,30,0,728581,728680,GF,102,2072-07-22 18:00:00,2072-07-24 19:30:00,2072,7,22,18,2072,7,24,19,3,1
46_10,25.535,2.28,40.5,0,19.5,6,0,728753,728833,GF,102,2072-07-26 08:00:00,2072-07-28 00:00:00,2072,7,26,8,2072,7,28,0,3,1
47_10,34.025,7.21,93.5,0,0,0,0,751069,751255,GF,102,2073-11-03 06:00:00,2073-11-07 03:00:00,2073,11,3,6,2073,11,7,3,1,2
48_10,51.415,7.86,66.5,0,0,30,0,765699,765831,GF,102,2074-09-04 01:00:00,2074-09-06 19:00:00,2074,9,4,1,2074,9,6,19,1,5
49_10,58.69,2.58,91,0,33.5,42,0,783139,783320,GF,102,2075-09-02 09:00:00,2075-09-06 03:30:00,2075,9,2,9,2075,9,6,3,2,6
50_10,77.735,4.16,134,0,0,0,0,802486,802753,GF,102,2076-10-09 10:30:00,2076-10-15 00:00:00,2076,10,9,10,2076,10,15,0,2,9
51_10,118.9,7.14,170.5,15,45.5,36,0,817495,817835,GF,102,2077-08-18 03:00:00,2077-08-25 05:00:00,2077,8,18,3,2077,8,25,5,2,6
52_10,27.81,2.99,85.5,0,0,24,0,838549,838719,GF,102,2078-10-30 18:00:00,2078-11-03 07:00:00,2078,10,30,18,2078,11,3,7,1,4
53_10,31,3.21,53.5,0,0,0,0,850706,850812,GF,102,2079-07-11 00:30:00,2079-07-13 05:30:00,2079,7,11,0,2079,7,13,5,2,5
54_10,39.045,5.51,18.5,0,0,6,0,872106,872142,GF,102,2080-09-28 20:30:00,2080-09-29 14:30:00,2080,9,28,20,2080,9,29,14,1,1
55_10,64.805,3.27,95,0,20.5,0,0,889878,890067,GF,102,2081-10-04 02:30:00,2081-10-08 01:00:00,2081,10,4,2,2081,10,8,1,2,9
56_10,25.39,6.11,30,0,0,24,0,904215,904274,GF,102,2082-07-29 19:00:00,2082-07-31 00:30:00,2082,7,29,19,2082,7,31,0,3,8
57_10,46.64,5.6,29.5,21,8.5,12,0,904539,904597,GF,102,2082-08-05 13:00:00,2082-08-06 18:00:00,2082,8,5,13,2082,8,6,18,3,8
58_10,31.15,3.62,33.5,10.5,23,6,0,923262,923328,GF,102,2083-08-30 14:30:00,2083-08-31 23:30:00,2083,8,30,14,2083,8,31,23,1,6
59_10,46.06,5.23,55.5,0,0,0,0,923428,923538,GF,102,2083-09-03 01:30:00,2083-09-05 08:30:00,2083,9,3,1,2083,9,5,8,1,6
60_10,41.805,3.49,45.5,24,21.5,18,0,938879,938969,GF,102,2084-07-20 23:00:00,2084-07-22 20:00:00,2084,7,20,23,2084,7,22,20,2,6
61_10,21.31,2.02,55,0,0,18,0,960590,960699,GF,102,2085-10-16 06:30:00,2085-10-18 13:00:00,2085,10,16,6,2085,10,18,13,3,5
62_10,42.165,3.65,68.5,0,0,0,0,960794,960930,GF,102,2085-10-20 12:30:00,2085-10-23 08:30:00,2085,10,20,12,2085,10,23,8,3,5
63_9,51.865,3.24,51.5,0,0,0,0,974565,974667,GF,102,2086-08-03 10:00:00,2086-08-05 13:00:00,2086,8,3,10,2086,8,5,13,2,6
64_8,33.3,2.79,45.5,0,0,0,0,997090,997180,GF,102,2087-11-15 16:30:00,2087-11-17 13:30:00,2087,11,15,16,2087,11,17,13,3,6
65_8,24.9,3.7,24,0,0,24,0,1010466,1010513,GF,102,2088-08-20 08:30:00,2088-08-21 08:00:00,2088,8,20,8,2088,8,21,8,3,10
66_8,22.825,3.27,37.5,0,0,36,0,1028154,1028228,GF,102,2089-08-23 20:30:00,2089-08-25 09:30:00,2089,8,23,20,2089,8,25,9,1,1
67_7,49.39,8.29,24.5,0,0,18,0,1046754,1046802,GF,102,2090-09-15 08:30:00,2090-09-16 08:30:00,2090,9,15,8,2090,9,16,8,1,2
1_11,60.1,8.27,58,0,30.5,-999,0,11649,11764,GF,103,2031-08-31 16:00:00,2031-09-03 01:30:00,2031,8,31,16,2031,9,3,1,1,2
2_11,69.38,9.2,59,0,0,-999,0,31542,31659,GF,103,2032-10-19 02:30:00,2032-10-21 13:00:00,2032,10,19,2,2032,10,21,13,1,8
3_11,31.655,1.52,56.5,0,0,-999,0,43467,43579,GF,103,2033-06-24 13:00:00,2033-06-26 21:00:00,2033,6,24,13,2033,6,26,21,2,6
4_11,22.065,2.42,42,0,0,-999,0,63781,63864,GF,103,2034-08-21 18:00:00,2034-08-23 11:30:00,2034,8,21,18,2034,8,23,11,3,5
5_11,25.495,2.94,34.5,0,0,-999,0,64241,64309,GF,103,2034-08-31 08:00:00,2034-09-01 18:00:00,2034,8,31,8,2034,9,1,18,3,5
6_11,56.89,2.94,136,0,0,-999,0,79216,79487,GF,103,2035-07-09 07:30:00,2035-07-14 23:00:00,2035,7,9,7,2035,7,14,23,2,5
7_11,22.005,2.53,30.5,26,4.5,-999,0,98434,98494,GF,103,2036-08-12 16:30:00,2036-08-13 22:30:00,2036,8,12,16,2036,8,13,22,3,7
8_11,40.525,2.93,33.5,0,0,-999,0,98792,98858,GF,103,2036-08-20 03:30:00,2036-08-21 12:30:00,2036,8,20,3,2036,8,21,12,3,7
9_11,35.16,3.97,23,0,0,-999,0,118434,118479,GF,103,2037-10-03 08:30:00,2037-10-04 07:00:00,2037,10,3,8,2037,10,4,7,3,3
10_11,128.055,4.06,127,0,0,-999,0,149892,150145,GF,103,2039-07-20 17:30:00,2039-07-26 00:00:00,2039,7,20,17,2039,7,26,0,2,1
11_11,74.915,6.24,52.5,27,25.5,-999,0,186441,186545,GF,103,2041-08-20 04:00:00,2041-08-22 08:00:00,2041,8,20,4,2041,8,22,8,2,8
12_11,40.485,4.84,65,0,0,-999,0,206076,206205,GF,103,2042-10-03 05:30:00,2042-10-05 22:00:00,2042,10,3,5,2042,10,5,22,1,5
13_11,40.78,3.32,100,0,11,-999,0,222497,222696,GF,103,2043-09-10 08:00:00,2043-09-14 11:30:00,2043,9,10,8,2043,9,14,11,1,8
14_11,56.48,6.83,44,18.5,25.5,-999,0,222732,222819,GF,103,2043-09-15 05:30:00,2043-09-17 01:00:00,2043,9,15,5,2043,9,17,1,1,8
15_11,39.075,2.51,62,0,0,-999,0,240983,241106,GF,103,2044-09-29 11:00:00,2044-10-02 00:30:00,2044,9,29,11,2044,10,2,0,2,9
16_11,27.025,2.62,35.5,0,0,-999,0,255961,256031,GF,103,2045-08-07 12:00:00,2045-08-08 23:00:00,2045,8,7,12,2045,8,8,23,3,10
17_11,57.61,6.85,56.5,39.5,17,-999,0,256253,256365,GF,103,2045-08-13 14:00:00,2045-08-15 22:00:00,2045,8,13,14,2045,8,15,22,3,10
18_11,43.785,4.52,23.5,16,7.5,-999,0,273263,273309,GF,103,2046-08-02 23:00:00,2046-08-03 22:00:00,2046,8,2,23,2046,8,3,22,3,7
19_11,28.1,1.82,67.5,25.5,35,-999,0,294800,294934,GF,103,2047-10-25 15:30:00,2047-10-28 10:30:00,2047,10,25,15,2047,10,28,10,3,8
20_11,34.11,3.89,28.5,0,0,-999,0,346205,346261,GF,103,2050-09-30 14:00:00,2050-10-01 18:00:00,2050,9,30,14,2050,10,1,18,1,8
21_11,43.475,3.54,47,0,0,-999,0,358545,358638,GF,103,2051-06-14 16:00:00,2051-06-16 14:30:00,2051,6,14,16,2051,6,16,14,3,5
22_11,28.76,2.74,53,0,0,-999,0,378757,378862,GF,103,2052-08-08 18:00:00,2052-08-10 22:30:00,2052,8,8,18,2052,8,10,22,2,5
23_11,37.885,3.29,97.5,0,0,-999,0,379173,379367,GF,103,2052-08-17 10:00:00,2052-08-21 11:00:00,2052,8,17,10,2052,8,21,11,2,5
24_11,30.24,2.79,55,0,0,-999,0,396596,396705,GF,103,2053-08-15 09:30:00,2053-08-17 16:00:00,2053,8,15,9,2053,8,17,16,1,9
25_11,68.155,7.6,67.5,35.5,32,-999,0,396719,396853,GF,103,2053-08-17 23:00:00,2053-08-20 18:00:00,2053,8,17,23,2053,8,20,18,1,9
26_11,27.18,1.57,140,0,0,-999,0,418472,418751,GF,103,2054-11-14 03:30:00,2054-11-19 23:00:00,2054,11,14,3,2054,11,19,23,3,4
27_11,21.61,0.7,116,0,0,-999,0,430954,431185,GF,103,2055-08-01 04:30:00,2055-08-06 00:00:00,2055,8,1,4,2055,8,6,0,2,10
28_11,39.005,4.7,90,0,0,-999,0,453591,453770,GF,103,2056-11-14 19:00:00,2056-11-18 12:30:00,2056,11,14,19,2056,11,18,12,1,9
29_11,74.63,5.43,50.5,22.5,28,-999,0,465735,465835,GF,103,2057-07-25 19:00:00,2057-07-27 21:00:00,2057,7,25,19,2057,7,27,21,3,8
30_11,29.74,4.99,42.5,0,29.5,-999,0,484575,484659,GF,103,2058-08-22 07:00:00,2058-08-24 01:00:00,2058,8,22,7,2058,8,24,1,1,2
31_11,22.37,1.75,148,0,0,-999,0,505841,506136,GF,103,2059-11-08 08:00:00,2059-11-14 11:30:00,2059,11,8,8,2059,11,14,11,1,4
32_11,151.09,5.86,154,0,0,-999,0,555886,556193,GF,103,2062-09-15 22:30:00,2062-09-22 08:00:00,2062,9,15,22,2062,9,22,8,2,8
33_11,35.82,2.39,100,0,0,-999,0,574629,574828,GF,103,2063-10-11 10:00:00,2063-10-15 13:30:00,2063,10,11,10,2063,10,15,13,2,10
34_11,49.82,8.7,56,0,0,-999,0,587917,588028,GF,103,2064-07-14 06:00:00,2064-07-16 13:30:00,2064,7,14,6,2064,7,16,13,1,8
35_11,44.485,3.48,38.5,0,0,-999,0,610074,610150,GF,103,2065-10-18 20:30:00,2065-10-20 10:30:00,2065,10,18,20,2065,10,20,10,3,5
36_11,108.09,9.48,48,22.5,25.5,-999,0,624575,624670,GF,103,2066-08-16 23:00:00,2066-08-18 22:30:00,2066,8,16,23,2066,8,18,22,2,2
37_11,83.05,4.95,59.5,28.5,37.5,-999,0,642683,642801,GF,103,2067-08-29 05:00:00,2067-08-31 16:00:00,2067,8,29,5,2067,8,31,16,2,9
38_11,59.505,4.4,110.5,0,0,-999,0,659680,659900,GF,103,2068-08-17 07:30:00,2068-08-21 21:30:00,2068,8,17,7,2068,8,21,21,2,6
39_11,38.38,2.94,45,0,0,-999,0,679676,679765,GF,103,2069-10-07 21:30:00,2069-10-09 18:00:00,2069,10,7,21,2069,10,9,18,2,5
40_11,48.69,4.34,81,48,33,-999,0,694380,694541,GF,103,2070-08-10 05:30:00,2070-08-13 14:00:00,2070,8,10,5,2070,8,13,14,3,7
41_11,43.77,6.09,84.5,15.5,22.5,-999,0,711078,711246,GF,103,2071-07-24 02:30:00,2071-07-27 14:30:00,2071,7,24,2,2071,7,27,14,1,6
42_11,44.1,5.3,63,0,12,-999,0,730422,730547,GF,103,2072-08-30 02:30:00,2072-09-01 17:00:00,2072,8,30,2,2072,9,1,17,1,2
43_11,29.895,2.15,97,0,0,-999,0,746734,746927,GF,103,2073-08-04 22:30:00,2073-08-08 23:00:00,2073,8,4,22,2073,8,8,23,2,6
44_11,33.585,4.33,28,0,0,-999,0,762688,762743,GF,103,2074-07-03 07:30:00,2074-07-04 11:00:00,2074,7,3,7,2074,7,4,11,2,5
45_11,44.995,2.53,50.5,24,26.5,-999,0,763040,763140,GF,103,2074-07-10 15:30:00,2074-07-12 17:30:00,2074,7,10,15,2074,7,12,17,2,5
46_11,90.96,5.62,96.5,81.5,6.5,-999,0,781038,781230,GF,103,2075-07-20 14:30:00,2075-07-24 14:30:00,2075,7,20,14,2075,7,24,14,3,5
47_11,24.79,3,40.5,21,19.5,-999,0,800587,800667,GF,103,2076-08-30 21:00:00,2076-09-01 13:00:00,2076,8,30,21,2076,9,1,13,1,1
48_11,25.22,2.04,61,0,0,-999,0,800749,800870,GF,103,2076-09-03 06:00:00,2076-09-05 18:30:00,2076,9,3,6,2076,9,5,18,1,1
49_11,86.57,8.45,63.5,0,0,-999,0,800897,801023,GF,103,2076-09-06 08:00:00,2076-09-08 23:00:00,2076,9,6,8,2076,9,8,23,1,1
50_11,54.225,5.15,33,0,0,-999,0,818469,818534,GF,103,2077-09-07 10:00:00,2077-09-08 18:30:00,2077,9,7,10,2077,9,8,18,3,1
51_11,44.885,3.75,110,0,0,-999,0,839833,840052,GF,103,2078-11-26 12:00:00,2078-12-01 01:30:00,2078,11,26,12,2078,12,1,1,3,2
52_11,73.56,9.71,42.5,28.5,14,-999,0,853019,853103,GF,103,2079-08-28 05:00:00,2079-08-29 23:00:00,2079,8,28,5,2079,8,29,23,1,7
53_11,38.54,3.18,37.5,0,0,-999,0,868763,868837,GF,103,2080-07-21 05:00:00,2080-07-22 18:00:00,2080,7,21,5,2080,7,22,18,2,10
54_11,28.75,2.2,100,48,51.5,-999,0,869152,869351,GF,103,2080-07-29 07:30:00,2080-08-02 11:00:00,2080,7,29,7,2080,8,2,11,2,10
55_11,29.59,3.99,34,29.5,4.5,-999,0,886845,886912,GF,103,2081-08-01 22:00:00,2081-08-03 07:30:00,2081,8,1,22,2081,8,3,7,1,9
56_11,24.925,3.43,25.5,0,0,-999,0,921732,921782,GF,103,2083-07-29 17:30:00,2083-07-30 18:30:00,2083,7,29,17,2083,7,30,18,2,3
57_11,41.515,3.21,41.5,0,0,-999,0,921851,921933,GF,103,2083-08-01 05:00:00,2083-08-02 22:00:00,2083,8,1,5,2083,8,2,22,2,3
58_11,21.18,2.6,44,0,0,-999,0,936551,936638,GF,103,2084-06-02 11:00:00,2084-06-04 06:30:00,2084,6,2,11,2084,6,4,6,3,8
59_11,44.755,2.94,45,8,26,-999,0,958322,958411,GF,103,2085-08-30 00:30:00,2085-08-31 21:00:00,2085,8,30,0,2085,8,31,21,2,7
60_11,60.31,7.09,43,8.5,34.5,-999,0,976789,976874,GF,103,2086-09-18 18:00:00,2086-09-20 12:30:00,2086,9,18,18,2086,9,20,12,1,9
61_11,39.365,5.6,78,0,0,-999,0,994605,994760,GF,103,2087-09-24 22:00:00,2087-09-28 03:30:00,2087,9,24,22,2087,9,28,3,1,10
62_11,45.055,7.84,29.5,0,0,-999,0,1012079,1012137,GF,103,2088-09-22 23:00:00,2088-09-24 04:00:00,2088,9,22,23,2088,9,24,4,1,6
63_10,63.22,5,51.5,4,24,-999,0,1028658,1028760,GF,103,2089-09-03 08:30:00,2089-09-05 11:30:00,2089,9,3,8,2089,9,5,11,3,8
64_9,57.925,3.5,45.5,0,0,-999,0,1048377,1048467,GF,103,2090-10-19 04:00:00,2090-10-21 01:00:00,2090,10,19,4,2090,10,21,1,2,6
1_12,36.225,3.97,93,15,49.5,-999,0,11868,12053,GF,104,2031-09-05 05:30:00,2031-09-09 02:00:00,2031,9,5,5,2031,9,9,2,3,2
2_12,57.39,5.39,41,18.5,22.5,-999,21.5,12174,12255,GF,104,2031-09-11 14:30:00,2031-09-13 07:00:00,2031,9,11,14,2031,9,13,7,3,2
3_12,28.235,8.09,25,0,0,-999,0,27883,27932,GF,104,2032-08-03 21:00:00,2032-08-04 21:30:00,2032,8,3,21,2032,8,4,21,3,5
4_12,71.67,8.68,38,0,0,-999,0,28381,28456,GF,104,2032-08-14 06:00:00,2032-08-15 19:30:00,2032,8,14,6,2032,8,15,19,3,5
5_12,52.59,9.16,23.5,0,0,-999,0,47639,47685,GF,104,2033-09-19 11:00:00,2033-09-20 10:00:00,2033,9,19,11,2033,9,20,10,1,6
6_12,100.17,6.62,46.5,0,46.5,-999,0,63843,63935,GF,104,2034-08-23 01:00:00,2034-08-24 23:00:00,2034,8,23,1,2034,8,24,23,3,7
7_12,42.76,2.07,60,0,0,-999,0,80403,80522,GF,104,2035-08-03 01:00:00,2035-08-05 12:30:00,2035,8,3,1,2035,8,5,12,2,7
8_12,28.345,3.44,40.5,0,0,-999,0,80561,80641,GF,104,2035-08-06 08:00:00,2035-08-08 00:00:00,2035,8,6,8,2035,8,8,0,2,7
9_12,21.83,2.49,56,0,0,-999,0,101744,101855,GF,104,2036-10-20 15:30:00,2036-10-22 23:00:00,2036,10,20,15,2036,10,22,23,3,4
10_12,95,9.35,57,26.5,30.5,-999,0,115695,115808,GF,104,2037-08-07 07:00:00,2037-08-09 15:30:00,2037,8,7,7,2037,8,9,15,1,8
11_12,54.135,9.73,31,19,12,-999,0,168706,168767,GF,104,2040-08-15 16:30:00,2040-08-16 23:00:00,2040,8,15,16,2040,8,16,23,1,9
12_12,99.78,13.69,40,17,23,-999,0,187284,187363,GF,104,2041-09-06 17:30:00,2041-09-08 09:00:00,2041,9,6,17,2041,9,8,9,1,2
13_12,44.045,2.42,123,0,0,-999,0,203043,203288,GF,104,2042-08-01 01:00:00,2042-08-06 03:30:00,2042,8,1,1,2042,8,6,3,3,10
14_12,73.93,5.73,44.5,19.5,25,-999,0,203623,203711,GF,104,2042-08-13 03:00:00,2042-08-14 23:00:00,2042,8,13,3,2042,8,14,23,3,10
15_12,87.555,4.89,72.5,37,46.5,-999,0,221728,221872,GF,104,2043-08-25 07:30:00,2043-08-28 07:30:00,2043,8,25,7,2043,8,28,7,2,10
16_12,46.46,6.36,40,0,0,-999,0,240195,240274,GF,104,2044-09-13 01:00:00,2044-09-14 16:30:00,2044,9,13,1,2044,9,14,16,3,5
17_12,26.485,2.34,74.5,0,0,-999,0,255115,255263,GF,104,2045-07-20 21:00:00,2045-07-23 23:00:00,2045,7,20,21,2045,7,23,23,3,7
18_12,111.68,4.34,77.5,12,24,-999,0,275758,275912,GF,104,2046-09-23 22:30:00,2046-09-27 03:30:00,2046,9,23,22,2046,9,27,3,2,9
19_12,46.52,3.83,44,0,0,-999,0,292733,292820,GF,104,2047-09-12 14:00:00,2047-09-14 09:30:00,2047,9,12,14,2047,9,14,9,3,10
20_12,31.61,2.93,53,0,0,-999,0,311081,311186,GF,104,2048-09-28 20:00:00,2048-10-01 00:30:00,2048,9,28,20,2048,10,1,0,1,5
21_12,37.915,7.83,18,0,0,-999,0,311535,311570,GF,104,2048-10-08 07:00:00,2048-10-09 00:30:00,2048,10,8,7,2048,10,9,0,1,5
22_12,37.34,2.55,48.5,0,4,-999,0,330124,330220,GF,104,2049-10-30 13:30:00,2049-11-01 13:30:00,2049,10,30,13,2049,11,1,13,2,2
23_12,27.485,2.81,33,0,0,-999,0,341001,341066,GF,104,2050-06-14 04:00:00,2050-06-15 12:30:00,2050,6,14,4,2050,6,15,12,1,1
24_12,65.66,2.64,84,0,0,-999,0,360344,360511,GF,104,2051-07-22 03:30:00,2051-07-25 15:00:00,2051,7,22,3,2051,7,25,15,2,9
25_12,29.575,3.44,47.5,0,0,-999,0,383163,383257,GF,104,2052-11-08 13:00:00,2052-11-10 12:00:00,2052,11,8,13,2052,11,10,12,1,8
26_12,21.78,2.48,53,0,0,-999,0,399432,399537,GF,104,2053-10-13 11:30:00,2053-10-15 16:00:00,2053,10,13,11,2053,10,15,16,2,10
27_12,60.94,2.23,55,0,0,-999,0,399905,400014,GF,104,2053-10-23 08:00:00,2053-10-25 14:30:00,2053,10,23,8,2053,10,25,14,2,10
28_12,27.39,2.77,24.5,0,0,-999,0,451051,451099,GF,104,2056-09-22 21:00:00,2056-09-23 21:00:00,2056,9,22,21,2056,9,23,21,1,8
29_12,28.695,3.7,84.5,0,0,-999,0,471202,471370,GF,104,2057-11-16 16:30:00,2057-11-20 04:30:00,2057,11,16,16,2057,11,20,4,1,2
30_12,28.445,1.95,91.5,0,26,-999,0,486244,486426,GF,104,2058-09-26 01:30:00,2058-09-29 20:30:00,2058,9,26,1,2058,9,29,20,2,6
31_12,61.855,3.71,67,0,0,-999,0,486760,486893,GF,104,2058-10-06 19:30:00,2058-10-09 14:00:00,2058,10,6,19,2058,10,9,14,2,6
32_12,23.16,2.77,43.5,0,0,-999,0,505230,505316,GF,104,2059-10-26 14:30:00,2059-10-28 09:30:00,2059,10,26,14,2059,10,28,9,1,2
33_12,31.04,4.2,44,0,0,-999,0,505627,505714,GF,104,2059-11-03 21:00:00,2059-11-05 16:30:00,2059,11,3,21,2059,11,5,16,1,2
34_12,23.93,1.64,46,0,0,-999,0,519818,519909,GF,104,2060-08-25 12:30:00,2060-08-27 10:00:00,2060,8,25,12,2060,8,27,10,2,6
35_12,76.625,3.93,68,0,0,-999,0,520067,520202,GF,104,2060-08-30 17:00:00,2060-09-02 12:30:00,2060,8,30,17,2060,9,2,12,2,6
36_12,21.22,1.47,59,0,0,-999,0,540266,540383,GF,104,2061-10-25 12:30:00,2061-10-27 23:00:00,2061,10,25,12,2061,10,27,23,2,6
37_12,76.135,10.98,67.5,24,28.5,-999,0,554458,554592,GF,104,2062-08-17 04:30:00,2062-08-19 23:30:00,2062,8,17,4,2062,8,19,23,1,8
38_12,66.695,6.36,35.5,0,0,-999,0,574616,574686,GF,104,2063-10-11 03:30:00,2063-10-12 14:30:00,2063,10,11,3,2063,10,12,14,3,2
39_12,28.355,4.99,25,0,0,-999,0,606981,607030,GF,104,2065-08-15 10:00:00,2065-08-16 10:30:00,2065,8,15,10,2065,8,16,10,2,7
40_12,72.345,8.55,67,43,24,-999,0,643569,643702,GF,104,2067-09-16 16:00:00,2067-09-19 10:30:00,2067,9,16,16,2067,9,19,10,1,9
41_12,30.92,3.77,65,0,0,-999,0,676204,676333,GF,104,2069-07-27 13:30:00,2069-07-30 06:00:00,2069,7,27,13,2069,7,30,6,3,10
42_12,35.32,3.86,31,0,0,-999,0,714117,714178,GF,104,2071-09-25 10:00:00,2071-09-26 16:30:00,2071,9,25,10,2071,9,26,16,3,8
43_12,76.945,5.78,78,24,43,-999,0,728751,728906,GF,104,2072-07-26 07:00:00,2072-07-29 12:30:00,2072,7,26,7,2072,7,29,12,3,10
44_12,37.055,3.51,57.5,0,0,-999,0,748144,748258,GF,104,2073-09-03 07:30:00,2073-09-05 16:30:00,2073,9,3,7,2073,9,5,16,2,9
45_12,29.055,5.43,18.5,0,0,-999,0,765508,765544,GF,104,2074-08-31 01:30:00,2074-08-31 19:30:00,2074,8,31,1,2074,8,31,19,2,5
46_12,39.22,3.31,40.5,0,29.5,-999,0,765613,765693,GF,104,2074-09-02 06:00:00,2074-09-03 22:00:00,2074,9,2,6,2074,9,3,22,2,5
47_12,75.075,8.91,56.5,17,32.5,-999,0,782800,782912,GF,104,2075-08-26 07:30:00,2075-08-28 15:30:00,2075,8,26,7,2075,8,28,15,3,8
48_12,58.035,2.14,176.5,0,0,-999,0,798656,799008,GF,104,2076-07-21 15:30:00,2076-07-28 23:30:00,2076,7,21,15,2076,7,28,23,3,7
49_12,103.305,12.05,26.5,1.5,12,-999,0,818699,818751,GF,104,2077-09-12 05:00:00,2077-09-13 07:00:00,2077,9,12,5,2077,9,13,7,1,6
50_12,71.7,6.21,73.5,33.5,25.5,-999,0,834618,834764,GF,104,2078-08-09 20:30:00,2078-08-12 21:30:00,2078,8,9,20,2078,8,12,21,1,1
51_12,43.705,3.31,49,16.5,25,-999,0,855650,855747,GF,104,2079-10-22 00:30:00,2079-10-24 01:00:00,2079,10,22,0,2079,10,24,1,3,6
52_12,47.475,4.88,24,0,0,-999,0,871461,871508,GF,104,2080-09-15 10:00:00,2080-09-16 09:30:00,2080,9,15,10,2080,9,16,9,3,5
53_12,36.07,2.02,56.5,0,4.5,-999,0,890441,890553,GF,104,2081-10-15 20:00:00,2081-10-18 04:00:00,2081,10,15,20,2081,10,18,4,2,9
54_12,49.64,3.9,59,32.5,26.5,-999,0,921822,921939,GF,104,2083-07-31 14:30:00,2083-08-03 01:00:00,2083,7,31,14,2083,8,3,1,2,8
55_12,37.06,6.57,41,17.5,19.5,-999,0,937309,937390,GF,104,2084-06-18 06:00:00,2084-06-19 22:30:00,2084,6,18,6,2084,6,19,22,1,2
56_12,49.965,4.56,30,27.5,2.5,-999,0,957629,957688,GF,104,2085-08-15 14:00:00,2085-08-16 19:30:00,2085,8,15,14,2085,8,16,19,3,8
57_12,115.99,9.75,87,0,0,-999,0,974459,974632,GF,104,2086-08-01 05:00:00,2086-08-04 19:30:00,2086,8,1,5,2086,8,4,19,3,9
58_12,41.115,4.11,32,0,0,-999,0,994298,994361,GF,104,2087-09-18 12:30:00,2087-09-19 20:00:00,2087,9,18,12,2087,9,19,20,3,2
59_12,36.15,3.57,37.5,0,0,-999,0,994424,994498,GF,104,2087-09-21 03:30:00,2087-09-22 16:30:00,2087,9,21,3,2087,9,22,16,3,2
60_12,79.58,9.36,36.5,0,0,-999,0,1010796,1010868,GF,104,2088-08-27 05:30:00,2088-08-28 17:30:00,2088,8,27,5,2088,8,28,17,1,9
61_12,95.81,7.08,59,39,20,-999,0,1026605,1026722,GF,104,2089-07-22 14:00:00,2089-07-25 00:30:00,2089,7,22,14,2089,7,25,0,3,9
62_12,25.97,3.99,36.5,0,0,-999,0,1049233,1049305,GF,104,2090-11-06 00:00:00,2090-11-07 12:00:00,2090,11,6,0,2090,11,7,12,1,5
1_13,68.615,5.83,42.5,0,19,-999,0,10768,10852,GF,105,2031-08-13 07:30:00,2031-08-15 01:30:00,2031,8,13,7,2031,8,15,1,2,2
2_13,89.495,4.91,66,0,0,-999,0,29042,29173,GF,105,2032-08-28 00:30:00,2032-08-30 18:00:00,2032,8,28,0,2032,8,30,18,2,6
3_13,63.97,1.62,84.5,0,0,-999,0,48294,48462,GF,105,2033-10-03 02:30:00,2033-10-06 14:30:00,2033,10,3,2,2033,10,6,14,2,9
4_13,37.565,2.84,33.5,0,0,-999,0,65033,65099,GF,105,2034-09-16 20:00:00,2034-09-18 05:00:00,2034,9,16,20,2034,9,18,5,2,3
5_13,45.215,5.11,26,0,0,-999,0,83755,83806,GF,105,2035-10-11 21:00:00,2035-10-12 22:30:00,2035,10,11,21,2035,10,12,22,3,2
6_13,26.575,6.68,24.5,0,0,-999,0,97125,97173,GF,105,2036-07-16 10:00:00,2036-07-17 10:00:00,2036,7,16,10,2036,7,17,10,1,6
7_13,37.57,1.83,89.5,0,0,-999,0,116465,116643,GF,105,2037-08-23 08:00:00,2037-08-27 01:00:00,2037,8,23,8,2037,8,27,1,2,10
8_13,27.195,4.05,42.5,0,0,-999,0,116768,116852,GF,105,2037-08-29 15:30:00,2037-08-31 09:30:00,2037,8,29,15,2037,8,31,9,2,10
9_13,50.95,3.93,43,0,0,-999,0,133809,133894,GF,105,2038-08-19 16:00:00,2038-08-21 10:30:00,2038,8,19,16,2038,8,21,10,3,1
10_13,54.885,3.34,105,0,0,-999,0,168319,168528,GF,105,2040-08-07 15:00:00,2040-08-11 23:30:00,2040,8,7,15,2040,8,11,23,2,8
11_13,36.51,5,24,0,0,-999,0,189182,189229,GF,105,2041-10-16 06:30:00,2041-10-17 06:00:00,2041,10,16,6,2041,10,17,6,1,6
12_13,38.055,2.71,50,4.5,22,-999,0,204597,204696,GF,105,2042-09-02 10:00:00,2042-09-04 11:30:00,2042,9,2,10,2042,9,4,11,2,3
13_13,25.295,2.77,62,0,0,-999,0,221084,221207,GF,105,2043-08-11 21:30:00,2043-08-14 11:00:00,2043,8,11,21,2043,8,14,11,2,1
14_13,41.365,1.59,53,0,0,-999,0,239615,239720,GF,105,2044-08-31 23:00:00,2044-09-03 03:30:00,2044,8,31,23,2044,9,3,3,2,3
15_13,33.735,3.13,64,33.5,30.5,-999,0,275365,275492,GF,105,2046-09-15 18:00:00,2046-09-18 09:30:00,2046,9,15,18,2046,9,18,9,3,8
16_13,49.01,2.66,83,0,0,-999,0,292274,292439,GF,105,2047-09-03 00:30:00,2047-09-06 11:00:00,2047,9,3,0,2047,9,6,11,2,9
17_13,30.095,7.23,27,0,16.5,-999,0,308825,308878,GF,105,2048-08-12 20:00:00,2048-08-13 22:30:00,2048,8,12,20,2048,8,13,22,2,8
18_13,77.915,4.94,43.5,0,36.5,-999,0,309261,309347,GF,105,2048-08-21 22:00:00,2048-08-23 17:00:00,2048,8,21,22,2048,8,23,17,2,8
19_13,38.88,3.31,86.5,0,0,-999,0,326783,326955,GF,105,2049-08-21 23:00:00,2049-08-25 13:00:00,2049,8,21,23,2049,8,25,13,2,5
20_13,37.63,5.42,45.5,0,0,-999,0,347383,347473,GF,105,2050-10-25 03:00:00,2050-10-27 00:00:00,2050,10,25,3,2050,10,27,0,1,8
21_13,42.94,7.22,50.5,26,46,-999,0,379915,380015,GF,105,2052-09-01 21:00:00,2052-09-03 23:00:00,2052,9,1,21,2052,9,3,23,1,9
22_13,41.985,4.75,97.5,0,0,-999,0,400550,400744,GF,105,2053-11-05 18:30:00,2053-11-09 19:30:00,2053,11,5,18,2053,11,9,19,1,2
23_13,31.575,4.73,24.5,0,0,-999,0,416995,417043,GF,105,2054-10-14 09:00:00,2054-10-15 09:00:00,2054,10,14,9,2054,10,15,9,1,2
24_13,102.95,6.1,59.5,24.5,63.5,-999,0,432649,432767,GF,105,2055-09-05 12:00:00,2055-09-07 23:00:00,2055,9,5,12,2055,9,7,23,2,1
25_13,71.73,5.72,101,0,0,-999,0,465198,465399,GF,105,2057-07-14 14:30:00,2057-07-18 19:00:00,2057,7,14,14,2057,7,18,19,3,5
26_13,43.64,5.73,50,0,0,-999,0,465437,465536,GF,105,2057-07-19 14:00:00,2057-07-21 15:30:00,2057,7,19,14,2057,7,21,15,3,5
27_13,39.365,2.6,46.5,0,0,-999,0,486820,486912,GF,105,2058-10-08 01:30:00,2058-10-09 23:30:00,2058,10,8,1,2058,10,9,23,3,6
28_13,32.415,4.53,29,12,17,-999,0,502753,502810,GF,105,2059-09-05 00:00:00,2059-09-06 04:30:00,2059,9,5,0,2059,9,6,4,3,2
29_13,64.605,3.8,76.5,0,0,-999,0,517545,517697,GF,105,2060-07-09 04:00:00,2060-07-12 08:00:00,2060,7,9,4,2060,7,12,8,2,7
30_13,36.445,7.85,32.5,0,0,-999,0,539296,539360,GF,105,2061-10-05 07:30:00,2061-10-06 15:30:00,2061,10,5,7,2061,10,6,15,1,5
31_13,21.945,1.46,46,0,0,-999,0,555602,555693,GF,105,2062-09-10 00:30:00,2062-09-11 22:00:00,2062,9,10,0,2062,9,11,22,2,1
32_13,44.1,2.85,52,0,8.5,-999,0,556036,556139,GF,105,2062-09-19 01:30:00,2062-09-21 05:00:00,2062,9,19,1,2062,9,21,5,2,1
33_13,67.135,3.26,90.5,0,0,-999,0,568385,568565,GF,105,2063-06-03 08:00:00,2063-06-07 02:00:00,2063,6,3,8,2063,6,7,2,2,2
34_13,20.77,3.51,27,0,0,-999,0,608511,608564,GF,105,2065-09-16 07:00:00,2065-09-17 09:30:00,2065,9,16,7,2065,9,17,9,1,2
35_13,35.255,6.78,25,0,0,-999,0,622278,622327,GF,105,2066-06-30 02:30:00,2066-07-01 03:00:00,2066,6,30,2,2066,7,1,3,1,6
36_13,20.75,4.11,15,0,0,-999,0,641215,641244,GF,105,2067-07-29 15:00:00,2067-07-30 05:30:00,2067,7,29,15,2067,7,30,5,1,3
37_13,55.835,5.92,65.5,28,33.5,-999,0,641650,641780,GF,105,2067-08-07 16:30:00,2067-08-10 09:30:00,2067,8,7,16,2067,8,10,9,1,3
38_13,43.13,4.18,37.5,0,4,-999,0,677874,677948,GF,105,2069-08-31 08:30:00,2069-09-01 21:30:00,2069,8,31,8,2069,9,1,21,3,2
39_13,45.27,5.29,41,36,5,-999,0,694720,694801,GF,105,2070-08-17 07:30:00,2070-08-19 00:00:00,2070,8,17,7,2070,8,19,0,3,8
40_13,72.33,4.37,118,0,28,-999,0,710931,711166,GF,105,2071-07-21 01:00:00,2071-07-25 22:30:00,2071,7,21,1,2071,7,25,22,2,8
41_13,72.505,6.42,158,26.5,68,-999,0,729496,729811,GF,105,2072-08-10 19:30:00,2072-08-17 09:00:00,2072,8,10,19,2072,8,17,9,3,8
42_13,34.17,4.84,27,14,13,-999,0,748378,748431,GF,105,2073-09-08 04:30:00,2073-09-09 07:00:00,2073,9,8,4,2073,9,9,7,2,9
43_13,61.795,3.34,70,11.5,20.5,-999,0,748851,748990,GF,105,2073-09-18 01:00:00,2073-09-20 22:30:00,2073,9,18,1,2073,9,20,22,2,9
44_13,31.535,3.33,39,0,0,-999,0,765674,765751,GF,105,2074-09-03 12:30:00,2074-09-05 03:00:00,2074,9,3,12,2074,9,5,3,3,8
45_13,21.32,1.23,57.5,0,0,-999,0,784562,784676,GF,105,2075-10-02 00:30:00,2075-10-04 09:30:00,2075,10,2,0,2075,10,4,9,3,6
46_13,54.155,5.84,44.5,0,18.5,-999,0,785068,785156,GF,105,2075-10-12 13:30:00,2075-10-14 09:30:00,2075,10,12,13,2075,10,14,9,3,6
47_13,31.93,3.15,32,11.5,20.5,-999,0,817661,817724,GF,105,2077-08-21 14:00:00,2077-08-22 21:30:00,2077,8,21,14,2077,8,22,21,3,6
48_13,89.335,10.24,50.5,0,40.5,-999,0,834737,834837,GF,105,2078-08-12 08:00:00,2078-08-14 10:00:00,2078,8,12,8,2078,8,14,10,3,5
49_13,48.755,3.71,69.5,0,0,-999,0,852075,852213,GF,105,2079-08-08 13:00:00,2079-08-11 10:00:00,2079,8,8,13,2079,8,11,10,2,9
50_13,27.225,4.99,23,0,0,-999,0,868690,868735,GF,105,2080-07-19 16:30:00,2080-07-20 15:00:00,2080,7,19,16,2080,7,20,15,2,8
51_13,25.62,1.34,59,0,0,-999,0,868780,868897,GF,105,2080-07-21 13:30:00,2080-07-24 00:00:00,2080,7,21,13,2080,7,24,0,2,8
52_13,108,7.23,81,0,0,-999,0,886243,886404,GF,105,2081-07-20 09:00:00,2081-07-23 17:30:00,2081,7,20,9,2081,7,23,17,3,7
53_13,62.325,9.01,44,0,0,-999,0,906666,906753,GF,105,2082-09-18 20:30:00,2082-09-20 16:00:00,2082,9,18,20,2082,9,20,16,1,8
54_13,33.57,2.42,68.5,0,0,-999,0,927065,927201,GF,105,2083-11-17 20:00:00,2083-11-20 16:00:00,2083,11,17,20,2083,11,20,16,3,8
55_13,22.47,1.72,63.5,0,0,-999,0,943744,943870,GF,105,2084-10-30 07:30:00,2084-11-01 22:30:00,2084,10,30,7,2084,11,1,22,3,4
56_13,39.485,2.38,84,0,0,-999,0,959011,959178,GF,105,2085-09-13 09:00:00,2085-09-16 20:30:00,2085,9,13,9,2085,9,16,20,2,8
57_13,31.23,3.05,23,0,0,-999,0,975316,975361,GF,105,2086-08-19 01:30:00,2086-08-20 00:00:00,2086,8,19,1,2086,8,20,0,3,10
58_13,43.875,3.94,29.5,0,0,-999,0,975465,975523,GF,105,2086-08-22 04:00:00,2086-08-23 09:00:00,2086,8,22,4,2086,8,23,9,3,10
59_13,21.945,5.39,16,0,0,-999,0,993540,993571,GF,105,2087-09-02 17:30:00,2087-09-03 09:00:00,2087,9,2,17,2087,9,3,9,3,7
60_13,20.395,1.53,28.5,0,0,-999,0,993655,993711,GF,105,2087-09-05 03:00:00,2087-09-06 07:00:00,2087,9,5,3,2087,9,6,7,3,7
61_13,30.715,4.15,30,0,0,-999,0,1010736,1010795,GF,105,2088-08-25 23:30:00,2088-08-27 05:00:00,2088,8,25,23,2088,8,27,5,1,3
62_13,30.275,3.01,30,0,0,-999,0,1010968,1011027,GF,105,2088-08-30 19:30:00,2088-09-01 01:00:00,2088,8,30,19,2088,9,1,1,1,3
63_11,34.65,0.98,71.5,0,0,-999,0,1025263,1025405,GF,105,2089-06-24 15:00:00,2089-06-27 14:00:00,2089,6,24,15,2089,6,27,14,2,10
64_10,41.69,2.4,66.5,0,0,-999,0,1042916,1043048,GF,105,2090-06-27 09:30:00,2090-06-30 03:30:00,2090,6,27,9,2090,6,30,3,2,9
1_14,66.9,9.73,23,15,8,-999,0,9946,9991,GF,106,2031-07-27 04:30:00,2031-07-28 03:00:00,2031,7,27,4,2031,7,28,3,1,9
2_14,54.11,3.5,32.5,0,0,-999,0,29735,29799,GF,106,2032-09-11 11:00:00,2032-09-12 19:00:00,2032,9,11,11,2032,9,12,19,2,6
3_14,39.455,2.11,57.5,0,38.5,-999,0,29826,29940,GF,106,2032-09-13 08:30:00,2032-09-15 17:30:00,2032,9,13,8,2032,9,15,17,2,6
4_14,47.09,6.25,37.5,0,0,-999,0,46655,46729,GF,106,2033-08-29 23:00:00,2033-08-31 12:00:00,2033,8,29,23,2033,8,31,12,1,8
5_14,50.855,5.91,39.5,12.5,22,-999,0,65696,65774,GF,106,2034-09-30 15:30:00,2034-10-02 06:30:00,2034,9,30,15,2034,10,2,6,3,8
6_14,20.57,2.01,19.5,0,6,-999,0,80882,80920,GF,106,2035-08-13 00:30:00,2035-08-13 19:30:00,2035,8,13,0,2035,8,13,19,2,5
7_14,90.185,3.72,99.5,0,4.5,-999,0,81365,81563,GF,106,2035-08-23 02:00:00,2035-08-27 05:00:00,2035,8,23,2,2035,8,27,5,2,5
8_14,54.915,4.63,85,0,0,-999,0,101344,101513,GF,106,2036-10-12 07:30:00,2036-10-15 20:00:00,2036,10,12,7,2036,10,15,20,3,1
9_14,59.78,4.35,50,0,0,-999,0,118462,118561,GF,106,2037-10-03 22:30:00,2037-10-06 00:00:00,2037,10,3,22,2037,10,6,0,2,6
10_14,92.545,9.8,57,16.5,24,-999,0,148587,148700,GF,106,2039-06-23 13:00:00,2039-06-25 21:30:00,2039,6,23,13,2039,6,25,21,3,6
11_14,30.545,6.14,57.5,0,0,-999,0,171054,171168,GF,106,2040-10-03 14:30:00,2040-10-05 23:30:00,2040,10,3,14,2040,10,5,23,3,8
12_14,58.34,5.67,37,18,19,-999,0,171446,171519,GF,106,2040-10-11 18:30:00,2040-10-13 07:00:00,2040,10,11,18,2040,10,13,7,3,8
13_14,69.045,6.08,32.5,0,0,-999,0,188014,188078,GF,106,2041-09-21 22:30:00,2041-09-23 06:30:00,2041,9,21,22,2041,9,23,6,3,7
14_14,20.035,2.34,48.5,0,0,-999,0,203313,203409,GF,106,2042-08-06 16:00:00,2042-08-08 16:00:00,2042,8,6,16,2042,8,8,16,2,6
15_14,41.105,7.25,25,14,11,-999,0,203702,203751,GF,106,2042-08-14 18:30:00,2042-08-15 19:00:00,2042,8,14,18,2042,8,15,19,2,6
16_14,85.135,4.83,83.5,0,2,-999,0,203787,203953,GF,106,2042-08-16 13:00:00,2042-08-20 00:00:00,2042,8,16,13,2042,8,20,0,2,6
17_14,93.37,6.49,71,0,0,-999,0,217902,218043,GF,106,2043-06-06 14:30:00,2043-06-09 13:00:00,2043,6,6,14,2043,6,9,13,2,6
18_14,50.235,11.19,30,23,7,-999,0,256654,256713,GF,106,2045-08-21 22:30:00,2045-08-23 04:00:00,2045,8,21,22,2045,8,23,4,1,9
19_14,48.815,3.03,49.5,0,0,-999,0,272619,272717,GF,106,2046-07-20 13:00:00,2046-07-22 14:00:00,2046,7,20,13,2046,7,22,14,2,10
20_14,64.005,1.66,114,0,0,-999,0,292883,293110,GF,106,2047-09-15 17:00:00,2047-09-20 10:30:00,2047,9,15,17,2047,9,20,10,2,8
21_14,43.415,5.68,39.5,0,0,-999,0,307722,307800,GF,106,2048-07-20 20:30:00,2048-07-22 11:30:00,2048,7,20,20,2048,7,22,11,3,1
22_14,33.15,6.65,23.5,0,0,-999,0,307962,308008,GF,106,2048-07-25 20:30:00,2048-07-26 19:30:00,2048,7,25,20,2048,7,26,19,3,1
23_14,20.92,2.73,18.5,0,0,-999,0,327944,327980,GF,106,2049-09-15 03:30:00,2049-09-15 21:30:00,2049,9,15,3,2049,9,15,21,1,1
24_14,24.605,2.72,29.5,0,0,-999,0,346620,346678,GF,106,2050-10-09 05:30:00,2050-10-10 10:30:00,2050,10,9,5,2050,10,10,10,3,2
25_14,44.84,4.02,65,0,0,-999,0,346891,347020,GF,106,2050-10-14 21:00:00,2050-10-17 13:30:00,2050,10,14,21,2050,10,17,13,3,2
26_14,69.915,3.08,101.5,0,0,-999,0,363831,364033,GF,106,2051-10-02 19:00:00,2051-10-07 00:00:00,2051,10,2,19,2051,10,7,0,2,8
27_14,23.25,3.97,38.5,0,0,-999,0,401007,401083,GF,106,2053-11-15 07:00:00,2053-11-16 21:00:00,2053,11,15,7,2053,11,16,21,3,8
28_14,33.455,3.12,70.5,41.5,20,-999,0,401411,401551,GF,106,2053-11-23 17:00:00,2053-11-26 15:00:00,2053,11,23,17,2053,11,26,15,3,8
29_14,22.57,2.75,48.5,0,0,-999,0,418805,418901,GF,106,2054-11-21 02:00:00,2054-11-23 02:00:00,2054,11,21,2,2054,11,23,2,1,8
30_14,51.83,5.27,80,0,0,-999,0,431388,431547,GF,106,2055-08-10 05:30:00,2055-08-13 13:00:00,2055,8,10,5,2055,8,13,13,2,9
31_14,23.62,1.03,56.5,0,0,-999,0,445537,445649,GF,106,2056-05-31 00:00:00,2056-06-02 08:00:00,2056,5,31,0,2056,6,2,8,1,6
32_14,36.655,5.92,43,0,43,-999,0,446062,446147,GF,106,2056-06-10 22:30:00,2056-06-12 17:00:00,2056,6,10,22,2056,6,12,17,1,6
33_14,37.25,5.69,26,0,0,-999,0,464141,464192,GF,106,2057-06-22 14:00:00,2057-06-23 15:30:00,2057,6,22,14,2057,6,23,15,1,2
34_14,42.84,8.94,49,0,7,-999,0,484935,485032,GF,106,2058-08-29 19:00:00,2058-08-31 19:30:00,2058,8,29,19,2058,8,31,19,1,7
35_14,39.235,5.32,42.5,0,0,-999,0,504682,504766,GF,106,2059-10-15 04:30:00,2059-10-16 22:30:00,2059,10,15,4,2059,10,16,22,1,6
36_14,41.405,3.45,121,0,23,-999,0,522720,522961,GF,106,2060-10-24 23:30:00,2060-10-30 00:00:00,2060,10,24,23,2060,10,30,0,3,1
37_14,29.76,3.34,20.5,0,0,-999,0,537892,537932,GF,106,2061-09-06 01:30:00,2061-09-06 21:30:00,2061,9,6,1,2061,9,6,21,1,8
38_14,53.385,3.97,88,26,46.5,-999,0,553097,553272,GF,106,2062-07-19 20:00:00,2062-07-23 11:30:00,2062,7,19,20,2062,7,23,11,2,1
39_14,37.68,2.88,65.5,18,70,-999,0,573773,573903,GF,106,2063-09-23 14:00:00,2063-09-26 07:00:00,2063,9,23,14,2063,9,26,7,2,9
40_14,38.42,3.76,64.5,0,0,-999,0,589251,589379,GF,106,2064-08-11 01:00:00,2064-08-13 17:00:00,2064,8,11,1,2064,8,13,17,3,8
41_14,39.435,2.97,38,0,0,-999,0,610587,610662,GF,106,2065-10-29 13:00:00,2065-10-31 02:30:00,2065,10,29,13,2065,10,31,2,3,6
42_14,69.61,2.65,128.5,0,0,-999,0,622353,622609,GF,106,2066-07-01 16:00:00,2066-07-07 00:00:00,2066,7,1,16,2066,7,7,0,2,2
43_14,43.825,8.2,25.5,15.5,10,-999,0,642538,642588,GF,106,2067-08-26 04:30:00,2067-08-27 05:30:00,2067,8,26,4,2067,8,27,5,3,6
44_14,64.475,4.22,64,0,12.5,-999,0,642775,642902,GF,106,2067-08-31 03:00:00,2067-09-02 18:30:00,2067,8,31,3,2067,9,2,18,3,6
45_14,20.465,4.81,18,0,0,-999,0,657621,657656,GF,106,2068-07-05 10:00:00,2068-07-06 03:30:00,2068,7,5,10,2068,7,6,3,2,10
46_14,66.79,2.53,108,44.5,3.5,-999,0,657962,658177,GF,106,2068-07-12 12:30:00,2068-07-17 00:00:00,2068,7,12,12,2068,7,17,0,2,10
47_14,21.29,2.39,46.5,0,0,-999,0,678016,678108,GF,106,2069-09-03 07:30:00,2069-09-05 05:30:00,2069,9,3,7,2069,9,5,5,1,6
48_14,27.455,4.07,45,0,0,-999,0,694684,694773,GF,106,2070-08-16 13:30:00,2070-08-18 10:00:00,2070,8,16,13,2070,8,18,10,2,5
49_14,20.915,3.06,29.5,0,0,-999,0,711856,711914,GF,106,2071-08-09 07:30:00,2071-08-10 12:30:00,2071,8,9,7,2071,8,10,12,3,5
50_14,119.305,8.06,91.5,15,36,-999,0,711978,712160,GF,106,2071-08-11 20:30:00,2071-08-15 15:30:00,2071,8,11,20,2071,8,15,15,3,5
51_14,62.705,8.44,48.5,21.5,27,-999,0,729732,729828,GF,106,2072-08-15 17:30:00,2072-08-17 17:30:00,2072,8,15,17,2072,8,17,17,3,8
52_14,24.485,4.48,33.5,0,0,-999,0,749975,750041,GF,106,2073-10-11 11:00:00,2073-10-12 20:00:00,2073,10,11,11,2073,10,12,20,1,8
53_14,36.135,5.13,32,3.5,8.5,-999,0,769622,769685,GF,106,2074-11-24 18:30:00,2074-11-26 02:00:00,2074,11,24,18,2074,11,26,2,1,8
54_14,112.35,11.9,96,25,37,-999,0,781984,782175,GF,106,2075-08-09 07:30:00,2075-08-13 07:00:00,2075,8,9,7,2075,8,13,7,3,8
55_14,37.135,3.4,31.5,0,0,-999,0,797726,797788,GF,106,2076-07-02 06:30:00,2076-07-03 13:30:00,2076,7,2,6,2076,7,3,13,3,2
56_14,101.02,8.24,70,18.5,39.5,-999,0,817151,817290,GF,106,2077-08-10 23:00:00,2077-08-13 20:30:00,2077,8,10,23,2077,8,13,20,3,6
57_14,49.695,2.82,62,0,0,-999,0,834530,834653,GF,106,2078-08-08 00:30:00,2078-08-10 14:00:00,2078,8,8,0,2078,8,10,14,1,8
58_14,27.475,3.16,46.5,0,0,-999,0,834752,834844,GF,106,2078-08-12 15:30:00,2078-08-14 13:30:00,2078,8,12,15,2078,8,14,13,1,8
59_14,29.94,6.08,44,0,0,-999,0,834934,835021,GF,106,2078-08-16 10:30:00,2078-08-18 06:00:00,2078,8,16,10,2078,8,18,6,1,8
60_14,82.315,8.61,44,0,10,-999,0,854287,854374,GF,106,2079-09-23 15:00:00,2079-09-25 10:30:00,2079,9,23,15,2079,9,25,10,3,5
61_14,70.535,3.3,56.5,0,0,-999,0,868854,868966,GF,106,2080-07-23 02:30:00,2080-07-25 10:30:00,2080,7,23,2,2080,7,25,10,2,6
62_14,48.715,6.99,16.5,0,0,-999,0,887988,888020,GF,106,2081-08-25 17:30:00,2081-08-26 09:30:00,2081,8,25,17,2081,8,26,9,1,6
63_12,100.465,3.71,142.5,0,0,-999,0,902405,902689,GF,106,2082-06-22 02:00:00,2082-06-28 00:00:00,2082,6,22,2,2082,6,28,0,2,9
64_11,49.14,7.15,24,0,0,-999,0,922853,922900,GF,106,2083-08-22 02:00:00,2083-08-23 01:30:00,2083,8,22,2,2083,8,23,1,1,7
65_9,139.785,10.92,99.5,31.5,31.5,-999,0,939108,939306,GF,106,2084-07-25 17:30:00,2084-07-29 20:30:00,2084,7,25,17,2084,7,29,20,3,8
66_9,23.135,5.19,53.5,0,0,-999,0,961586,961692,GF,106,2085-11-06 00:30:00,2085-11-08 05:30:00,2085,11,6,0,2085,11,8,5,3,9
67_8,49.905,2.97,63.5,14.5,40.5,-999,0,962104,962230,GF,106,2085-11-16 19:30:00,2085-11-19 10:30:00,2085,11,16,19,2085,11,19,10,3,9
68_6,56.365,7.96,99.5,0,34,-999,0,974082,974280,GF,106,2086-07-24 08:30:00,2086-07-28 11:30:00,2086,7,24,8,2086,7,28,11,3,8
69_4,37.135,7.35,74.5,0,22,-999,0,992692,992840,GF,106,2087-08-16 01:30:00,2087-08-19 03:30:00,2087,8,16,1,2087,8,19,3,1,8
70_3,41.99,4.25,32,0,0,-999,0,1012653,1012716,GF,106,2088-10-04 22:00:00,2088-10-06 05:30:00,2088,10,4,22,2088,10,6,5,3,2
71_1,44.715,3.1,59.5,13.5,35.5,-999,0,1029372,1029490,GF,106,2089-09-18 05:30:00,2089-09-20 16:30:00,2089,9,18,5,2089,9,20,16,2,8
72,77.47,4.74,128,0,0,-999,0,1043650,1043905,GF,106,2090-07-12 16:30:00,2090-07-18 00:00:00,2090,7,12,16,2090,7,18,0,2,7
1_15,41.175,5.74,50,37,12.5,-999,24,9731,9830,GF,107,2031-07-22 17:00:00,2031-07-24 18:30:00,2031,7,22,17,2031,7,24,18,2,7
2_15,26.63,5,16.5,0,0,-999,0,31232,31264,GF,107,2032-10-12 15:30:00,2032-10-13 07:30:00,2032,10,12,15,2032,10,13,7,1,8
3_15,38.68,4.54,48,41,7,-999,0,45088,45183,GF,107,2033-07-28 07:30:00,2033-07-30 07:00:00,2033,7,28,7,2033,7,30,7,3,10
4_15,77.315,3.45,107,5.5,32,-999,0,63514,63727,GF,107,2034-08-16 04:30:00,2034-08-20 15:00:00,2034,8,16,4,2034,8,20,15,2,9
5_15,214.735,4.41,174,0,0,-999,0,63839,64186,GF,107,2034-08-22 23:00:00,2034-08-30 04:30:00,2034,8,22,23,2034,8,30,4,2,9
6_15,20.43,1.31,46.5,0,0,-999,0,80738,80830,GF,107,2035-08-10 00:30:00,2035-08-11 22:30:00,2035,8,10,0,2035,8,11,22,3,5
7_15,42.025,3.94,52,0,2.5,-999,0,81088,81191,GF,107,2035-08-17 07:30:00,2035-08-19 11:00:00,2035,8,17,7,2035,8,19,11,3,5
8_15,65.115,9.61,46,0,0,-999,0,98872,98963,GF,107,2036-08-21 19:30:00,2036-08-23 17:00:00,2036,8,21,19,2036,8,23,17,1,6
9_15,62.43,6.27,37.5,36.5,1,-999,0,115487,115561,GF,107,2037-08-02 23:00:00,2037-08-04 12:00:00,2037,8,2,23,2037,8,4,12,3,8
10_15,30.54,4.2,44.5,0,0,-999,0,135687,135775,GF,107,2038-09-27 19:00:00,2038-09-29 15:00:00,2038,9,27,19,2038,9,29,15,1,6
11_15,54.35,5.97,63,41,22,-999,0,151024,151149,GF,107,2039-08-13 07:30:00,2039-08-15 22:00:00,2039,8,13,7,2039,8,15,22,1,9
12_15,35.025,1.75,91,0,0,-999,0,165165,165346,GF,107,2040-06-02 22:00:00,2040-06-06 16:30:00,2040,6,2,22,2040,6,6,16,2,6
13_15,73.795,5.25,50.5,0,0,-999,0,183140,183240,GF,107,2041-06-12 09:30:00,2041-06-14 11:30:00,2041,6,12,9,2041,6,14,11,2,6
14_15,35.455,7.82,12,0,0,-999,0,205924,205947,GF,107,2042-09-30 01:30:00,2042-09-30 13:00:00,2042,9,30,1,2042,9,30,13,1,8
15_15,34.805,4.33,40,0,0,-999,0,222347,222426,GF,107,2043-09-07 05:00:00,2043-09-08 20:30:00,2043,9,7,5,2043,9,8,20,1,6
16_15,22.44,1.46,76.5,7.5,25,-999,0,222473,222625,GF,107,2043-09-09 20:00:00,2043-09-13 00:00:00,2043,9,9,20,2043,9,13,0,1,6
17_15,26.24,4.28,20,0,0,-999,0,237890,237929,GF,107,2044-07-27 00:30:00,2044-07-27 20:00:00,2044,7,27,0,2044,7,27,20,2,8
18_15,31.885,8.04,12.5,0,0,-999,0,238399,238423,GF,107,2044-08-06 15:00:00,2044-08-07 03:00:00,2044,8,6,15,2044,8,7,3,2,8
19_15,28.24,5.29,18.5,0,0,-999,0,238486,238522,GF,107,2044-08-08 10:30:00,2044-08-09 04:30:00,2044,8,8,10,2044,8,9,4,2,8
20_15,54.95,4.03,87,22.5,27,-999,0,257622,257795,GF,107,2045-09-11 02:30:00,2045-09-14 17:00:00,2045,9,11,2,2045,9,14,17,2,8
21_15,23.76,3.65,28.5,0,0,-999,0,275216,275272,GF,107,2046-09-12 15:30:00,2046-09-13 19:30:00,2046,9,12,15,2046,9,13,19,1,6
22_15,52.62,5.42,58.5,13,17,-999,0,275292,275408,GF,107,2046-09-14 05:30:00,2046-09-16 15:30:00,2046,9,14,5,2046,9,16,15,1,6
23_15,79.825,10.58,46,28.5,17.5,-999,0,292584,292675,GF,107,2047-09-09 11:30:00,2047-09-11 09:00:00,2047,9,9,11,2047,9,11,9,1,5
24_15,26.77,1.47,45.5,2,21.5,-999,0,311261,311351,GF,107,2048-10-02 14:00:00,2048-10-04 11:00:00,2048,10,2,14,2048,10,4,11,2,6
25_15,23.915,3.53,75.5,0,0,-999,0,348079,348229,GF,107,2050-11-08 15:00:00,2050-11-11 18:00:00,2050,11,8,15,2050,11,11,18,1,2
26_15,38.23,5.43,51,0,0,-999,0,361918,362019,GF,107,2051-08-23 22:30:00,2051-08-26 01:00:00,2051,8,23,22,2051,8,26,1,1,2
27_15,31.36,2.05,63.5,5,36,-999,0,379851,379977,GF,107,2052-08-31 13:00:00,2052-09-03 04:00:00,2052,8,31,13,2052,9,3,4,1,5
28_15,24.675,5.43,28.5,0,0,-999,0,380384,380440,GF,107,2052-09-11 15:30:00,2052-09-12 19:30:00,2052,9,11,15,2052,9,12,19,1,5
29_15,33.945,3.08,62.5,0,0,-999,0,398874,398998,GF,107,2053-10-01 20:30:00,2053-10-04 10:30:00,2053,10,1,20,2053,10,4,10,3,1
30_15,22.43,2.72,43,0,0,-999,0,399463,399548,GF,107,2053-10-14 03:00:00,2053-10-15 21:30:00,2053,10,14,3,2053,10,15,21,3,1
31_15,29.09,1.53,40,0,40,-999,0,415189,415268,GF,107,2054-09-06 18:00:00,2054-09-08 09:30:00,2054,9,6,18,2054,9,8,9,2,5
32_15,39.96,2.53,52,0,0,-999,0,415567,415670,GF,107,2054-09-14 15:00:00,2054-09-16 18:30:00,2054,9,14,15,2054,9,16,18,2,5
33_15,54.7,1.62,116,55,66.5,-999,0,431290,431521,GF,107,2055-08-08 04:30:00,2055-08-13 00:00:00,2055,8,8,4,2055,8,13,0,2,10
34_15,54.21,4.5,147.5,0,0,-999,0,447678,447972,GF,107,2056-07-14 14:30:00,2056-07-20 17:30:00,2056,7,14,14,2056,7,20,17,3,10
35_15,37.615,3.7,33.5,0,0,-999,0,448214,448280,GF,107,2056-07-25 18:30:00,2056-07-27 03:30:00,2056,7,25,18,2056,7,27,3,3,10
36_15,49.87,4.49,50,0,0,-999,0,467867,467966,GF,107,2057-09-08 05:00:00,2057-09-10 06:30:00,2057,9,8,5,2057,9,10,6,3,6
37_15,41.59,3.9,33.5,0,0,-999,0,502997,503063,GF,107,2059-09-10 02:00:00,2059-09-11 11:00:00,2059,9,10,2,2059,9,11,11,3,5
38_15,21.075,2.24,47.5,0,0,-999,0,520033,520127,GF,107,2060-08-30 00:00:00,2060-08-31 23:00:00,2060,8,30,0,2060,8,31,23,1,9
39_15,52.305,8.48,30,25.5,4.5,-999,0,520386,520445,GF,107,2060-09-06 08:30:00,2060-09-07 14:00:00,2060,9,6,8,2060,9,7,14,1,9
40_15,45.365,1.73,85.5,0,1.5,-999,0,536471,536641,GF,107,2061-08-07 11:00:00,2061-08-11 00:00:00,2061,8,7,11,2061,8,11,0,2,9
41_15,57.68,4.8,71.5,0,0,-999,0,571566,571708,GF,107,2063-08-08 14:30:00,2063-08-11 13:30:00,2063,8,8,14,2063,8,11,13,2,6
42_15,25.45,3.39,39,0,39,-999,0,589337,589414,GF,107,2064-08-12 20:00:00,2064-08-14 10:30:00,2064,8,12,20,2064,8,14,10,2,5
43_15,34.57,3.61,33.5,0.5,33,-999,0,589475,589541,GF,107,2064-08-15 17:00:00,2064-08-17 02:00:00,2064,8,15,17,2064,8,17,2,2,5
44_15,28.275,3.23,83,0,0,-999,0,603458,603623,GF,107,2065-06-03 00:30:00,2065-06-06 11:00:00,2065,6,3,0,2065,6,6,11,1,2
45_15,53.43,3.7,84.5,0,7,-999,0,621205,621373,GF,107,2066-06-07 18:00:00,2066-06-11 06:00:00,2066,6,7,18,2066,6,11,6,3,9
46_15,113.435,9.36,108.5,33,45,-999,0,641531,641747,GF,107,2067-08-05 05:00:00,2067-08-09 17:00:00,2067,8,5,5,2067,8,9,17,2,8
47_15,32.405,4.33,25,0,0,-999,0,661174,661223,GF,107,2068-09-17 10:30:00,2068-09-18 11:00:00,2068,9,17,10,2068,9,18,11,3,2
48_15,28.72,2.86,29.5,0,0,-999,0,661559,661617,GF,107,2068-09-25 11:00:00,2068-09-26 16:00:00,2068,9,25,11,2068,9,26,16,3,2
49_15,53.375,5.23,76,0,13,-999,0,680968,681119,GF,107,2069-11-03 19:30:00,2069-11-06 23:00:00,2069,11,3,19,2069,11,6,23,1,6
50_15,77.45,4.46,73,0,0,-999,0,695391,695536,GF,107,2070-08-31 07:00:00,2070-09-03 07:30:00,2070,8,31,7,2070,9,3,7,2,1
51_15,38.53,3.12,38.5,1.5,22.5,-999,0,695582,695658,GF,107,2070-09-04 06:30:00,2070-09-05 20:30:00,2070,9,4,6,2070,9,5,20,2,1
52_15,117.835,6.9,82,0,0,-999,0,711784,711947,GF,107,2071-08-07 19:30:00,2071-08-11 05:00:00,2071,8,7,19,2071,8,11,5,2,9
53_15,62.12,11.73,38.5,0,9,-999,0,730832,730908,GF,107,2072-09-07 15:30:00,2072-09-09 05:30:00,2072,9,7,15,2072,9,9,5,1,9
54_15,30.56,2.34,44.5,0,0,-999,0,745371,745459,GF,107,2073-07-07 13:00:00,2073-07-09 09:00:00,2073,7,7,13,2073,7,9,9,3,6
55_15,54.875,4.16,49.5,10.5,16,-999,0,745701,745799,GF,107,2073-07-14 10:00:00,2073-07-16 11:00:00,2073,7,14,10,2073,7,16,11,3,6
56_15,28.295,2.75,53,0,0,-999,0,766320,766425,GF,107,2074-09-16 23:30:00,2074-09-19 04:00:00,2074,9,16,23,2074,9,19,4,2,6
57_15,44.825,2.2,53.5,0,0,-999,0,766463,766569,GF,107,2074-09-19 23:00:00,2074-09-22 04:00:00,2074,9,19,23,2074,9,22,4,2,6
58_15,23.555,5.1,18.5,0,0,-999,0,783087,783123,GF,107,2075-09-01 07:00:00,2075-09-02 01:00:00,2075,9,1,7,2075,9,2,1,1,2
59_15,87.055,8.73,50,10,26.5,-999,0,783300,783399,GF,107,2075-09-05 17:30:00,2075-09-07 19:00:00,2075,9,5,17,2075,9,7,19,1,2
60_15,44.275,3.93,33.5,0,0,-999,0,800647,800713,GF,107,2076-09-01 03:00:00,2076-09-02 12:00:00,2076,9,1,3,2076,9,2,12,3,1
61_15,25.26,2.01,30,0,0,-999,0,816438,816497,GF,107,2077-07-27 02:30:00,2077-07-28 08:00:00,2077,7,27,2,2077,7,28,8,3,8
62_15,45.81,7.04,41,28,14.5,-999,0,816831,816912,GF,107,2077-08-04 07:00:00,2077-08-05 23:30:00,2077,8,4,7,2077,8,5,23,3,8
63_13,67.125,3.31,105.5,0,0,-999,0,833353,833563,GF,107,2078-07-14 12:00:00,2078-07-18 21:00:00,2078,7,14,12,2078,7,18,21,2,7
64_12,39.95,10.56,24.5,0,0,-999,0,855356,855404,GF,107,2079-10-15 21:30:00,2079-10-16 21:30:00,2079,10,15,21,2079,10,16,21,1,1
65_10,38.835,1.81,75,0,10.5,-999,0,871986,872135,GF,107,2080-09-26 08:30:00,2080-09-29 11:00:00,2080,9,26,8,2080,9,29,11,2,10
66_10,22.575,4.3,56,0,0,-999,0,891161,891272,GF,107,2081-10-30 20:00:00,2081-11-02 03:30:00,2081,10,30,20,2081,11,2,3,1,4
67_9,37.24,4.89,57.5,0,21,-999,0,904964,905078,GF,107,2082-08-14 09:30:00,2082-08-16 18:30:00,2082,8,14,9,2082,8,16,18,1,2
68_7,43.56,2.92,77.5,0,0,-999,0,922834,922988,GF,107,2083-08-21 16:30:00,2083-08-24 21:30:00,2083,8,21,16,2083,8,24,21,2,3
69_5,26.21,2.68,46,0,30,-999,0,940427,940518,GF,107,2084-08-22 05:00:00,2084-08-24 02:30:00,2084,8,22,5,2084,8,24,2,1,8
70_4,23.42,0.99,73,9.5,8.5,-999,0,940562,940707,GF,107,2084-08-25 00:30:00,2084-08-28 01:00:00,2084,8,25,0,2084,8,28,1,1,8
71_2,60.305,7.15,105.5,15.5,90,-999,0,940873,941083,GF,107,2084-08-31 12:00:00,2084-09-04 21:00:00,2084,8,31,12,2084,9,4,21,1,8
72_1,21.705,3.74,20.5,0,0,-999,0,958514,958554,GF,107,2085-09-03 00:30:00,2085-09-03 20:30:00,2085,9,3,0,2085,9,3,20,2,1
73,38.01,4.18,17.5,0,0,-999,0,958570,958604,GF,107,2085-09-04 04:30:00,2085-09-04 21:30:00,2085,9,4,4,2085,9,4,21,2,1
74,36.415,5.69,61.5,19,15,-999,0,977009,977131,GF,107,2086-09-23 08:00:00,2086-09-25 21:00:00,2086,9,23,8,2086,9,25,21,1,9
75,51.355,5.82,38,11.5,25.5,-999,0,977407,977482,GF,107,2086-10-01 15:00:00,2086-10-03 04:30:00,2086,10,1,15,2086,10,3,4,1,9
76,27.45,6.02,25.5,0,0,-999,0,1012068,1012118,GF,107,2088-09-22 17:30:00,2088-09-23 18:30:00,2088,9,22,17,2088,9,23,18,3,7
77,43.865,5.03,28,0,0,-999,0,1012411,1012466,GF,107,2088-09-29 21:00:00,2088-10-01 00:30:00,2088,9,29,21,2088,10,1,0,3,7
78,115.02,8.84,31,0,0,-999,0,1029506,1029567,GF,107,2089-09-21 00:30:00,2089-09-22 07:00:00,2089,9,21,0,2089,9,22,7,3,5
1_16,22.535,3.57,17,0,0,-999,0,10807,10840,GF,108,2031-08-14 03:00:00,2031-08-14 19:30:00,2031,8,14,3,2031,8,14,19,1,7
2_16,77.48,9.65,25,21.5,3.5,-999,0,30003,30052,GF,108,2032-09-17 01:00:00,2032-09-18 01:30:00,2032,9,17,1,2032,9,18,1,1,9
3_16,28.945,2.12,52.5,16.5,30.5,-999,0,47766,47870,GF,108,2033-09-22 02:30:00,2033-09-24 06:30:00,2033,9,22,2,2033,9,24,6,2,4
4_16,25.395,3.71,23,0,0,-999,0,64796,64841,GF,108,2034-09-11 21:30:00,2034-09-12 20:00:00,2034,9,11,21,2034,9,12,20,1,9
5_16,37.92,5.57,47.5,0,0,-999,0,65175,65269,GF,108,2034-09-19 19:00:00,2034-09-21 18:00:00,2034,9,19,19,2034,9,21,18,1,9
6_16,37.585,3.09,37,11.5,20,-999,0,83155,83228,GF,108,2035-09-29 09:00:00,2035-09-30 21:30:00,2035,9,29,9,2035,9,30,21,2,1
7_16,24.015,3.33,58,0,0,-999,0,121055,121170,GF,108,2037-11-26 23:00:00,2037-11-29 08:30:00,2037,11,26,23,2037,11,29,8,1,8
8_16,80.535,3.58,76,0,0,-999,0,132220,132371,GF,108,2038-07-17 13:30:00,2038-07-20 17:00:00,2038,7,17,13,2038,7,20,17,2,6
9_16,37.535,5.67,26,0,0,-999,0,154453,154504,GF,108,2039-10-23 18:00:00,2039-10-24 19:30:00,2039,10,23,18,2039,10,24,19,1,6
10_16,23.35,1.66,92,0,0,-999,0,167601,167784,GF,108,2040-07-23 16:00:00,2040-07-27 11:30:00,2040,7,23,16,2040,7,27,11,2,5
11_16,20.425,3.6,17.5,0,0,-999,0,186381,186415,GF,108,2041-08-18 22:00:00,2041-08-19 15:00:00,2041,8,18,22,2041,8,19,15,1,2
12_16,33.275,3.12,37.5,0,0,-999,0,222957,223031,GF,108,2043-09-19 22:00:00,2043-09-21 11:00:00,2043,9,19,22,2043,9,21,11,3,9
13_16,53.13,4.02,45,44,1,-999,0,238500,238589,GF,108,2044-08-08 17:30:00,2044-08-10 14:00:00,2044,8,8,17,2044,8,10,14,3,8
14_16,27.705,1.92,46.5,0,27,-999,0,257258,257350,GF,108,2045-09-03 12:30:00,2045-09-05 10:30:00,2045,9,3,12,2045,9,5,10,1,5
15_16,23.635,3.95,18,0,0,-999,0,257649,257684,GF,108,2045-09-11 16:00:00,2045-09-12 09:30:00,2045,9,11,16,2045,9,12,9,1,5
16_16,69.24,6.32,38.5,37.5,1,-999,0,274315,274391,GF,108,2046-08-24 21:00:00,2046-08-26 11:00:00,2046,8,24,21,2046,8,26,11,3,6
17_16,77.07,2.27,115,0,0,-999,0,292476,292705,GF,108,2047-09-07 05:30:00,2047-09-12 00:00:00,2047,9,7,5,2047,9,12,0,2,8
18_16,101.87,6.29,48.5,0,0,-999,0,310995,311091,GF,108,2048-09-27 01:00:00,2048-09-29 01:00:00,2048,9,27,1,2048,9,29,1,2,2
19_16,50.875,6.01,88,0,0,-999,0,330187,330362,GF,108,2049-10-31 21:00:00,2049-11-04 12:30:00,2049,10,31,21,2049,11,4,12,1,5
20_16,47.335,4.75,89,0,0,-999,0,347398,347575,GF,108,2050-10-25 10:30:00,2050-10-29 03:00:00,2050,10,25,10,2050,10,29,3,1,9
21_16,47.435,5.04,56.5,22.5,34,-999,0,360242,360354,GF,108,2051-07-20 00:30:00,2051-07-22 08:30:00,2051,7,20,0,2051,7,22,8,2,9
22_16,71.885,3.32,60,22.5,36,-999,0,378949,379068,GF,108,2052-08-12 18:00:00,2052-08-15 05:30:00,2052,8,12,18,2052,8,15,5,2,10
23_16,76.215,5.91,104,30,40.5,-999,0,415570,415777,GF,108,2054-09-14 16:30:00,2054-09-19 00:00:00,2054,9,14,16,2054,9,19,0,2,9
24_16,26.475,3.53,27,0,0,-999,0,434065,434118,GF,108,2055-10-05 00:00:00,2055-10-06 02:30:00,2055,10,5,0,2055,10,6,2,3,8
25_16,23.81,4.08,53.5,0,0,-999,0,434199,434305,GF,108,2055-10-07 19:00:00,2055-10-10 00:00:00,2055,10,7,19,2055,10,10,0,3,8
26_16,25.88,3.09,66,0,0,-999,0,449840,449971,GF,108,2056-08-28 15:30:00,2056-08-31 09:00:00,2056,8,28,15,2056,8,31,9,2,7
27_16,21.66,2.9,75.5,0,0,-999,0,450161,450311,GF,108,2056-09-04 08:00:00,2056-09-07 11:00:00,2056,9,4,8,2056,9,7,11,2,7
28_16,38.105,4.72,28,0,0,-999,0,466297,466352,GF,108,2057-08-06 12:00:00,2057-08-07 15:30:00,2057,8,6,12,2057,8,7,15,3,10
29_16,27.145,4.45,26,0,0,-999,0,466430,466481,GF,108,2057-08-09 06:30:00,2057-08-10 08:00:00,2057,8,9,6,2057,8,10,8,3,10
30_16,35.19,2.77,83.5,0,0,-999,0,485721,485887,GF,108,2058-09-15 04:00:00,2058-09-18 15:00:00,2058,9,15,4,2058,9,18,15,3,9
31_16,29.215,2.84,25,0,0,-999,0,505432,505481,GF,108,2059-10-30 19:30:00,2059-10-31 20:00:00,2059,10,30,19,2059,10,31,20,3,8
32_16,45.965,4.48,35,0,0,-999,0,505640,505709,GF,108,2059-11-04 03:30:00,2059-11-05 14:00:00,2059,11,4,3,2059,11,5,14,3,8
33_16,37.005,5.49,137.5,0,0,-999,0,519029,519303,GF,108,2060-08-09 02:00:00,2060-08-14 19:00:00,2060,8,9,2,2060,8,14,19,1,9
34_16,51.005,3.96,98,0,0,-999,0,541665,541860,GF,108,2061-11-23 16:00:00,2061-11-27 17:30:00,2061,11,23,16,2061,11,27,17,3,2
35_16,69.94,9.64,63,22,41,-999,0,555075,555200,GF,108,2062-08-30 01:00:00,2062-09-01 15:30:00,2062,8,30,1,2062,9,1,15,1,8
36_16,31.17,2.18,71.5,0,0,-999,0,568993,569135,GF,108,2063-06-16 00:00:00,2063-06-18 23:00:00,2063,6,16,0,2063,6,18,23,3,9
37_16,98.105,9.84,65.5,37.5,28,-999,0,590575,590705,GF,108,2064-09-07 15:00:00,2064-09-10 08:00:00,2064,9,7,15,2064,9,10,8,1,5
38_16,32.695,2.62,53,0,0,-999,0,603734,603839,GF,108,2065-06-08 18:30:00,2065-06-10 23:00:00,2065,6,8,18,2065,6,10,23,2,6
39_16,67.2,4.98,39.5,19,27.5,-999,0,625246,625324,GF,108,2066-08-30 22:30:00,2066-09-01 13:30:00,2066,8,30,22,2066,9,1,13,3,6
40_16,28.57,5.39,27.5,0,10,-999,0,642090,642144,GF,108,2067-08-16 20:30:00,2067-08-17 23:30:00,2067,8,16,20,2067,8,17,23,2,9
41_16,84.87,3.67,71.5,0,6.5,-999,0,642358,642500,GF,108,2067-08-22 10:30:00,2067-08-25 09:30:00,2067,8,22,10,2067,8,25,9,2,9
42_16,37.635,6.19,27.5,0,0,-999,0,658525,658579,GF,108,2068-07-24 06:00:00,2068-07-25 09:00:00,2068,7,24,6,2068,7,25,9,2,7
43_16,109.02,5.32,110.5,0,0,-999,0,658922,659142,GF,108,2068-08-01 12:30:00,2068-08-06 02:30:00,2068,8,1,12,2068,8,6,2,2,7
44_16,25.385,3.7,28.5,0,0,-999,0,677008,677064,GF,108,2069-08-13 07:30:00,2069-08-14 11:30:00,2069,8,13,7,2069,8,14,11,3,3
45_16,35.745,2,78.5,0,0,-999,0,698927,699083,GF,108,2070-11-12 23:00:00,2070-11-16 05:00:00,2070,11,12,23,2070,11,16,5,2,9
46_16,35.175,2.45,63,0,0,-999,0,715368,715493,GF,108,2071-10-21 11:30:00,2071-10-24 02:00:00,2071,10,21,11,2071,10,24,2,3,9
47_16,47.61,4.7,38.5,0.5,30,-999,0,730980,731056,GF,108,2072-09-10 17:30:00,2072-09-12 07:30:00,2072,9,10,17,2072,9,12,7,2,8
48_16,88.905,3.76,96.5,16.5,36.5,-999,0,747000,747192,GF,108,2073-08-10 11:30:00,2073-08-14 11:30:00,2073,8,10,11,2073,8,14,11,2,2
49_16,25.405,4.51,15.5,0,0,-999,0,761779,761809,GF,108,2074-06-14 09:00:00,2074-06-15 00:00:00,2074,6,14,9,2074,6,15,0,2,10
50_16,37.905,2.13,50,46.5,3,-999,0,762299,762398,GF,108,2074-06-25 05:00:00,2074-06-27 06:30:00,2074,6,25,5,2074,6,27,6,2,10
51_16,51.565,7.78,83,0,0,-999,0,778702,778867,GF,108,2075-06-01 22:30:00,2075-06-05 09:00:00,2075,6,1,22,2075,6,5,9,1,5
52_16,28.62,3.23,32.5,0,0,-999,0,799806,799870,GF,108,2076-08-14 14:30:00,2076-08-15 22:30:00,2076,8,14,14,2076,8,15,22,1,1
53_16,20.4,2.45,32,0,0,-999,0,799969,800032,GF,108,2076-08-18 00:00:00,2076-08-19 07:30:00,2076,8,18,0,2076,8,19,7,1,1
54_16,40.865,11.16,31,1,21.5,-999,0,817417,817478,GF,108,2077-08-16 12:00:00,2077-08-17 18:30:00,2077,8,16,12,2077,8,17,18,2,7
55_16,57.27,7.04,58.5,0,0,-999,0,817566,817682,GF,108,2077-08-19 14:30:00,2077-08-22 00:30:00,2077,8,19,14,2077,8,22,0,2,7
56_16,125.395,4.52,180,0,0,-999,0,834654,835013,GF,108,2078-08-10 14:30:00,2078-08-18 02:00:00,2078,8,10,14,2078,8,18,2,3,8
57_16,80.85,11.74,52,26.5,25.5,-999,0,853312,853415,GF,108,2079-09-03 07:30:00,2079-09-05 11:00:00,2079,9,3,7,2079,9,5,11,1,8
58_16,29.15,4.82,14.5,0,0,-999,0,872608,872636,GF,108,2080-10-09 07:30:00,2080-10-09 21:30:00,2080,10,9,7,2080,10,9,21,2,2
59_16,23.23,3.01,31.5,14.5,17,-999,0,872706,872768,GF,108,2080-10-11 08:30:00,2080-10-12 15:30:00,2080,10,11,8,2080,10,12,15,2,2
60_16,48.79,5,31.5,0.5,3.5,-999,0,886076,886138,GF,108,2081-07-16 21:30:00,2081-07-18 04:30:00,2081,7,16,21,2081,7,18,4,2,1
61_16,61.36,4.58,90,0,19,-999,0,886471,886650,GF,108,2081-07-25 03:00:00,2081-07-28 20:30:00,2081,7,25,3,2081,7,28,20,2,1
62_16,27.885,1.98,120.5,0,0,-999,0,908689,908929,GF,108,2082-10-31 00:00:00,2082-11-05 00:00:00,2082,10,31,0,2082,11,5,0,3,4
63_14,66.09,5.66,38.5,4,23,-999,0,923864,923940,GF,108,2083-09-12 03:30:00,2083-09-13 17:30:00,2083,9,12,3,2083,9,13,17,3,8
64_13,52.66,5.8,84,0,0,-999,0,940310,940477,GF,108,2084-08-19 18:30:00,2084-08-23 06:00:00,2084,8,19,18,2084,8,23,6,1,7
65_11,26.52,3.24,37.5,0,0,-999,0,955919,955993,GF,108,2085-07-10 23:00:00,2085-07-12 12:00:00,2085,7,10,23,2085,7,12,12,1,5
66_11,38.195,3.2,59.5,0,0,-999,0,977083,977201,GF,108,2086-09-24 21:00:00,2086-09-27 08:00:00,2086,9,24,21,2086,9,27,8,3,5
67_10,29.365,7.18,31.5,0,0,-999,0,995083,995145,GF,108,2087-10-04 21:00:00,2087-10-06 04:00:00,2087,10,4,21,2087,10,6,4,1,9
68_8,30.615,5.17,17.5,0,0,-999,0,1011653,1011687,GF,108,2088-09-14 02:00:00,2088-09-14 19:00:00,2088,9,14,2,2088,9,14,19,1,6
69_6,31.115,2.16,92.5,0,0,-999,0,1032825,1033009,GF,108,2089-11-29 04:00:00,2089-12-03 00:00:00,2089,11,29,4,2089,12,3,0,3,8
70_5,25.22,3.1,48.5,0,0,-999,0,1045171,1045267,GF,108,2090-08-13 09:00:00,2090-08-15 09:00:00,2090,8,13,9,2090,8,15,9,1,6
71_3,35.215,6.65,16.5,0,0,-999,0,1045695,1045727,GF,108,2090-08-24 07:00:00,2090-08-24 23:00:00,2090,8,24,7,2090,8,24,23,1,6
1_17,234.15,5.51,183,26.5,43,-999,0,11444,11809,GF,109,2031-08-27 09:30:00,2031-09-04 00:00:00,2031,8,27,9,2031,9,4,0,2,7
2_17,24.75,2.46,32.5,0,0,-999,0,29903,29967,GF,109,2032-09-14 23:00:00,2032-09-16 07:00:00,2032,9,14,23,2032,9,16,7,3,5
3_17,74.49,5.23,69.5,0,0,-999,0,46525,46663,GF,109,2033-08-27 06:00:00,2033-08-30 03:00:00,2033,8,27,6,2033,8,30,3,2,3
4_17,24.45,3.23,20,0,10,-999,0,63541,63580,GF,109,2034-08-16 18:00:00,2034-08-17 13:30:00,2034,8,16,18,2034,8,17,13,1,10
5_17,101.17,11.07,98.5,0,0,-999,0,81226,81422,GF,109,2035-08-20 04:30:00,2035-08-24 06:30:00,2035,8,20,4,2035,8,24,6,1,7
6_17,26.25,3.16,30.5,0,0,-999,0,114821,114881,GF,109,2037-07-20 02:00:00,2037-07-21 08:00:00,2037,7,20,2,2037,7,21,8,3,8
7_17,44.47,3.61,48,26,22,-999,0,114967,115062,GF,109,2037-07-23 03:00:00,2037-07-25 02:30:00,2037,7,23,3,2037,7,25,2,3,8
8_17,29.565,5.01,19,15.5,3.5,-999,0,135095,135132,GF,109,2038-09-15 11:00:00,2038-09-16 05:30:00,2038,9,15,11,2038,9,16,5,1,5
9_17,61.875,6.8,89,0,5,-999,0,173043,173220,GF,109,2040-11-14 01:00:00,2040-11-17 17:30:00,2040,11,14,1,2040,11,17,17,1,9
10_17,84.21,2.23,137.5,0,75.5,-999,0,189233,189507,GF,109,2041-10-17 08:00:00,2041-10-23 01:00:00,2041,10,17,8,2041,10,23,1,2,6
11_17,21.35,2.65,36.5,0,0,-999,0,204057,204129,GF,109,2042-08-22 04:00:00,2042-08-23 16:00:00,2042,8,22,4,2042,8,23,16,1,1
12_17,68.11,3.75,112.5,0,0,-999,0,219761,219985,GF,109,2043-07-15 08:00:00,2043-07-20 00:00:00,2043,7,15,8,2043,7,20,0,2,6
13_17,37.14,4.25,34.5,0,6.5,-999,0,240959,241027,GF,109,2044-09-28 23:00:00,2044-09-30 09:00:00,2044,9,28,23,2044,9,30,9,1,8
14_17,56.15,4.46,54.5,13.5,24,-999,0,257299,257407,GF,109,2045-09-04 09:00:00,2045-09-06 15:00:00,2045,9,4,9,2045,9,6,15,3,1
15_17,57.825,6.08,70,0,0,-999,0,272645,272784,GF,109,2046-07-21 02:00:00,2046-07-23 23:30:00,2046,7,21,2,2046,7,23,23,2,6
16_17,49.195,6.48,31.5,13.5,18,-999,0,290639,290701,GF,109,2047-07-30 23:00:00,2047-08-01 06:00:00,2047,7,30,23,2047,8,1,6,3,9
17_17,98.28,5.78,44.5,0,44.5,-999,0,310871,310959,GF,109,2048-09-24 11:00:00,2048-09-26 07:00:00,2048,9,24,11,2048,9,26,7,2,5
18_17,37.66,3.14,47,12,20.5,-999,0,326953,327046,GF,109,2049-08-25 12:00:00,2049-08-27 10:30:00,2049,8,25,12,2049,8,27,10,3,1
19_17,97.37,7.82,135,0,0,-999,0,341710,341979,GF,109,2050-06-28 22:30:00,2050-07-04 13:00:00,2050,6,28,22,2050,7,4,13,3,8
20_17,30.265,3.24,63,0,0,-999,0,384147,384272,GF,109,2052-11-29 01:00:00,2052-12-01 15:30:00,2052,11,29,1,2052,12,1,15,1,9
21_17,30.585,1.41,56.5,0,0,-999,0,400626,400738,GF,109,2053-11-07 08:30:00,2053-11-09 16:30:00,2053,11,7,8,2053,11,9,16,2,4
22_17,21.68,2.42,19,0,0,-999,0,415952,415989,GF,109,2054-09-22 15:30:00,2054-09-23 10:00:00,2054,9,22,15,2054,9,23,10,2,9
23_17,90.245,3.29,118.5,0,34,-999,0,416023,416259,GF,109,2054-09-24 03:00:00,2054-09-29 01:00:00,2054,9,24,3,2054,9,29,1,2,9
24_17,30.925,4.11,68.5,0,0,-999,0,435777,435913,GF,109,2055-11-09 16:00:00,2055-11-12 12:00:00,2055,11,9,16,2055,11,12,12,1,2
25_17,57.98,5.87,44,0,0,-999,0,435957,436044,GF,109,2055-11-13 10:00:00,2055-11-15 05:30:00,2055,11,13,10,2055,11,15,5,1,2
26_17,30.82,2.31,52.5,29.5,23,-999,0,451451,451555,GF,109,2056-10-01 05:00:00,2056-10-03 09:00:00,2056,10,1,5,2056,10,3,9,3,9
27_17,25.565,1.95,83,0,0,-999,0,466754,466919,GF,109,2057-08-16 00:30:00,2057-08-19 11:00:00,2057,8,16,0,2057,8,19,11,1,9
28_17,50.87,8.01,38.5,28.5,10,-999,0,467267,467343,GF,109,2057-08-26 17:00:00,2057-08-28 07:00:00,2057,8,26,17,2057,8,28,7,1,9
29_17,24.735,3.21,64,0,0,-999,0,488138,488265,GF,109,2058-11-04 12:30:00,2058-11-07 04:00:00,2058,11,4,12,2058,11,7,4,1,2
30_17,47.15,6.83,83,0,0,-999,0,518114,518279,GF,109,2060-07-21 00:30:00,2060-07-24 11:00:00,2060,7,21,0,2060,7,24,11,3,5
31_17,56.525,4.13,64.5,0,0,-999,0,518321,518449,GF,109,2060-07-25 08:00:00,2060-07-28 00:00:00,2060,7,25,8,2060,7,28,0,3,5
32_17,58.92,3.05,73.5,0,8.5,-999,0,537610,537756,GF,109,2061-08-31 04:30:00,2061-09-03 05:30:00,2061,8,31,4,2061,9,3,5,2,1
33_17,20.82,4.18,18,12.5,5.5,-999,0,537802,537837,GF,109,2061-09-04 04:30:00,2061-09-04 22:00:00,2061,9,4,4,2061,9,4,22,2,1
34_17,35.345,2.94,40.5,33,7.5,-999,0,556870,556950,GF,109,2062-10-06 10:30:00,2062-10-08 02:30:00,2062,10,6,10,2062,10,8,2,3,9
35_17,23.81,1.98,94.5,0,0,-999,0,571693,571881,GF,109,2063-08-11 06:00:00,2063-08-15 04:00:00,2063,8,11,6,2063,8,15,4,3,9
36_17,26.02,1.76,25,0,25,-999,0,610149,610198,GF,109,2065-10-20 10:00:00,2065-10-21 10:30:00,2065,10,20,10,2065,10,21,10,3,9
37_17,29.55,2.42,37.5,0,0,-999,0,624833,624907,GF,109,2066-08-22 08:00:00,2066-08-23 21:00:00,2066,8,22,8,2066,8,23,21,2,2
38_17,159.715,8.85,64.5,0,12.5,-999,0,625143,625271,GF,109,2066-08-28 19:00:00,2066-08-31 11:00:00,2066,8,28,19,2066,8,31,11,2,2
39_17,56.08,1.6,109.5,38.5,24,-999,0,640341,640559,GF,109,2067-07-11 10:00:00,2067-07-15 23:00:00,2067,7,11,10,2067,7,15,23,2,9
40_17,45.79,3.8,100.5,0,0,-999,0,676444,676644,GF,109,2069-08-01 13:30:00,2069-08-05 17:30:00,2069,8,1,13,2069,8,5,17,3,8
41_17,76.695,4.67,80,2,10.5,-999,0,697229,697388,GF,109,2070-10-08 14:00:00,2070-10-11 21:30:00,2070,10,8,14,2070,10,11,21,2,8
42_17,42.635,4.16,42,16,26,-999,0,713329,713412,GF,109,2071-09-09 00:00:00,2071-09-10 17:30:00,2071,9,9,0,2071,9,10,17,3,9
43_17,29.48,2.78,47.5,2,1.5,-999,0,728023,728117,GF,109,2072-07-11 03:00:00,2072-07-13 02:00:00,2072,7,11,3,2072,7,13,2,2,6
44_17,22.295,3.85,55.5,19.5,30.5,-999,0,728134,728244,GF,109,2072-07-13 10:30:00,2072-07-15 17:30:00,2072,7,13,10,2072,7,15,17,2,6
45_17,54.29,5.83,86.5,0,0,-999,0,752242,752414,GF,109,2073-11-27 16:30:00,2073-12-01 06:30:00,2073,11,27,16,2073,12,1,6,1,6
46_17,22.745,4.68,24.5,0,0,-999,0,764148,764196,GF,109,2074-08-02 17:30:00,2074-08-03 17:30:00,2074,8,2,17,2074,8,3,17,3,8
47_17,85.99,6.56,88,70,18,-999,0,764466,764641,GF,109,2074-08-09 08:30:00,2074-08-13 00:00:00,2074,8,9,8,2074,8,13,0,3,8
48_17,28.71,1.82,44,0,16,-999,0,785236,785323,GF,109,2075-10-16 01:30:00,2075-10-17 21:00:00,2075,10,16,1,2075,10,17,21,2,9
49_17,34.21,5.05,36.5,0,0,-999,0,799822,799894,GF,109,2076-08-14 22:30:00,2076-08-16 10:30:00,2076,8,14,22,2076,8,16,10,1,8
50_17,65.545,3.37,89.5,0,39,-999,0,819658,819836,GF,109,2077-10-02 04:30:00,2077-10-05 21:30:00,2077,10,2,4,2077,10,5,21,2,5
51_17,43.045,5.63,24.5,0,0,-999,0,835982,836030,GF,109,2078-09-07 06:30:00,2078-09-08 06:30:00,2078,9,7,6,2078,9,8,6,1,6
52_17,38.205,3.75,114,0,0,-999,0,856574,856801,GF,109,2079-11-10 06:30:00,2079-11-15 00:00:00,2079,11,10,6,2079,11,15,0,1,7
53_17,34.83,3.86,30.5,0,0,-999,0,866344,866404,GF,109,2080-05-31 19:30:00,2080-06-02 01:30:00,2080,5,31,19,2080,6,2,1,3,8
54_17,20.835,2.15,27,0,0,-999,0,885444,885497,GF,109,2081-07-03 17:30:00,2081-07-04 20:00:00,2081,7,3,17,2081,7,4,20,3,6
55_17,117.225,11.32,61.5,1.5,16,-999,0,885875,885997,GF,109,2081-07-12 17:00:00,2081-07-15 06:00:00,2081,7,12,17,2081,7,15,6,3,6
56_17,36.16,2.45,89.5,0,0,-999,0,901695,901873,GF,109,2082-06-07 07:00:00,2082-06-11 00:00:00,2082,6,7,7,2082,6,11,0,2,6
57_17,52.3,9.09,55,40,15,-999,0,923367,923476,GF,109,2083-09-01 19:00:00,2083-09-04 01:30:00,2083,9,1,19,2083,9,4,1,1,8
58_17,68.14,5.74,43.5,0,40,-999,0,941080,941166,GF,109,2084-09-04 19:30:00,2084-09-06 14:30:00,2084,9,4,19,2084,9,6,14,3,2
59_17,31.89,4.16,24.5,0,0,-999,0,957693,957741,GF,109,2085-08-16 22:00:00,2085-08-17 22:00:00,2085,8,16,22,2085,8,17,22,3,6
60_17,44.415,4.35,49,0,0,-999,0,958148,958245,GF,109,2085-08-26 09:30:00,2085-08-28 10:00:00,2085,8,26,9,2085,8,28,10,3,6
61_17,45.16,2.52,112,0,45.5,-999,0,976261,976484,GF,109,2086-09-07 18:00:00,2086-09-12 09:30:00,2086,9,7,18,2086,9,12,9,1,9
62_17,42.925,5.21,35,21.5,13.5,-999,0,976671,976740,GF,109,2086-09-16 07:00:00,2086-09-17 17:30:00,2086,9,16,7,2086,9,17,17,1,9
63_15,41.19,6.24,57.5,0,0,-999,0,993073,993187,GF,109,2087-08-24 00:00:00,2087-08-26 09:00:00,2087,8,24,0,2087,8,26,9,3,8
64_14,37.975,2.53,56,0,0,-999,0,1013413,1013524,GF,109,2088-10-20 18:00:00,2088-10-23 01:30:00,2088,10,20,18,2088,10,23,1,2,4
65_12,70.2,4.05,75,0,0,-999,0,1027233,1027382,GF,109,2089-08-04 16:00:00,2089-08-07 18:30:00,2089,8,4,16,2089,8,7,18,3,8
66_12,46.9,1.62,85,36.5,48.5,-999,0,1049181,1049350,GF,109,2090-11-04 22:00:00,2090-11-08 10:30:00,2090,11,4,22,2090,11,8,10,2,9
1_18,20.985,3.42,102.5,0,0,0,0,15251,15455,HA,101,2031-11-14 17:00:00,2031-11-18 23:00:00,2031,11,14,17,2031,11,18,23,1,9
2_18,56.355,7.52,27.5,2.5,12,6,0,31089,31143,HA,101,2032-10-09 16:00:00,2032-10-10 19:00:00,2032,10,9,16,2032,10,10,19,1,5
3_18,30.62,3.49,64.5,0,0,12,0,49200,49328,HA,101,2033-10-21 23:30:00,2033-10-24 15:30:00,2033,10,21,23,2033,10,24,15,3,5
4_18,52.545,6.66,46.5,26,20.5,6,0,62796,62888,HA,101,2034-08-01 05:30:00,2034-08-03 03:30:00,2034,8,1,5,2034,8,3,3,1,2
5_18,36.155,3.97,22,0,0,6,0,83134,83177,HA,101,2035-09-28 22:30:00,2035-09-29 20:00:00,2035,9,28,22,2035,9,29,20,1,9
6_18,52.46,4.6,55,0,32.5,0,0,100188,100297,HA,101,2036-09-18 05:30:00,2036-09-20 12:00:00,2036,9,18,5,2036,9,20,12,2,8
7_18,36.79,1.71,91,9.5,1.5,36,0,134188,134369,HA,101,2038-08-27 13:30:00,2038-08-31 08:00:00,2038,8,27,13,2038,8,31,8,2,5
8_18,26.34,2.8,42,12.5,29.5,0,0,151583,151666,HA,101,2039-08-24 23:00:00,2039-08-26 16:30:00,2039,8,24,23,2039,8,26,16,3,5
9_18,28.59,4.99,24,0,0,12,0,171688,171735,HA,101,2040-10-16 19:30:00,2040-10-17 19:00:00,2040,10,16,19,2040,10,17,19,1,2
10_18,31.73,3.49,61,23,38,12,0,184742,184863,HA,101,2041-07-15 18:30:00,2041-07-18 07:00:00,2041,7,15,18,2041,7,18,7,3,10
11_18,36.64,4.71,49,0,10.5,0,0,203321,203418,HA,101,2042-08-06 20:00:00,2042-08-08 20:30:00,2042,8,6,20,2042,8,8,20,2,1
12_18,98.81,3.97,85,11.5,32,12,0,203588,203757,HA,101,2042-08-12 09:30:00,2042-08-15 22:00:00,2042,8,12,9,2042,8,15,22,2,1
13_18,29.625,3.19,58.5,0,0,0,0,221044,221160,HA,101,2043-08-11 01:30:00,2043-08-13 11:30:00,2043,8,11,1,2043,8,13,11,3,6
14_18,26.36,1.59,52.5,0,0,24,0,221374,221478,HA,101,2043-08-17 22:30:00,2043-08-20 02:30:00,2043,8,17,22,2043,8,20,2,3,6
15_18,70.92,7.38,48,0,0,30,0,221645,221740,HA,101,2043-08-23 14:00:00,2043-08-25 13:30:00,2043,8,23,14,2043,8,25,13,3,6
16_18,42.85,2.78,75,0,0,12,0,241886,242035,HA,101,2044-10-18 06:30:00,2044-10-21 09:00:00,2044,10,18,6,2044,10,21,9,1,8
17_18,45.9,7.02,40,0,0,6,0,242115,242194,HA,101,2044-10-23 01:00:00,2044-10-24 16:30:00,2044,10,23,1,2044,10,24,16,1,8
18_18,53.115,4.84,87,0,17.5,0,0,256698,256871,HA,101,2045-08-22 20:30:00,2045-08-26 11:00:00,2045,8,22,20,2045,8,26,11,2,9
19_18,37.625,4.84,47.5,24,23.5,12,0,277267,277361,HA,101,2046-10-25 09:00:00,2046-10-27 08:00:00,2046,10,25,9,2046,10,27,8,1,9
20_18,20.52,2.5,21.5,0,2.5,18,0,293289,293331,HA,101,2047-09-24 04:00:00,2047-09-25 01:00:00,2047,9,24,4,2047,9,25,1,1,6
21_18,26.64,2.45,29,0,11.5,0,0,293475,293532,HA,101,2047-09-28 01:00:00,2047-09-29 05:30:00,2047,9,28,1,2047,9,29,5,1,6
22_18,63.405,6.52,36.5,0,0,18,0,293680,293752,HA,101,2047-10-02 07:30:00,2047-10-03 19:30:00,2047,10,2,7,2047,10,3,19,1,6
23_18,39.86,9.04,34,0,0,12,0,309749,309816,HA,101,2048-09-01 02:00:00,2048-09-02 11:30:00,2048,9,1,2,2048,9,2,11,3,8
24_18,34.595,3.36,22,0,0,18,0,310201,310244,HA,101,2048-09-10 12:00:00,2048-09-11 09:30:00,2048,9,10,12,2048,9,11,9,3,8
25_18,27.485,2.76,68.5,0,19.5,0,0,330469,330605,HA,101,2049-11-06 18:00:00,2049-11-09 14:00:00,2049,11,6,18,2049,11,9,14,3,2
26_18,39.095,5.54,30.5,0,0,0,0,343987,344047,HA,101,2050-08-15 09:00:00,2050-08-16 15:00:00,2050,8,15,9,2050,8,16,15,2,9
27_18,128.72,7.09,62,0,53.5,54,0,344405,344528,HA,101,2050-08-24 02:00:00,2050-08-26 15:30:00,2050,8,24,2,2050,8,26,15,2,9
28_18,53.57,6.55,30,26,4,18,0,379352,379411,HA,101,2052-08-21 03:30:00,2052-08-22 09:00:00,2052,8,21,3,2052,8,22,9,3,5
29_18,62.195,4.74,33.5,5.5,28,0,0,379692,379758,HA,101,2052-08-28 05:30:00,2052-08-29 14:30:00,2052,8,28,5,2052,8,29,14,3,5
30_18,30.385,6.61,28,0,0,6,0,399397,399452,HA,101,2053-10-12 18:00:00,2053-10-13 21:30:00,2053,10,12,18,2053,10,13,21,1,7
31_18,32.86,5,80.5,0,0,0,0,452961,453121,HA,101,2056-11-01 16:00:00,2056-11-05 00:00:00,2056,11,1,16,2056,11,5,0,1,2
32_18,28.235,4.75,25.5,0,0,0,0,466350,466400,HA,101,2057-08-07 14:30:00,2057-08-08 15:30:00,2057,8,7,14,2057,8,8,15,1,2
33_18,56.705,7.59,39.5,30.5,9,0,0,466751,466829,HA,101,2057-08-15 23:00:00,2057-08-17 14:00:00,2057,8,15,23,2057,8,17,14,1,2
34_18,73.385,3.27,140,0,0,66,0,485284,485563,HA,101,2058-09-06 01:30:00,2058-09-11 21:00:00,2058,9,6,1,2058,9,11,21,2,8
35_18,53.935,3.76,38.5,0,0,12,0,503765,503841,HA,101,2059-09-26 02:00:00,2059-09-27 16:00:00,2059,9,26,2,2059,9,27,16,2,7
36_18,30.295,3.41,22,0,0,6,0,503945,503988,HA,101,2059-09-29 20:00:00,2059-09-30 17:30:00,2059,9,29,20,2059,9,30,17,2,7
37_18,40.545,3.03,33,0,6.5,12,0,522253,522318,HA,101,2060-10-15 06:00:00,2060-10-16 14:30:00,2060,10,15,6,2060,10,16,14,3,7
38_18,70.82,4.29,52.5,0,0,6,0,536163,536267,HA,101,2061-08-01 01:00:00,2061-08-03 05:00:00,2061,8,1,1,2061,8,3,5,2,6
39_18,27.605,1.04,52.5,0,0,0,0,555659,555763,HA,101,2062-09-11 05:00:00,2062-09-13 09:00:00,2062,9,11,5,2062,9,13,9,1,9
40_18,46.685,6.89,48,37.5,10.5,0,0,556035,556130,HA,101,2062-09-19 01:00:00,2062-09-21 00:30:00,2062,9,19,1,2062,9,21,0,1,9
41_18,70.83,2.6,136,0,0,0,0,570642,570913,HA,101,2063-07-20 08:30:00,2063-07-26 00:00:00,2063,7,20,8,2063,7,26,0,2,6
42_18,25.44,1.41,87.5,0,45,0,0,587475,587649,HA,101,2064-07-05 01:00:00,2064-07-08 16:00:00,2064,7,5,1,2064,7,8,16,2,9
43_18,94.305,3.54,115.5,30.5,72,6,0,587819,588049,HA,101,2064-07-12 05:00:00,2064-07-17 00:00:00,2064,7,12,5,2064,7,17,0,2,9
44_18,31.335,1.23,46,4.5,33.5,0,0,626757,626848,HA,101,2066-10-01 10:00:00,2066-10-03 07:30:00,2066,10,1,10,2066,10,3,7,2,8
45_18,32.745,2.38,33.5,0,0,18,0,643197,643263,HA,101,2067-09-08 22:00:00,2067-09-10 07:00:00,2067,9,8,22,2067,9,10,7,2,6
46_18,29.505,2.58,71,0,0,42,0,660873,661014,HA,101,2068-09-11 04:00:00,2068-09-14 02:30:00,2068,9,11,4,2068,9,14,2,2,8
47_18,36.34,3.94,32,0,0,24,0,661128,661191,HA,101,2068-09-16 11:30:00,2068-09-17 19:00:00,2068,9,16,11,2068,9,17,19,2,8
48_18,146.42,6.89,93,26.5,51.5,60,0,677682,677867,HA,101,2069-08-27 08:30:00,2069-08-31 05:00:00,2069,8,27,8,2069,8,31,5,2,6
49_18,58.545,4.64,51.5,21.5,30,24,0,694494,694596,HA,101,2070-08-12 14:30:00,2070-08-14 17:30:00,2070,8,12,14,2070,8,14,17,2,1
50_18,101.615,4.39,120.5,22.5,41,48,0,694644,694884,HA,101,2070-08-15 17:30:00,2070-08-20 17:30:00,2070,8,15,17,2070,8,20,17,2,1
51_18,27.94,1.96,66.5,0,30.5,0,0,712450,712582,HA,101,2071-08-21 16:30:00,2071-08-24 10:30:00,2071,8,21,16,2071,8,24,10,2,3
52_18,34.72,6.21,73.5,0,36,18,0,729846,729992,HA,101,2072-08-18 02:30:00,2072-08-21 03:30:00,2072,8,18,2,2072,8,21,3,1,5
53_18,62.98,5.16,87,0,0,78,0,748404,748577,HA,101,2073-09-08 17:30:00,2073-09-12 08:00:00,2073,9,8,17,2073,9,12,8,1,7
54_18,32.35,3.8,57,0,29.5,36,0,765650,765763,HA,101,2074-09-03 00:30:00,2074-09-05 09:00:00,2074,9,3,0,2074,9,5,9,1,3
55_18,47.21,1.84,61,22.5,38.5,0,0,784486,784607,HA,101,2075-09-30 10:30:00,2075-10-02 23:00:00,2075,9,30,10,2075,10,2,23,2,9
56_18,101.35,9.75,97.5,20.5,49.5,18,0,799953,800147,HA,101,2076-08-17 16:00:00,2076-08-21 17:00:00,2076,8,17,16,2076,8,21,17,2,8
57_18,46.345,5.28,48,20,28,12,0,818121,818216,HA,101,2077-08-31 04:00:00,2077-09-02 03:30:00,2077,8,31,4,2077,9,2,3,3,8
58_18,25.7,1.67,38.5,0,0,0,0,831119,831195,HA,101,2078-05-28 23:00:00,2078-05-30 13:00:00,2078,5,28,23,2078,5,30,13,1,6
59_18,39.745,4.87,19.5,0,0,18,0,831565,831603,HA,101,2078-06-07 06:00:00,2078-06-08 01:00:00,2078,6,7,6,2078,6,8,1,1,6
60_18,50.305,7.05,71,18,37,0,0,851957,852098,HA,101,2079-08-06 02:00:00,2079-08-09 00:30:00,2079,8,6,2,2079,8,9,0,1,9
61_18,85.855,5.25,39,0,0,12,0,871181,871258,HA,101,2080-09-09 14:00:00,2080-09-11 04:30:00,2080,9,9,14,2080,9,11,4,2,1
62_18,52.645,4.34,76.5,0,10,72,0,888989,889141,HA,101,2081-09-15 14:00:00,2081-09-18 18:00:00,2081,9,15,14,2081,9,18,18,2,6
63_16,24.995,3.73,24.5,0,0,24,0,906290,906338,HA,101,2082-09-11 00:30:00,2082-09-12 00:30:00,2082,9,11,0,2082,9,12,0,2,2
64_15,24.595,6.38,31,12,19,12,0,906392,906453,HA,101,2082-09-13 03:30:00,2082-09-14 10:00:00,2082,9,13,3,2082,9,14,10,2,2
65_13,23.825,1.36,49,0,0,0,0,919049,919146,HA,101,2083-06-03 20:00:00,2083-06-05 20:30:00,2083,6,3,20,2083,6,5,20,2,9
66_13,98.46,7.4,79,0,0,6,0,941821,941978,HA,101,2084-09-20 06:00:00,2084-09-23 12:30:00,2084,9,20,6,2084,9,23,12,3,2
67_11,26.035,3.53,20.5,0,0,24,0,959942,959982,HA,101,2085-10-02 18:30:00,2085-10-03 14:30:00,2085,10,2,18,2085,10,3,14,3,9
68_9,41.375,3.28,32,0,0,6,0,960136,960199,HA,101,2085-10-06 19:30:00,2085-10-08 03:00:00,2085,10,6,19,2085,10,8,3,3,9
69_7,107.105,3.87,128,0,0,6,0,974928,975183,HA,101,2086-08-10 23:30:00,2086-08-16 07:00:00,2086,8,10,23,2086,8,16,7,2,2
70_6,31.345,3.81,33,24,9,18,0,993491,993556,HA,101,2087-09-01 17:00:00,2087-09-03 01:30:00,2087,9,1,17,2087,9,3,1,3,5
71_4,38.895,5.65,74,0,0,6,0,1013469,1013616,HA,101,2088-10-21 22:00:00,2088-10-24 23:30:00,2088,10,21,22,2088,10,24,23,1,6
72_2,26.61,2.82,86,0,0,0,0,1047495,1047666,HA,101,2090-09-30 19:00:00,2090-10-04 08:30:00,2090,9,30,19,2090,10,4,8,2,7
73_1,64.44,4.46,53.5,0,0,24,0,1047747,1047853,HA,101,2090-10-06 01:00:00,2090-10-08 06:00:00,2090,10,6,1,2090,10,8,6,2,7
1_19,43.355,2.45,121,0,23,30,9.5,11685,11926,HA,102,2031-09-01 10:00:00,2031-09-06 10:30:00,2031,9,1,10,2031,9,6,10,2,6
2_19,21.18,4.52,17.5,0,0,6,0,29223,29257,HA,102,2032-08-31 19:00:00,2032-09-01 12:00:00,2032,8,31,19,2032,9,1,12,1,1
3_19,116.875,2.97,130.5,9.5,49,0,0,63341,63601,HA,102,2034-08-12 14:00:00,2034-08-18 00:00:00,2034,8,12,14,2034,8,18,0,2,10
4_19,26.88,4.68,43.5,0,0,0,0,85408,85494,HA,102,2035-11-15 07:30:00,2035-11-17 02:30:00,2035,11,15,7,2035,11,17,2,1,6
5_19,69.26,2.36,70.5,0,0,30,0,99248,99388,HA,102,2036-08-29 15:30:00,2036-09-01 13:30:00,2036,8,29,15,2036,9,1,13,2,7
6_19,67.985,10.04,63.5,33,30.5,18,0,116137,116263,HA,102,2037-08-16 12:00:00,2037-08-19 03:00:00,2037,8,16,12,2037,8,19,3,1,7
7_19,40.01,2.77,70,16,31.5,18,0,149817,149956,HA,102,2039-07-19 04:00:00,2039-07-22 01:30:00,2039,7,19,4,2039,7,22,1,2,1
8_19,32.325,1.87,76.5,16.5,26.5,18,0,169929,170081,HA,102,2040-09-10 04:00:00,2040-09-13 08:00:00,2040,9,10,4,2040,9,13,8,2,9
9_19,63.19,4.04,49.5,0,14,24,0,189010,189108,HA,102,2041-10-12 16:30:00,2041-10-14 17:30:00,2041,10,12,16,2041,10,14,17,2,8
10_19,31.66,3.53,26.5,0,2.5,6,0,189165,189217,HA,102,2041-10-15 22:00:00,2041-10-17 00:00:00,2041,10,15,22,2041,10,17,0,2,8
11_19,52.82,4.16,60.5,0,0,0,0,203641,203761,HA,102,2042-08-13 12:00:00,2042-08-16 00:00:00,2042,8,13,12,2042,8,16,0,3,6
12_19,53.305,6.55,33,29,4,12,0,219685,219750,HA,102,2043-07-13 18:00:00,2043-07-15 02:30:00,2043,7,13,18,2043,7,15,2,1,8
13_19,31.71,1.58,98,0,16,0,0,259149,259344,HA,102,2045-10-12 22:00:00,2045-10-16 23:30:00,2045,10,12,22,2045,10,16,23,2,5
14_19,120.725,7.99,74,21,46,18,0,274445,274592,HA,102,2046-08-27 14:00:00,2046-08-30 15:30:00,2046,8,27,14,2046,8,30,15,2,9
15_19,32.815,5.17,51.5,0,0,0,0,313247,313349,HA,102,2048-11-12 23:00:00,2048-11-15 02:00:00,2048,11,12,23,2048,11,15,2,1,2
16_19,32.505,2.92,44.5,0,0,24,0,345773,345861,HA,102,2050-09-21 14:00:00,2050-09-23 10:00:00,2050,9,21,14,2050,9,23,10,2,8
17_19,32.205,1.11,76.5,0,37.5,0,0,346052,346204,HA,102,2050-09-27 09:30:00,2050-09-30 13:30:00,2050,9,27,9,2050,9,30,13,2,8
18_19,146.465,7.63,81.5,0,0,6,0,362285,362447,HA,102,2051-08-31 14:00:00,2051-09-03 23:00:00,2051,8,31,14,2051,9,3,23,2,6
19_19,40.86,3.79,39.5,23.5,16,0,0,378469,378547,HA,102,2052-08-02 18:00:00,2052-08-04 09:00:00,2052,8,2,18,2052,8,4,9,2,6
20_19,22.325,2.42,50,0,8.5,6,0,378574,378673,HA,102,2052-08-04 22:30:00,2052-08-07 00:00:00,2052,8,4,22,2052,8,7,0,2,6
21_19,30.48,2.1,41.5,0,0,6,0,399357,399439,HA,102,2053-10-11 22:00:00,2053-10-13 15:00:00,2053,10,11,22,2053,10,13,15,2,8
22_19,48.195,6.07,27,1,26,18,0,414474,414527,HA,102,2054-08-22 20:30:00,2054-08-23 23:00:00,2054,8,22,20,2054,8,23,23,3,5
23_19,43.245,7.43,36,0,0,24,0,414661,414732,HA,102,2054-08-26 18:00:00,2054-08-28 05:30:00,2054,8,26,18,2054,8,28,5,3,5
24_19,60.695,7.2,43.5,25,18.5,12,0,414876,414962,HA,102,2054-08-31 05:30:00,2054-09-02 00:30:00,2054,8,31,5,2054,9,2,0,3,5
25_19,52.055,2.69,81,19.5,38,66,0,432616,432777,HA,102,2055-09-04 19:30:00,2055-09-08 04:00:00,2055,9,4,19,2055,9,8,4,2,9
26_19,21.295,4.36,17,0,0,0,0,467007,467040,HA,102,2057-08-21 07:00:00,2057-08-21 23:30:00,2057,8,21,7,2057,8,21,23,3,8
27_19,33.685,3.76,57.5,31.5,25,24,0,467306,467420,HA,102,2057-08-27 12:30:00,2057-08-29 21:30:00,2057,8,27,12,2057,8,29,21,3,8
28_19,44.62,3.86,40.5,0,0,12,0,482889,482969,HA,102,2058-07-18 04:00:00,2058-07-19 20:00:00,2058,7,18,4,2058,7,19,20,3,10
29_19,31.415,5.46,112,0,43,42,0,505175,505398,HA,102,2059-10-25 11:00:00,2059-10-30 02:30:00,2059,10,25,11,2059,10,30,2,1,2
30_19,51.21,3.61,69,0,35.5,6,0,521528,521665,HA,102,2060-09-30 03:30:00,2060-10-03 00:00:00,2060,9,30,3,2060,10,3,0,3,2
31_19,22.2,2.85,25,0,0,6,0,537715,537764,HA,102,2061-09-02 09:00:00,2061-09-03 09:30:00,2061,9,2,9,2061,9,3,9,2,7
32_19,20.43,6.24,22,0,0,24,0,537821,537864,HA,102,2061-09-04 14:00:00,2061-09-05 11:30:00,2061,9,4,14,2061,9,5,11,2,7
33_19,40.635,5.81,29,0,0,12,0,555038,555095,HA,102,2062-08-29 06:30:00,2062-08-30 11:00:00,2062,8,29,6,2062,8,30,11,1,8
34_19,51.165,5.42,89,24,23.5,12,0,573420,573597,HA,102,2063-09-16 05:30:00,2063-09-19 22:00:00,2063,9,16,5,2063,9,19,22,3,6
35_19,67.145,6.9,56,24,28.5,0,0,605309,605420,HA,102,2065-07-11 14:00:00,2065-07-13 21:30:00,2065,7,11,14,2065,7,13,21,3,9
36_19,32.04,4.47,24.5,0,10.5,12,0,627053,627101,HA,102,2066-10-07 14:00:00,2066-10-08 14:00:00,2066,10,7,14,2066,10,8,14,1,5
37_19,27.585,5.37,63,0,0,18,0,658722,658847,HA,102,2068-07-28 08:30:00,2068-07-30 23:00:00,2068,7,28,8,2068,7,30,23,1,3
38_19,32.44,3.41,55,0,0,6,0,678063,678172,HA,102,2069-09-04 07:00:00,2069-09-06 13:30:00,2069,9,4,7,2069,9,6,13,1,8
39_19,70.025,8.08,101,33.5,18,12,0,692692,692893,HA,102,2070-07-06 01:30:00,2070-07-10 06:00:00,2070,7,6,1,2070,7,10,6,2,6
40_19,21.96,2.56,35,0,0,0,0,710039,710108,HA,102,2071-07-02 11:00:00,2071-07-03 21:30:00,2071,7,2,11,2071,7,3,21,2,3
41_19,44.96,2.94,82.5,0,0,0,0,729637,729801,HA,102,2072-08-13 18:00:00,2072-08-17 04:00:00,2072,8,13,18,2072,8,17,4,3,9
42_19,51.65,5.45,53,0,0,0,0,749867,749972,HA,102,2073-10-09 05:00:00,2073-10-11 09:30:00,2073,10,9,5,2073,10,11,9,3,9
43_19,45.03,2.05,59.5,0,0,24,0,765612,765730,HA,102,2074-09-02 05:30:00,2074-09-04 16:30:00,2074,9,2,5,2074,9,4,16,2,2
44_19,72,4.75,125,0,1,36,0,778929,779178,HA,102,2075-06-06 16:00:00,2075-06-11 20:30:00,2075,6,6,16,2075,6,11,20,2,6
45_19,64.215,5.4,34,0,32.5,36,0,800678,800745,HA,102,2076-09-01 18:30:00,2076-09-03 04:00:00,2076,9,1,18,2076,9,3,4,3,10
46_19,43.945,4.42,61,0,37,0,0,819816,819937,HA,102,2077-10-05 11:30:00,2077-10-08 00:00:00,2077,10,5,11,2077,10,8,0,3,6
47_19,78.305,12.39,79,31.5,25,18,0,835492,835649,HA,102,2078-08-28 01:30:00,2078-08-31 08:00:00,2078,8,28,1,2078,8,31,8,1,8
48_19,34.32,5.26,21,0,0,0,0,852139,852180,HA,102,2079-08-09 21:00:00,2079-08-10 17:30:00,2079,8,9,21,2079,8,10,17,3,8
49_19,31.79,3.6,57.5,0,0,0,0,874064,874178,HA,102,2080-11-08 15:30:00,2080-11-11 00:30:00,2080,11,8,15,2080,11,11,0,3,8
50_19,42.36,5.77,67.5,0,0,0,0,891450,891584,HA,102,2081-11-05 20:30:00,2081-11-08 15:30:00,2081,11,5,20,2081,11,8,15,1,8
51_19,52.65,3.81,46,27.5,18.5,24,0,904818,904909,HA,102,2082-08-11 08:30:00,2082-08-13 06:00:00,2082,8,11,8,2082,8,13,6,3,5
52_19,68.51,3.65,62,22,30,24,0,924429,924552,HA,102,2083-09-23 22:00:00,2083-09-26 11:30:00,2083,9,23,22,2083,9,26,11,2,6
53_19,30.77,3.3,30.5,0,0,12,0,943656,943716,HA,102,2084-10-28 11:30:00,2084-10-29 17:30:00,2084,10,28,11,2084,10,29,17,3,8
54_19,21.835,4.75,23.5,0,0,0,0,961665,961711,HA,102,2085-11-07 16:00:00,2085-11-08 15:00:00,2085,11,7,16,2085,11,8,15,2,2
55_19,49.2950000000001,2.66,126.5,0,0,0,0,961861,962113,HA,102,2085-11-11 18:00:00,2085-11-17 00:00:00,2085,11,11,18,2085,11,17,0,2,2
56_19,28.245,1.84,70.5,10.5,36.5,0,0,975050,975190,HA,102,2086-08-13 12:30:00,2086-08-16 10:30:00,2086,8,13,12,2086,8,16,10,3,10
57_19,52.95,4.15,58.5,47.5,11,18,0,975311,975427,HA,102,2086-08-18 23:00:00,2086-08-21 09:00:00,2086,8,18,23,2086,8,21,9,3,10
58_19,69.005,4.7,27,0,0,18,0,994681,994734,HA,102,2087-09-26 12:00:00,2087-09-27 14:30:00,2087,9,26,12,2087,9,27,14,3,6
59_19,43.32,10.85,19,0,0,0,0,1010292,1010329,HA,102,2088-08-16 17:30:00,2088-08-17 12:00:00,2088,8,16,17,2088,8,17,12,1,6
60_19,89.48,9.07,26.5,0,26.5,12,0,1027544,1027596,HA,102,2089-08-11 03:30:00,2089-08-12 05:30:00,2089,8,11,3,2089,8,12,5,3,6
61_19,33.33,5.8,37.5,0,0,6,0,1047350,1047424,HA,102,2090-09-27 18:30:00,2090-09-29 07:30:00,2090,9,27,18,2090,9,29,7,1,2
1_20,50.67,3.43,46.5,13,31.5,-999,0,12468,12560,HA,103,2031-09-17 17:30:00,2031-09-19 15:30:00,2031,9,17,17,2031,9,19,15,2,9
2_20,52.545,4.15,46.5,0.5,12,-999,0,31521,31613,HA,103,2032-10-18 16:00:00,2032-10-20 14:00:00,2032,10,18,16,2032,10,20,14,2,2
3_20,39.81,2.3,55.5,17,31.5,-999,0,46301,46411,HA,103,2033-08-22 14:00:00,2033-08-24 21:00:00,2033,8,22,14,2033,8,24,21,2,8
4_20,23.8,1.34,38,0,0,-999,0,65570,65645,HA,103,2034-09-28 00:30:00,2034-09-29 14:00:00,2034,9,28,0,2034,9,29,14,2,6
5_20,51.1,2.82,91.5,0,0,-999,0,66074,66256,HA,103,2034-10-08 12:30:00,2034-10-12 07:30:00,2034,10,8,12,2034,10,12,7,2,6
6_20,30.445,1.8,38,0,0,-999,0,82208,82283,HA,103,2035-09-09 15:30:00,2035-09-11 05:00:00,2035,9,9,15,2035,9,11,5,2,8
7_20,68.78,4.68,102,77.5,22,-999,0,97442,97645,HA,103,2036-07-23 00:30:00,2036-07-27 06:00:00,2036,7,23,0,2036,7,27,6,3,10
8_20,27.34,1.86,77,0,0,-999,0,118088,118241,HA,103,2037-09-26 03:30:00,2037-09-29 08:00:00,2037,9,26,3,2037,9,29,8,2,9
9_20,25.815,1.78,38.5,0,0,-999,0,130116,130192,HA,103,2038-06-03 17:30:00,2038-06-05 07:30:00,2038,6,3,17,2038,6,5,7,2,7
10_20,119.255,6.21,84,0,0,-999,0,151763,151930,HA,103,2039-08-28 17:00:00,2039-09-01 04:30:00,2039,8,28,17,2039,9,1,4,2,9
11_20,32.74,3.67,31.5,0,0,-999,0,172193,172255,HA,103,2040-10-27 08:00:00,2040-10-28 15:00:00,2040,10,27,8,2040,10,28,15,3,2
12_20,20.505,5.4,20.5,0,3,-999,0,186429,186469,HA,103,2041-08-19 22:00:00,2041-08-20 18:00:00,2041,8,19,22,2041,8,20,18,1,5
13_20,48.005,2.23,66,11.5,29,-999,0,205432,205563,HA,103,2042-09-19 19:30:00,2042-09-22 13:00:00,2042,9,19,19,2042,9,22,13,2,2
14_20,24.03,2.93,62,0,0,-999,0,225876,225999,HA,103,2043-11-19 17:30:00,2043-11-22 07:00:00,2043,11,19,17,2043,11,22,7,1,2
15_20,51.795,5.88,99,0,0,-999,0,226136,226333,HA,103,2043-11-25 03:30:00,2043-11-29 06:00:00,2043,11,25,3,2043,11,29,6,1,2
16_20,21.985,2.73,40.5,0,0,-999,0,241941,242021,HA,103,2044-10-19 10:00:00,2044-10-21 02:00:00,2044,10,19,10,2044,10,21,2,1,8
17_20,48.975,3.8,40.5,0,20.5,-999,0,258025,258105,HA,103,2045-09-19 12:00:00,2045-09-21 04:00:00,2045,9,19,12,2045,9,21,4,2,5
18_20,32.12,2.12,43,38.5,4.5,-999,0,258170,258255,HA,103,2045-09-22 12:30:00,2045-09-24 07:00:00,2045,9,22,12,2045,9,24,7,2,5
19_20,63.48,6.93,48,0,0,-999,0,291944,292039,HA,103,2047-08-27 03:30:00,2047-08-29 03:00:00,2047,8,27,3,2047,8,29,3,3,8
20_20,23.78,1.72,82,34,73,-999,0,310350,310513,HA,103,2048-09-13 14:30:00,2048-09-17 00:00:00,2048,9,13,14,2048,9,17,0,1,1
21_20,30.645,4.47,49.5,14.5,34.5,-999,0,310842,310940,HA,103,2048-09-23 20:30:00,2048-09-25 21:30:00,2048,9,23,20,2048,9,25,21,1,1
22_20,30.2,2.33,60.5,0,0,-999,0,327736,327856,HA,103,2049-09-10 19:30:00,2049-09-13 07:30:00,2049,9,10,19,2049,9,13,7,2,8
23_20,70.725,3.53,108,24.5,35,-999,0,327916,328131,HA,103,2049-09-14 13:30:00,2049-09-19 01:00:00,2049,9,14,13,2049,9,19,1,2,8
24_20,22.36,6.28,9,0,0,-999,0,344546,344563,HA,103,2050-08-27 00:30:00,2050-08-27 09:00:00,2050,8,27,0,2050,8,27,9,1,6
25_20,34.33,4.75,41.5,0,0,-999,0,345117,345199,HA,103,2050-09-07 22:00:00,2050-09-09 15:00:00,2050,9,7,22,2050,9,9,15,1,6
26_20,82.31,4.26,75.5,0,0,-999,0,364247,364397,HA,103,2051-10-11 11:00:00,2051-10-14 14:00:00,2051,10,11,11,2051,10,14,14,2,6
27_20,24.225,2.04,35.5,0,20,-999,0,381910,381980,HA,103,2052-10-13 10:30:00,2052-10-14 21:30:00,2052,10,13,10,2052,10,14,21,3,6
28_20,28.29,2,42,0,0,-999,0,399660,399743,HA,103,2053-10-18 05:30:00,2053-10-19 23:00:00,2053,10,18,5,2053,10,19,23,2,4
29_20,41.47,4.32,36,0,15.5,-999,0,415336,415407,HA,103,2054-09-09 19:30:00,2054-09-11 07:00:00,2054,9,9,19,2054,9,11,7,3,5
30_20,49.97,3.76,49.5,0,0,-999,0,415701,415799,HA,103,2054-09-17 10:00:00,2054-09-19 11:00:00,2054,9,17,10,2054,9,19,11,3,5
31_20,42.295,8.93,55.5,0,0,-999,0,432106,432216,HA,103,2055-08-25 04:30:00,2055-08-27 11:30:00,2055,8,25,4,2055,8,27,11,1,6
32_20,103.33,8.36,52.5,25,29.5,-999,0,451410,451514,HA,103,2056-09-30 08:30:00,2056-10-02 12:30:00,2056,9,30,8,2056,10,2,12,3,9
33_20,23.055,2.97,76,0,0,-999,0,467632,467783,HA,103,2057-09-03 07:30:00,2057-09-06 11:00:00,2057,9,3,7,2057,9,6,11,1,7
34_20,49.56,2.92,92,0,0,-999,0,485128,485311,HA,103,2058-09-02 19:30:00,2058-09-06 15:00:00,2058,9,2,19,2058,9,6,15,2,1
35_20,30.39,3.19,53.5,0,0,-999,0,504362,504468,HA,103,2059-10-08 12:30:00,2059-10-10 17:30:00,2059,10,8,12,2059,10,10,17,3,6
36_20,47.08,7.73,32.5,11.5,21,-999,0,519538,519602,HA,103,2060-08-19 16:30:00,2060-08-21 00:30:00,2060,8,19,16,2060,8,21,0,1,8
37_20,69.515,14.17,37.5,24,13.5,-999,0,520052,520126,HA,103,2060-08-30 09:30:00,2060-08-31 22:30:00,2060,8,30,9,2060,8,31,22,1,8
38_20,26.22,3.57,25.5,0,0,-999,0,534808,534858,HA,103,2061-07-03 19:30:00,2061-07-04 20:30:00,2061,7,3,19,2061,7,4,20,1,6
39_20,120.89,8.86,116,0,0,-999,0,554314,554545,HA,103,2062-08-14 04:30:00,2062-08-19 00:00:00,2062,8,14,4,2062,8,19,0,2,1
40_20,36.16,2.69,80,0,0,-999,0,587561,587720,HA,103,2064-07-06 20:00:00,2064-07-10 03:30:00,2064,7,6,20,2064,7,10,3,2,5
41_20,45.81,1.87,102.5,0,69.5,-999,0,605909,606113,HA,103,2065-07-24 02:00:00,2065-07-28 08:00:00,2065,7,24,2,2065,7,28,8,2,7
42_20,30.96,2.63,70.5,25,31,-999,0,625301,625441,HA,103,2066-09-01 02:00:00,2066-09-04 00:00:00,2066,9,1,2,2066,9,4,0,2,9
43_20,68.565,4.58,63.5,0,37,-999,0,643501,643627,HA,103,2067-09-15 06:00:00,2067-09-17 21:00:00,2067,9,15,6,2067,9,17,21,3,8
44_20,20.69,1.45,47.5,0,10.5,-999,0,659775,659869,HA,103,2068-08-19 07:00:00,2068-08-21 06:00:00,2068,8,19,7,2068,8,21,6,2,7
45_20,64.335,3.78,102,0,0,-999,0,659990,660193,HA,103,2068-08-23 18:30:00,2068-08-28 00:00:00,2068,8,23,18,2068,8,28,0,2,7
46_20,21.525,2.86,42,0,1.5,-999,0,677316,677399,HA,103,2069-08-19 17:30:00,2069-08-21 11:00:00,2069,8,19,17,2069,8,21,11,2,2
47_20,35.065,5.83,14,0,0,-999,0,694985,695012,HA,103,2070-08-22 20:00:00,2070-08-23 09:30:00,2070,8,22,20,2070,8,23,9,1,8
48_20,65.32,7,47,0,5,-999,0,695488,695581,HA,103,2070-09-02 07:30:00,2070-09-04 06:00:00,2070,9,2,7,2070,9,4,6,1,8
49_20,74.19,6.82,53.5,17,32,-999,0,713208,713314,HA,103,2071-09-06 11:30:00,2071-09-08 16:30:00,2071,9,6,11,2071,9,8,16,3,9
50_20,41.085,2.96,48.5,25,23.5,-999,0,732379,732475,HA,103,2072-10-09 21:00:00,2072-10-11 21:00:00,2072,10,9,21,2072,10,11,21,2,6
51_20,53.14,6.76,31.5,18,13.5,-999,0,750094,750156,HA,103,2073-10-13 22:30:00,2073-10-15 05:30:00,2073,10,13,22,2073,10,15,5,1,9
52_20,30.68,1.94,55.5,0,0,-999,0,766076,766186,HA,103,2074-09-11 21:30:00,2074-09-14 04:30:00,2074,9,11,21,2074,9,14,4,2,6
53_20,38.545,1.6,42,0,21.5,-999,0,766296,766379,HA,103,2074-09-16 11:30:00,2074-09-18 05:00:00,2074,9,16,11,2074,9,18,5,2,6
54_20,40.875,2.37,83.5,4.5,27,-999,0,785221,785387,HA,103,2075-10-15 18:00:00,2075-10-19 05:00:00,2075,10,15,18,2075,10,19,5,2,2
55_20,28.905,3.75,28,0,0,-999,0,797103,797158,HA,103,2076-06-19 07:00:00,2076-06-20 10:30:00,2076,6,19,7,2076,6,20,10,3,6
56_20,31.925,4.77,25.5,12,8,-999,0,819142,819192,HA,103,2077-09-21 10:30:00,2077-09-22 11:30:00,2077,9,21,10,2077,9,22,11,3,8
57_20,83.04,4.86,119,37,27,-999,0,819374,819611,HA,103,2077-09-26 06:30:00,2077-10-01 05:00:00,2077,9,26,6,2077,10,1,5,3,8
58_20,26.52,4.03,34,0,34,-999,0,853058,853125,HA,103,2079-08-29 00:30:00,2079-08-30 10:00:00,2079,8,29,0,2079,8,30,10,1,1
59_20,36.465,3.55,60,31.5,24.5,-999,0,870094,870213,HA,103,2080-08-17 22:30:00,2080-08-20 10:00:00,2080,8,17,22,2080,8,20,10,2,7
60_20,20.235,1.81,64,0,0,-999,0,886039,886166,HA,103,2081-07-16 03:00:00,2081-07-18 18:30:00,2081,7,16,3,2081,7,18,18,2,4
61_20,21.11,0.93,105,2.5,112,-999,0,905034,905243,HA,103,2082-08-15 20:30:00,2082-08-20 05:00:00,2082,8,15,20,2082,8,20,5,2,10
62_19,43.66,3.1,84.5,0,0,-999,0,905360,905528,HA,103,2082-08-22 15:30:00,2082-08-26 03:30:00,2082,8,22,15,2082,8,26,3,2,10
63_17,40.06,4.21,43.5,29,14.5,-999,0,941530,941616,HA,103,2084-09-14 04:30:00,2084-09-15 23:30:00,2084,9,14,4,2084,9,15,23,3,8
64_16,31.715,4.25,29.5,0,0,-999,0,958679,958737,HA,103,2085-09-06 11:00:00,2085-09-07 16:00:00,2085,9,6,11,2085,9,7,16,3,5
65_14,47.73,3.54,33.5,30.5,3,-999,0,959125,959191,HA,103,2085-09-15 18:00:00,2085-09-17 03:00:00,2085,9,15,18,2085,9,17,3,3,5
66_14,37.995,3.62,31.5,0,0,-999,0,975656,975718,HA,103,2086-08-26 03:30:00,2086-08-27 10:30:00,2086,8,26,3,2086,8,27,10,2,8
67_12,42.26,4.53,41.5,0,0,-999,0,975733,975815,HA,103,2086-08-27 18:00:00,2086-08-29 11:00:00,2086,8,27,18,2086,8,29,11,2,8
68_10,25.84,3.6,164.5,0,0,-999,0,996633,996961,HA,103,2087-11-06 04:00:00,2087-11-13 00:00:00,2087,11,6,4,2087,11,13,0,2,4
69_8,20.93,3.69,16,0,0,-999,0,1008101,1008132,HA,103,2088-07-02 02:00:00,2088-07-02 17:30:00,2088,7,2,2,2088,7,2,17,2,5
70_7,109.98,5.16,109,19.5,33.5,-999,0,1029461,1029678,HA,103,2089-09-20 02:00:00,2089-09-24 14:30:00,2089,9,20,2,2089,9,24,14,2,5
1_21,30.68,3.56,30,0,0,-999,0,9378,9437,HA,104,2031-07-15 08:30:00,2031-07-16 14:00:00,2031,7,15,8,2031,7,16,14,3,5
2_21,55.69,3.88,54,0,11,-999,0,31708,31815,HA,104,2032-10-22 13:30:00,2032-10-24 19:00:00,2032,10,22,13,2032,10,24,19,3,6
3_21,25.885,4.09,41,0,0,-999,0,47755,47836,HA,104,2033-09-21 21:00:00,2033-09-23 13:30:00,2033,9,21,21,2033,9,23,13,3,6
4_21,44.97,4.36,55,23,32,-999,0,48039,48148,HA,104,2033-09-27 19:00:00,2033-09-30 01:30:00,2033,9,27,19,2033,9,30,1,3,6
5_21,44.7,5.27,36,0,0,-999,0,81918,81989,HA,104,2035-09-03 14:30:00,2035-09-05 02:00:00,2035,9,3,14,2035,9,5,2,1,8
6_21,33.5,2.17,56.5,0,0,-999,0,98750,98862,HA,104,2036-08-19 06:30:00,2036-08-21 14:30:00,2036,8,19,6,2036,8,21,14,2,8
7_21,62.69,7.92,79.5,41.5,37.5,-999,0,115928,116086,HA,104,2037-08-12 03:30:00,2037-08-15 10:30:00,2037,8,12,3,2037,8,15,10,1,2
8_21,50.17,4.25,72,0,47,-999,0,135423,135566,HA,104,2038-09-22 07:00:00,2038-09-25 06:30:00,2038,9,22,7,2038,9,25,6,3,9
9_21,20.115,1.7,70.5,0,0,-999,0,150908,151048,HA,104,2039-08-10 21:30:00,2039-08-13 19:30:00,2039,8,10,21,2039,8,13,19,1,2
10_21,42.725,8.09,29,22.5,6.5,-999,0,151244,151301,HA,104,2039-08-17 21:30:00,2039-08-19 02:00:00,2039,8,17,21,2039,8,19,2,1,2
11_21,41.2,2.93,86.5,64,22.5,-999,0,167726,167898,HA,104,2040-07-26 06:30:00,2040-07-29 20:30:00,2040,7,26,6,2040,7,29,20,2,6
12_21,40.375,6.55,25,0,0,-999,0,167992,168041,HA,104,2040-07-31 19:30:00,2040-08-01 20:00:00,2040,7,31,19,2040,8,1,20,2,6
13_21,31.755,2.22,120.5,0,9.5,-999,0,184705,184945,HA,104,2041-07-15 00:00:00,2041-07-20 00:00:00,2041,7,15,0,2041,7,20,0,2,3
14_21,41.77,3.63,65,0,1.5,-999,0,203776,203905,HA,104,2042-08-16 07:30:00,2042-08-19 00:00:00,2042,8,16,7,2042,8,19,0,2,5
15_21,30.235,2.14,96,0,0,-999,0,219152,219343,HA,104,2043-07-02 15:30:00,2043-07-06 15:00:00,2043,7,2,15,2043,7,6,15,2,6
16_21,37.28,6.94,59.5,2.5,15.5,-999,0,239382,239500,HA,104,2044-08-27 02:30:00,2044-08-29 13:30:00,2044,8,27,2,2044,8,29,13,1,1
17_21,65.225,7.74,52,48,4,-999,0,256364,256467,HA,104,2045-08-15 21:30:00,2045-08-18 01:00:00,2045,8,15,21,2045,8,18,1,1,9
18_21,42.29,5.62,46,0,13.5,-999,0,273238,273329,HA,104,2046-08-02 10:30:00,2046-08-04 08:00:00,2046,8,2,10,2046,8,4,8,3,8
19_21,72.745,6.84,38.5,8,49,-999,0,288118,288194,HA,104,2047-06-08 10:30:00,2047-06-10 00:30:00,2047,6,8,10,2047,6,10,0,1,5
20_21,83.485,5.57,50.5,0,48.5,-999,0,307959,308059,HA,104,2048-07-25 19:00:00,2048-07-27 21:00:00,2048,7,25,19,2048,7,27,21,3,8
21_21,64.105,9.16,76,0,0,-999,0,326965,327116,HA,104,2049-08-25 18:00:00,2049-08-28 21:30:00,2049,8,25,18,2049,8,28,21,1,5
22_21,32.605,4.42,57,0,0,-999,0,348643,348756,HA,104,2050-11-20 09:00:00,2050-11-22 17:30:00,2050,11,20,9,2050,11,22,17,1,2
23_21,44.965,4.44,30,12.5,17.5,-999,0,361404,361463,HA,104,2051-08-13 05:30:00,2051-08-14 11:00:00,2051,8,13,5,2051,8,14,11,3,5
24_21,85.25,3.38,80.5,0,82.5,-999,0,380907,381067,HA,104,2052-09-22 13:00:00,2052-09-25 21:00:00,2052,9,22,13,2052,9,25,21,2,5
25_21,64.12,4.32,111.5,0,0.5,-999,0,396846,397068,HA,104,2053-08-20 14:30:00,2053-08-25 05:30:00,2053,8,20,14,2053,8,25,5,2,7
26_21,83.835,7.89,45.5,0,0,-999,0,411202,411292,HA,104,2054-06-15 16:30:00,2054-06-17 13:30:00,2054,6,15,16,2054,6,17,13,3,6
27_21,54.93,8.37,38,21.5,16.5,-999,0,432935,433010,HA,104,2055-09-11 11:00:00,2055-09-13 00:30:00,2055,9,11,11,2055,9,13,0,1,8
28_21,25.855,4.88,22,0,0,-999,0,449413,449456,HA,104,2056-08-19 18:00:00,2056-08-20 15:30:00,2056,8,19,18,2056,8,20,15,2,6
29_21,71.61,5.85,60,0,0,-999,0,449821,449940,HA,104,2056-08-28 06:00:00,2056-08-30 17:30:00,2056,8,28,6,2056,8,30,17,2,6
30_21,147.49,12.03,67.5,0,0,-999,0,485539,485673,HA,104,2058-09-11 09:00:00,2058-09-14 04:00:00,2058,9,11,9,2058,9,14,4,3,6
31_21,58.615,6.32,62,0,0,-999,0,501186,501309,HA,104,2059-08-03 08:30:00,2059-08-05 22:00:00,2059,8,3,8,2059,8,5,22,3,3
32_21,40.68,4.39,34.5,0,2,-999,0,536846,536914,HA,104,2061-08-15 06:30:00,2061-08-16 16:30:00,2061,8,15,6,2061,8,16,16,2,1
33_21,24.705,2.9,46.5,0,5,-999,0,555804,555896,HA,104,2062-09-14 05:30:00,2062-09-16 03:30:00,2062,9,14,5,2062,9,16,3,1,6
34_21,30.295,5.54,22.5,0,0,-999,0,556114,556158,HA,104,2062-09-20 16:30:00,2062-09-21 14:30:00,2062,9,20,16,2062,9,21,14,1,6
35_21,30.255,2.41,108.5,0,0,-999,0,570742,570958,HA,104,2063-07-22 10:30:00,2063-07-26 22:30:00,2063,7,22,10,2063,7,26,22,2,5
36_21,32.45,1.72,50,0,0,-999,0,586540,586639,HA,104,2064-06-15 13:30:00,2064-06-17 15:00:00,2064,6,15,13,2064,6,17,15,2,9
37_21,21.035,1.29,48,0,0,-999,0,609609,609704,HA,104,2065-10-09 04:00:00,2065-10-11 03:30:00,2065,10,9,4,2065,10,11,3,2,6
38_21,31.415,3.62,31,9.5,8,-999,0,623991,624052,HA,104,2066-08-04 19:00:00,2066-08-06 01:30:00,2066,8,4,19,2066,8,6,1,2,8
39_21,44.515,4.8,30.5,0,0,-999,0,643346,643406,HA,104,2067-09-12 00:30:00,2067-09-13 06:30:00,2067,9,12,0,2067,9,13,6,1,6
40_21,83.43,11.8,72,18.5,30,-999,0,660423,660566,HA,104,2068-09-01 19:00:00,2068-09-04 18:30:00,2068,9,1,19,2068,9,4,18,1,9
41_21,108.185,3.22,130,0,0,-999,0,679806,680065,HA,104,2069-10-10 14:30:00,2069-10-16 00:00:00,2069,10,10,14,2069,10,16,0,2,8
42_21,44.11,5.62,124,21.5,25.5,-999,0,694506,694753,HA,104,2070-08-12 20:30:00,2070-08-18 00:00:00,2070,8,12,20,2070,8,18,0,1,9
43_21,108.935,6.14,45.5,16,29.5,-999,0,709105,709195,HA,104,2071-06-13 00:00:00,2071-06-14 21:00:00,2071,6,13,0,2071,6,14,21,2,6
44_21,25.265,4.21,39,0,0,-999,0,748668,748745,HA,104,2073-09-14 05:30:00,2073-09-15 20:00:00,2073,9,14,5,2073,9,15,20,2,6
45_21,125.19,4.82,72.5,0,58.5,-999,0,749042,749186,HA,104,2073-09-22 00:30:00,2073-09-25 00:30:00,2073,9,22,0,2073,9,25,0,2,6
46_21,38.46,10.86,36.5,0,0,-999,0,765573,765645,HA,104,2074-09-01 10:00:00,2074-09-02 22:00:00,2074,9,1,10,2074,9,2,22,3,8
47_21,101.335,9.61,45.5,10.5,50,-999,0,766058,766148,HA,104,2074-09-11 12:30:00,2074-09-13 09:30:00,2074,9,11,12,2074,9,13,9,3,8
48_21,82.035,5.57,59.5,29,30.5,-999,0,782199,782317,HA,104,2075-08-13 19:00:00,2075-08-16 06:00:00,2075,8,13,19,2075,8,16,6,2,9
49_21,30.455,6.19,23,0,0,-999,0,802022,802067,HA,104,2076-09-29 18:30:00,2076-09-30 17:00:00,2076,9,29,18,2076,9,30,17,1,8
50_21,54.995,5.86,70.5,47.5,13.5,-999,0,817320,817460,HA,104,2077-08-14 11:30:00,2077-08-17 09:30:00,2077,8,14,11,2077,8,17,9,1,9
51_21,60.085,7.58,59.5,46,12,-999,0,817614,817732,HA,104,2077-08-20 14:30:00,2077-08-23 01:30:00,2077,8,20,14,2077,8,23,1,1,9
52_21,49.63,3.62,87,31,42.5,-999,0,836655,836828,HA,104,2078-09-21 07:00:00,2078-09-24 21:30:00,2078,9,21,7,2078,9,24,21,3,9
53_21,57.425,3.15,108,0,0,-999,0,853990,854205,HA,104,2079-09-17 10:30:00,2079-09-21 22:00:00,2079,9,17,10,2079,9,21,22,2,7
54_21,38.86,2.46,86.5,19.5,28,-999,0,873334,873506,HA,104,2080-10-24 10:30:00,2080-10-28 00:30:00,2080,10,24,10,2080,10,28,0,3,8
55_21,108.175,8.91,124.5,0,0,-999,0,887939,888187,HA,104,2081-08-24 17:00:00,2081-08-29 21:00:00,2081,8,24,17,2081,8,29,21,1,3
56_21,44.61,2.52,98.5,0,0,-999,0,908493,908689,HA,104,2082-10-26 22:00:00,2082-10-31 00:00:00,2082,10,26,22,2082,10,31,0,3,5
57_21,70.86,7.16,49,32.5,16.5,-999,0,922810,922907,HA,104,2083-08-21 04:30:00,2083-08-23 05:00:00,2083,8,21,4,2083,8,23,5,3,9
58_21,24.15,4.28,24,0,0,-999,0,940369,940416,HA,104,2084-08-21 00:00:00,2084-08-21 23:30:00,2084,8,21,0,2084,8,21,23,1,1
59_21,37.43,4.4,39.5,0,0,-999,0,960762,960840,HA,104,2085-10-19 20:30:00,2085-10-21 11:30:00,2085,10,19,20,2085,10,21,11,3,2
60_21,26.59,2.38,32.5,0,0,-999,0,979391,979455,HA,104,2086-11-11 23:00:00,2086-11-13 07:00:00,2086,11,11,23,2086,11,13,7,3,6
61_21,39.3,3.27,80,0,0,-999,0,991108,991267,HA,104,2087-07-14 01:30:00,2087-07-17 09:00:00,2087,7,14,1,2087,7,17,9,3,7
62_20,29.575,2.51,48,0,0,-999,0,1032171,1032266,HA,104,2089-11-15 13:00:00,2089-11-17 12:30:00,2089,11,15,13,2089,11,17,12,3,9
63_18,42.435,2.5,119,0,20.5,-999,0,1043956,1044193,HA,104,2090-07-19 01:30:00,2090-07-24 00:00:00,2090,7,19,1,2090,7,24,0,2,3
1_22,21.88,1.46,94.5,0,46.5,-999,0,10113,10301,HA,105,2031-07-30 16:00:00,2031-08-03 14:00:00,2031,7,30,16,2031,8,3,14,2,3
2_22,102.075,11.56,90.5,47,41,-999,0,28504,28684,HA,105,2032-08-16 19:30:00,2032-08-20 13:30:00,2032,8,16,19,2032,8,20,13,3,8
3_22,23.02,3.29,86,0,0,-999,0,68460,68631,HA,105,2034-11-27 05:30:00,2034-11-30 19:00:00,2034,11,27,5,2034,11,30,19,1,8
4_22,30.35,4.79,40,0,0,-999,0,80943,81022,HA,105,2035-08-14 07:00:00,2035-08-15 22:30:00,2035,8,14,7,2035,8,15,22,1,7
5_22,88.95,10.26,27,15,12,-999,0,99988,100041,HA,105,2036-09-14 01:30:00,2036-09-15 04:00:00,2036,9,14,1,2036,9,15,4,3,8
6_22,36.205,2.05,91,0,0,-999,0,116166,116347,HA,105,2037-08-17 02:30:00,2037-08-20 21:00:00,2037,8,17,2,2037,8,20,21,2,7
7_22,63.665,5.76,59.5,0,0,-999,0,130968,131086,HA,105,2038-06-21 11:30:00,2038-06-23 22:30:00,2038,6,21,11,2038,6,23,22,3,5
8_22,47.75,4.57,49,2,54,-999,0,151858,151955,HA,105,2039-08-30 16:30:00,2039-09-01 17:00:00,2039,8,30,16,2039,9,1,17,2,8
9_22,35.2,5.62,35,16,19,-999,0,171362,171431,HA,105,2040-10-10 00:30:00,2040-10-11 11:00:00,2040,10,10,0,2040,10,11,11,1,8
10_22,34.09,5.31,84.5,0,58,-999,0,187015,187183,HA,105,2041-09-01 03:00:00,2041-09-04 15:00:00,2041,9,1,3,2041,9,4,15,3,8
11_22,46.99,6.04,51.5,27.5,46,-999,0,187244,187346,HA,105,2041-09-05 21:30:00,2041-09-08 00:30:00,2041,9,5,21,2041,9,8,0,3,8
12_22,37.805,1.46,103.5,0,0,-999,0,239005,239211,HA,105,2044-08-19 06:00:00,2044-08-23 13:00:00,2044,8,19,6,2044,8,23,13,2,7
13_22,22.9,0.78,60,13,34,-999,0,257828,257947,HA,105,2045-09-15 09:30:00,2045-09-17 21:00:00,2045,9,15,9,2045,9,17,21,2,9
14_22,27.635,1.2,85,0,32,-999,0,258118,258287,HA,105,2045-09-21 10:30:00,2045-09-24 23:00:00,2045,9,21,10,2045,9,24,23,2,9
15_22,26.85,3.35,46,1,13.5,-999,0,258384,258475,HA,105,2045-09-26 23:30:00,2045-09-28 21:00:00,2045,9,26,23,2045,9,28,21,2,9
16_22,36.445,4.36,41,12,26,-999,0,273704,273785,HA,105,2046-08-12 03:30:00,2046-08-13 20:00:00,2046,8,12,3,2046,8,13,20,3,1
17_22,24.47,4.78,27,0,0,-999,0,273945,273998,HA,105,2046-08-17 04:00:00,2046-08-18 06:30:00,2046,8,17,4,2046,8,18,6,3,1
18_22,50.495,3.45,57.5,0,0,-999,0,274170,274284,HA,105,2046-08-21 20:30:00,2046-08-24 05:30:00,2046,8,21,20,2046,8,24,5,3,1
19_22,33.475,4.49,31,0,18.5,-999,0,291273,291334,HA,105,2047-08-13 04:00:00,2047-08-14 10:30:00,2047,8,13,4,2047,8,14,10,1,6
20_22,66.08,7.99,50,22,27.5,-999,0,291708,291807,HA,105,2047-08-22 05:30:00,2047-08-24 07:00:00,2047,8,22,5,2047,8,24,7,1,6
21_22,52.78,4.57,32,0,7,-999,0,328799,328862,HA,105,2049-10-02 23:00:00,2049-10-04 06:30:00,2049,10,2,23,2049,10,4,6,3,8
22_22,47.49,3.85,34,0,3.5,-999,0,358375,358442,HA,105,2051-06-11 03:00:00,2051-06-12 12:30:00,2051,6,11,3,2051,6,12,12,3,6
23_22,36.145,5.98,29.5,0,0,-999,0,379448,379506,HA,105,2052-08-23 03:30:00,2052-08-24 08:30:00,2052,8,23,3,2052,8,24,8,2,5
24_22,80.175,5.44,93,0,0,-999,0,396778,396963,HA,105,2053-08-19 04:30:00,2053-08-23 01:00:00,2053,8,19,4,2053,8,23,1,2,6
25_22,49.72,3.31,62,0,0,-999,0,433633,433756,HA,105,2055-09-26 00:00:00,2055-09-28 13:30:00,2055,9,26,0,2055,9,28,13,2,6
26_22,48.855,4.13,41,7.5,33.5,-999,0,449724,449805,HA,105,2056-08-26 05:30:00,2056-08-27 22:00:00,2056,8,26,5,2056,8,27,22,2,5
27_22,47.085,7.01,34,20.5,13.5,-999,0,485691,485758,HA,105,2058-09-14 13:00:00,2058-09-15 22:30:00,2058,9,14,13,2058,9,15,22,1,8
28_22,53.715,7.11,51.5,31.5,20,-999,0,502705,502807,HA,105,2059-09-04 00:00:00,2059-09-06 03:00:00,2059,9,4,0,2059,9,6,3,1,5
29_22,31.06,3.12,47.5,0,0,-999,0,558249,558343,HA,105,2062-11-04 04:00:00,2062-11-06 03:00:00,2062,11,4,4,2062,11,6,3,3,9
30_22,41.73,3.12,61,0,0,-999,0,572965,573086,HA,105,2063-09-06 18:00:00,2063-09-09 06:30:00,2063,9,6,18,2063,9,9,6,3,8
31_22,53.79,5.45,32.5,11.5,16.5,-999,0,573336,573400,HA,105,2063-09-14 11:30:00,2063-09-15 19:30:00,2063,9,14,11,2063,9,15,19,3,8
32_22,57.86,4.52,39,0,3.5,-999,0,591132,591209,HA,105,2064-09-19 05:30:00,2064-09-20 20:00:00,2064,9,19,5,2064,9,20,20,2,9
33_22,38.84,3.9,42.5,0,0,-999,0,607918,608002,HA,105,2065-09-03 22:30:00,2065-09-05 16:30:00,2065,9,3,22,2065,9,5,16,3,6
34_22,33.845,2.55,44,0,33.5,-999,0,624787,624874,HA,105,2066-08-21 09:00:00,2066-08-23 04:30:00,2066,8,21,9,2066,8,23,4,3,6
35_22,24.745,3.95,42,25.5,16.5,-999,0,625198,625281,HA,105,2066-08-29 22:30:00,2066-08-31 16:00:00,2066,8,29,22,2066,8,31,16,3,6
36_22,20.66,2.87,30.5,0,0,-999,0,646319,646379,HA,105,2067-11-12 23:00:00,2067-11-14 05:00:00,2067,11,12,23,2067,11,14,5,1,2
37_22,29.37,6.05,33,0,0,-999,0,646491,646556,HA,105,2067-11-16 13:00:00,2067-11-17 21:30:00,2067,11,16,13,2067,11,17,21,1,2
38_22,57.52,4.61,43,0,0,-999,0,679228,679313,HA,105,2069-09-28 13:30:00,2069-09-30 08:00:00,2069,9,28,13,2069,9,30,8,2,2
39_22,56.56,3.27,91,0,0,-999,0,691584,691765,HA,105,2070-06-12 23:30:00,2070-06-16 18:00:00,2070,6,12,23,2070,6,16,18,2,8
40_22,53.955,2.77,52,27.5,24.5,-999,0,715021,715124,HA,105,2071-10-14 06:00:00,2071-10-16 09:30:00,2071,10,14,6,2071,10,16,9,2,6
41_22,37.125,3.64,40.5,24.5,16,-999,0,732280,732360,HA,105,2072-10-07 19:30:00,2072-10-09 11:30:00,2072,10,7,19,2072,10,9,11,3,8
42_22,31.005,1.81,131.5,0,0,-999,0,751989,752251,HA,105,2073-11-22 10:00:00,2073-11-27 21:00:00,2073,11,22,10,2073,11,27,21,3,4
43_22,36.365,5.6,58.5,0,0,-999,0,763991,764107,HA,105,2074-07-30 11:00:00,2074-08-01 21:00:00,2074,7,30,11,2074,8,1,21,1,10
44_22,39.495,4.74,60,0,0,-999,0,785169,785288,HA,105,2075-10-14 16:00:00,2075-10-17 03:30:00,2075,10,14,16,2075,10,17,3,1,2
45_22,80.005,3.4,108.5,1.5,48,-999,0,801241,801457,HA,105,2076-09-13 12:00:00,2076-09-18 00:00:00,2076,9,13,12,2076,9,18,0,2,8
46_22,32.03,4.1,26,0,0,-999,0,819085,819136,HA,105,2077-09-20 06:00:00,2077-09-21 07:30:00,2077,9,20,6,2077,9,21,7,3,1
47_22,44.285,4.11,58,15.5,29,-999,0,835487,835602,HA,105,2078-08-27 23:00:00,2078-08-30 08:30:00,2078,8,27,23,2078,8,30,8,1,10
48_22,75.24,6.53,47,0,0,-999,0,853027,853120,HA,105,2079-08-28 09:00:00,2079-08-30 07:30:00,2079,8,28,9,2079,8,30,7,3,8
49_22,76.27,5.39,69.5,0,0,-999,0,870763,870901,HA,105,2080-08-31 21:00:00,2080-09-03 18:00:00,2080,8,31,21,2080,9,3,18,2,9
50_22,30,4.09,23,0,0,-999,0,890883,890928,HA,105,2081-10-25 01:00:00,2081-10-25 23:30:00,2081,10,25,1,2081,10,25,23,1,2
51_22,49.5,3.97,70,0,0,-999,0,922637,922776,HA,105,2083-08-17 14:00:00,2083-08-20 11:30:00,2083,8,17,14,2083,8,20,11,3,5
52_22,28.455,3.92,72,21.5,34,-999,0,940931,941074,HA,105,2084-09-01 17:00:00,2084-09-04 16:30:00,2084,9,1,17,2084,9,4,16,3,10
53_22,30.965,5.39,21,0,0,-999,0,959760,959801,HA,105,2085-09-28 23:30:00,2085-09-29 20:00:00,2085,9,28,23,2085,9,29,20,1,2
54_22,22.465,2.11,47.5,0,47.5,-999,0,976926,977020,HA,105,2086-09-21 14:30:00,2086-09-23 13:30:00,2086,9,21,14,2086,9,23,13,3,9
55_22,62.7,3.4,101,26,35.5,-999,0,977343,977544,HA,105,2086-09-30 07:00:00,2086-10-04 11:30:00,2086,9,30,7,2086,10,4,11,3,9
56_22,82.975,5.02,84.5,0,50,-999,0,993663,993831,HA,105,2087-09-05 07:00:00,2087-09-08 19:00:00,2087,9,5,7,2087,9,8,19,3,6
57_22,29.03,3.16,26,0,0,-999,0,1014496,1014547,HA,105,2088-11-12 07:30:00,2088-11-13 09:00:00,2088,11,12,7,2088,11,13,9,1,4
58_22,25.18,3.24,90.5,0,0,-999,0,1014862,1015042,HA,105,2088-11-19 22:30:00,2088-11-23 16:30:00,2088,11,19,22,2088,11,23,16,1,4
59_22,29.37,4.03,42,9,43.5,-999,0,1026543,1026626,HA,105,2089-07-21 07:00:00,2089-07-23 00:30:00,2089,7,21,7,2089,7,23,0,2,5
60_22,20.565,2.3,49,0,0,-999,0,1044382,1044479,HA,105,2090-07-27 22:30:00,2090-07-29 23:00:00,2090,7,27,22,2090,7,29,23,2,6
61_22,36.995,5.82,75,0,0,-999,0,1044856,1045005,HA,105,2090-08-06 19:30:00,2090-08-09 22:00:00,2090,8,6,19,2090,8,9,22,2,6
1_23,60.24,10.25,26.5,18,8.5,-999,0,12050,12102,HA,106,2031-09-09 00:30:00,2031-09-10 02:30:00,2031,9,9,0,2031,9,10,2,2,6
2_23,142.735,6.98,85.5,0,11,-999,28.5,12528,12698,HA,106,2031-09-18 23:30:00,2031-09-22 12:30:00,2031,9,18,23,2031,9,22,12,2,6
3_23,49.985,4.24,40,0,0,-999,0,28970,29049,HA,106,2032-08-26 12:30:00,2032-08-28 04:00:00,2032,8,26,12,2032,8,28,4,3,5
4_23,26.18,4.32,39,0,0,-999,0,45260,45337,HA,106,2033-07-31 21:30:00,2033-08-02 12:00:00,2033,7,31,21,2033,8,2,12,1,7
5_23,36.405,3.37,70,0,0,-999,0,63750,63889,HA,106,2034-08-21 02:30:00,2034-08-24 00:00:00,2034,8,21,2,2034,8,24,0,3,6
6_23,23.75,5.38,19,0,0,-999,0,84368,84405,HA,106,2035-10-24 15:30:00,2035-10-25 10:00:00,2035,10,24,15,2035,10,25,10,1,6
7_23,24.11,7.62,9.5,0,0,-999,0,117400,117418,HA,106,2037-09-11 19:30:00,2037-09-12 04:30:00,2037,9,11,19,2037,9,12,4,3,9
8_23,33.475,2.19,70.5,29.5,26,-999,0,117765,117905,HA,106,2037-09-19 10:00:00,2037-09-22 08:00:00,2037,9,19,10,2037,9,22,8,3,9
9_23,38.585,2.46,66.5,0,0,-999,0,149827,149959,HA,106,2039-07-19 09:00:00,2039-07-22 03:00:00,2039,7,19,9,2039,7,22,3,2,6
10_23,20.135,1.97,29.5,0,0,-999,0,171391,171449,HA,106,2040-10-10 15:00:00,2040-10-11 20:00:00,2040,10,10,15,2040,10,11,20,1,9
11_23,62.15,1.3,120.5,0,57,-999,0,187864,188104,HA,106,2041-09-18 19:30:00,2041-09-23 19:30:00,2041,9,18,19,2041,9,23,19,2,5
12_23,24.435,0.91,68.5,0,13,-999,0,224124,224260,HA,106,2043-10-14 05:30:00,2043-10-17 01:30:00,2043,10,14,5,2043,10,17,1,2,7
13_23,63.51,5.12,49,0,0,-999,0,243389,243486,HA,106,2044-11-18 14:00:00,2044-11-20 14:30:00,2044,11,18,14,2044,11,20,14,3,6
14_23,32.175,3.6,111.5,0,0,-999,0,255187,255409,HA,106,2045-07-22 09:00:00,2045-07-27 00:00:00,2045,7,22,9,2045,7,27,0,1,3
15_23,24.31,2.58,66.5,0,9.5,-999,0,274305,274437,HA,106,2046-08-24 16:00:00,2046-08-27 10:00:00,2046,8,24,16,2046,8,27,10,2,6
16_23,71.29,8.38,38,17,21,-999,0,290781,290856,HA,106,2047-08-02 22:00:00,2047-08-04 11:30:00,2047,8,2,22,2047,8,4,11,1,6
17_23,66.26,8.08,103,0,0,-999,0,307136,307341,HA,106,2048-07-08 15:30:00,2048-07-12 22:00:00,2048,7,8,15,2048,7,12,22,3,9
18_23,37.225,4.08,60,15,44.5,-999,0,327457,327576,HA,106,2049-09-05 00:00:00,2049-09-07 11:30:00,2049,9,5,0,2049,9,7,11,2,6
19_23,36.68,6.92,54,0,0,-999,0,346937,347044,HA,106,2050-10-15 20:00:00,2050-10-18 01:30:00,2050,10,15,20,2050,10,18,1,1,2
20_23,33.24,3.12,38.5,0,0,-999,0,366084,366160,HA,106,2051-11-18 17:30:00,2051-11-20 07:30:00,2051,11,18,17,2051,11,20,7,3,9
21_23,34.535,3.1,128.5,0,0,-999,0,375328,375584,HA,106,2052-05-29 07:30:00,2052-06-03 15:30:00,2052,5,29,7,2052,6,3,15,3,7
22_23,49.33,4.72,39,0,0,-999,0,395871,395948,HA,106,2053-07-31 07:00:00,2053-08-01 21:30:00,2053,7,31,7,2053,8,1,21,1,6
23_23,49.2,5.4,56.5,0,56.5,-999,0,411906,412018,HA,106,2054-06-30 08:30:00,2054-07-02 16:30:00,2054,6,30,8,2054,7,2,16,3,6
24_23,34.65,4.12,60.5,0,0,-999,0,435587,435707,HA,106,2055-11-05 17:00:00,2055-11-08 05:00:00,2055,11,5,17,2055,11,8,5,3,2
25_23,55.475,5.98,28.5,16,12.5,-999,0,450319,450375,HA,106,2056-09-07 15:00:00,2056-09-08 19:00:00,2056,9,7,15,2056,9,8,19,1,1
26_23,197.805,8.81,133.5,100,24,-999,0,468887,469153,HA,106,2057-09-29 11:00:00,2057-10-05 00:00:00,2057,9,29,11,2057,10,5,0,2,7
27_23,60.8,3.21,102.5,0,0,-999,0,487482,487686,HA,106,2058-10-21 20:30:00,2058-10-26 02:30:00,2058,10,21,20,2058,10,26,2,2,6
28_23,34.825,3.67,67,0,0,-999,0,501445,501578,HA,106,2059-08-08 18:00:00,2059-08-11 12:30:00,2059,8,8,18,2059,8,11,12,2,6
29_23,46.785,6.23,27,0,0,-999,0,521203,521256,HA,106,2060-09-23 09:00:00,2060-09-24 11:30:00,2060,9,23,9,2060,9,24,11,1,8
30_23,47.11,4.57,53,0,0,-999,0,539855,539960,HA,106,2061-10-16 23:00:00,2061-10-19 03:30:00,2061,10,16,23,2061,10,19,3,3,7
31_23,99.98,6.49,59,0,6.5,-999,0,552548,552665,HA,106,2062-07-08 09:30:00,2062-07-10 20:00:00,2062,7,8,9,2062,7,10,20,3,1
32_23,47.55,4.83,30.5,0,0,-999,0,573124,573184,HA,106,2063-09-10 01:30:00,2063-09-11 07:30:00,2063,9,10,1,2063,9,11,7,3,2
33_23,40.585,3.34,63,0,0,-999,0,589155,589280,HA,106,2064-08-09 01:00:00,2064-08-11 15:30:00,2064,8,9,1,2064,8,11,15,2,6
34_23,50.675,4.93,36,22,14,-999,0,642124,642195,HA,106,2067-08-17 13:30:00,2067-08-19 01:00:00,2067,8,17,13,2067,8,19,1,3,7
35_23,37.49,5.14,23.5,0,0,-999,0,662229,662275,HA,106,2068-10-09 10:00:00,2068-10-10 09:00:00,2068,10,9,10,2068,10,10,9,3,2
36_23,21.6,4.82,26,0,0,-999,0,677072,677123,HA,106,2069-08-14 15:30:00,2069-08-15 17:00:00,2069,8,14,15,2069,8,15,17,2,6
37_23,54.685,4.62,50.5,0,0,-999,0,677529,677629,HA,106,2069-08-24 04:00:00,2069-08-26 06:00:00,2069,8,24,4,2069,8,26,6,2,6
38_23,31.72,2.66,58,0,0,-999,0,695682,695797,HA,106,2070-09-06 08:30:00,2070-09-08 18:00:00,2070,9,6,8,2070,9,8,18,2,5
39_23,73.235,3.82,120,0,0,-999,0,714386,714625,HA,106,2071-10-01 00:30:00,2071-10-06 00:00:00,2071,10,1,0,2071,10,6,0,2,7
40_23,31.965,3.11,61,0,25.5,-999,0,731323,731444,HA,106,2072-09-17 21:00:00,2072-09-20 09:30:00,2072,9,17,21,2072,9,20,9,2,6
41_23,40.11,9.85,19.5,10.5,9,-999,0,744957,744995,HA,106,2073-06-28 22:00:00,2073-06-29 17:00:00,2073,6,28,22,2073,6,29,17,1,9
42_23,93.47,8.81,84,13.5,29,-999,0,764620,764787,HA,106,2074-08-12 13:30:00,2074-08-16 01:00:00,2074,8,12,13,2074,8,16,1,3,5
43_23,24.885,2.5,54,0,0,-999,0,785997,786104,HA,106,2075-10-31 22:00:00,2075-11-03 03:30:00,2075,10,31,22,2075,11,3,3,3,4
44_23,52.05,6.02,43,21,22,-999,0,816914,816999,HA,106,2077-08-06 00:30:00,2077-08-07 19:00:00,2077,8,6,0,2077,8,7,19,1,2
45_23,61.84,9.29,37.5,18.5,19,-999,0,817469,817543,HA,106,2077-08-17 14:00:00,2077-08-19 03:00:00,2077,8,17,14,2077,8,19,3,1,2
46_23,49.68,7.63,51,0,0,-999,0,835214,835315,HA,106,2078-08-22 06:30:00,2078-08-24 09:00:00,2078,8,22,6,2078,8,24,9,2,5
47_23,32.95,3.78,30.5,0,0,-999,0,852883,852943,HA,106,2079-08-25 09:00:00,2079-08-26 15:00:00,2079,8,25,9,2079,8,26,15,2,5
48_23,34.225,1.65,67,3.5,63.5,-999,0,853048,853181,HA,106,2079-08-28 19:30:00,2079-08-31 14:00:00,2079,8,28,19,2079,8,31,14,2,5
49_23,69.02,4,47.5,0,0,-999,0,871928,872022,HA,106,2080-09-25 03:30:00,2080-09-27 02:30:00,2080,9,25,3,2080,9,27,2,2,6
50_23,26.015,1.99,59,0,0,-999,0,885517,885634,HA,106,2081-07-05 06:00:00,2081-07-07 16:30:00,2081,7,5,6,2081,7,7,16,2,9
51_23,21.31,2.49,51.5,0,0,-999,0,886036,886138,HA,106,2081-07-16 01:30:00,2081-07-18 04:30:00,2081,7,16,1,2081,7,18,4,2,9
52_23,40.235,2.68,42.5,0,0,-999,0,905955,906039,HA,106,2082-09-04 01:00:00,2082-09-05 19:00:00,2082,9,4,1,2082,9,5,19,3,9
53_23,45.765,4.99,43,19.5,23.5,-999,0,906134,906219,HA,106,2082-09-07 18:30:00,2082-09-09 13:00:00,2082,9,7,18,2082,9,9,13,3,9
54_23,43.61,7.4,57.5,26.5,31,-999,0,940662,940776,HA,106,2084-08-27 02:30:00,2084-08-29 11:30:00,2084,8,27,2,2084,8,29,11,1,6
55_23,30.86,4.98,49,0,0,-999,0,960781,960878,HA,106,2085-10-20 06:00:00,2085-10-22 06:30:00,2085,10,20,6,2085,10,22,6,1,8
56_23,118.805,10.67,67.5,26,46,-999,0,975839,975973,HA,106,2086-08-29 23:00:00,2086-09-01 18:00:00,2086,8,29,23,2086,9,1,18,3,8
57_23,24.225,3.31,63,0,0,-999,0,995193,995318,HA,106,2087-10-07 04:00:00,2087-10-09 18:30:00,2087,10,7,4,2087,10,9,18,1,2
58_23,42.925,5.59,48,38,10,-999,0,1028710,1028805,HA,106,2089-09-04 10:30:00,2089-09-06 10:00:00,2089,9,4,10,2089,9,6,10,1,8
1_24,21.465,3.11,30,0,0,-999,0,10488,10547,HA,107,2031-08-07 11:30:00,2031-08-08 17:00:00,2031,8,7,11,2031,8,8,17,1,3
2_24,29.105,3.79,68.5,0,0,-999,0,10734,10870,HA,107,2031-08-12 14:30:00,2031-08-15 10:30:00,2031,8,12,14,2031,8,15,10,1,3
3_24,42.05,7.19,43,0,0,-999,0,28891,28976,HA,107,2032-08-24 21:00:00,2032-08-26 15:30:00,2032,8,24,21,2032,8,26,15,1,5
4_24,64.18,6.27,49,0,0,-999,0,50830,50927,HA,107,2033-11-24 22:30:00,2033-11-26 23:00:00,2033,11,24,22,2033,11,26,23,3,6
5_24,75.58,8.26,29.5,4.5,16.5,-999,0,65552,65610,HA,107,2034-09-27 15:30:00,2034-09-28 20:30:00,2034,9,27,15,2034,9,28,20,3,2
6_24,50.265,2.87,82,0,16.5,-999,0,84913,85076,HA,107,2035-11-05 00:00:00,2035-11-08 09:30:00,2035,11,5,0,2035,11,8,9,2,9
7_24,31.205,3.03,101.5,0,0,-999,0,97279,97481,HA,107,2036-07-19 15:00:00,2036-07-23 20:00:00,2036,7,19,15,2036,7,23,20,2,8
8_24,32.24,6.13,76.5,0,4,-999,0,137180,137332,HA,107,2038-10-28 21:30:00,2038-11-01 01:30:00,2038,10,28,21,2038,11,1,1,1,2
9_24,33.79,2.18,62.5,0,0,-999,0,155232,155356,HA,107,2039-11-08 23:30:00,2039-11-11 13:30:00,2039,11,8,23,2039,11,11,13,2,4
10_24,57.515,2.15,197,0,0,-999,0,169576,169969,HA,107,2040-09-02 19:30:00,2040-09-11 00:00:00,2040,9,2,19,2040,9,11,0,2,6
11_24,40.73,4.93,64,0,0,-999,0,190093,190220,HA,107,2041-11-04 06:00:00,2041-11-06 21:30:00,2041,11,4,6,2041,11,6,21,1,2
12_24,53.775,5.14,44,25,19,-999,0,201697,201784,HA,107,2042-07-04 00:00:00,2042-07-05 19:30:00,2042,7,4,0,2042,7,5,19,3,6
13_24,25.58,3.14,81,0,0,-999,0,225158,225319,HA,107,2043-11-04 18:30:00,2043-11-08 03:00:00,2043,11,4,18,2043,11,8,3,2,2
14_24,20.385,2.99,57,0,0,-999,0,242703,242816,HA,107,2044-11-04 07:00:00,2044-11-06 15:30:00,2044,11,4,7,2044,11,6,15,3,2
15_24,21.185,3.72,35.5,23.5,12,-999,0,257905,257975,HA,107,2045-09-17 00:00:00,2045-09-18 11:00:00,2045,9,17,0,2045,9,18,11,3,6
16_24,93.125,8.53,45.5,0,39,-999,0,258363,258453,HA,107,2045-09-26 13:00:00,2045-09-28 10:00:00,2045,9,26,13,2045,9,28,10,3,6
17_24,48.165,4.56,83,0,0,-999,0,277821,277986,HA,107,2046-11-05 22:00:00,2046-11-09 08:30:00,2046,11,5,22,2046,11,9,8,1,1
18_24,27.72,1.97,41,0,0,-999,0,293614,293695,HA,107,2047-09-30 22:30:00,2047-10-02 15:00:00,2047,9,30,22,2047,10,2,15,2,7
19_24,60.91,5.5,28,0,0,-999,0,309671,309726,HA,107,2048-08-30 11:00:00,2048-08-31 14:30:00,2048,8,30,11,2048,8,31,14,3,6
20_24,28.175,2.13,98.5,0,27.5,-999,0,345356,345552,HA,107,2050-09-12 21:30:00,2050-09-16 23:30:00,2050,9,12,21,2050,9,16,23,2,1
21_24,22.465,1.06,66,0,0,-999,0,365793,365924,HA,107,2051-11-12 16:00:00,2051-11-15 09:30:00,2051,11,12,16,2051,11,15,9,2,9
22_24,30.575,3.32,38.5,0,0,-999,0,393522,393598,HA,107,2053-06-12 08:30:00,2053-06-13 22:30:00,2053,6,12,8,2053,6,13,22,3,9
23_24,118.91,10.18,45.5,13,24,-999,0,414724,414814,HA,107,2054-08-28 01:30:00,2054-08-29 22:30:00,2054,8,28,1,2054,8,29,22,2,9
24_24,40.9,4.15,65.5,0,0,-999,0,430799,430929,HA,107,2055-07-28 23:00:00,2055-07-31 16:00:00,2055,7,28,23,2055,7,31,16,2,3
25_24,21.04,3.52,16.5,0,0,-999,0,448957,448989,HA,107,2056-08-10 06:00:00,2056-08-10 22:00:00,2056,8,10,6,2056,8,10,22,1,10
26_24,33.09,2.34,32.5,0,0,-999,0,467259,467323,HA,107,2057-08-26 13:00:00,2057-08-27 21:00:00,2057,8,26,13,2057,8,27,21,1,6
27_24,39.535,7.08,40,0,0,-999,0,467678,467757,HA,107,2057-09-04 06:30:00,2057-09-05 22:00:00,2057,9,4,6,2057,9,5,22,1,6
28_24,20.94,1.59,63,0,0,-999,0,483287,483412,HA,107,2058-07-26 11:00:00,2058-07-29 01:30:00,2058,7,26,11,2058,7,29,1,2,9
29_24,31.24,3.15,118.5,0,0,-999,0,505234,505470,HA,107,2059-10-26 16:30:00,2059-10-31 14:30:00,2059,10,26,16,2059,10,31,14,1,4
30_24,80.135,9.83,41.5,30.5,11,-999,0,552979,553061,HA,107,2062-07-17 09:00:00,2062-07-19 02:00:00,2062,7,17,9,2062,7,19,2,3,6
31_24,36.185,4.43,21,0,0,-999,0,573423,573464,HA,107,2063-09-16 07:00:00,2063-09-17 03:30:00,2063,9,16,7,2063,9,17,3,1,6
32_24,112.635,7.2,84.5,17.5,40.5,-999,0,590623,590791,HA,107,2064-09-08 15:00:00,2064-09-12 03:00:00,2064,9,8,15,2064,9,12,3,2,6
33_24,68.965,5.18,32,0,0,-999,0,608549,608612,HA,107,2065-09-17 02:00:00,2065-09-18 09:30:00,2065,9,17,2,2065,9,18,9,3,9
34_24,54.575,5.93,37,10,17,-999,0,625495,625568,HA,107,2066-09-05 03:00:00,2066-09-06 15:30:00,2066,9,5,3,2066,9,6,15,3,5
35_24,82.62,8.02,80,28.5,51.5,-999,0,640945,641104,HA,107,2067-07-24 00:00:00,2067-07-27 07:30:00,2067,7,24,0,2067,7,27,7,3,8
36_24,118.57,9.47,45,0,0,-999,0,677190,677279,HA,107,2069-08-17 02:30:00,2069-08-18 23:00:00,2069,8,17,2,2069,8,18,23,2,5
37_24,63.745,5.82,41.5,0,0,-999,0,694656,694738,HA,107,2070-08-15 23:30:00,2070-08-17 16:30:00,2070,8,15,23,2070,8,17,16,3,6
38_24,76.3,5.56,65.5,0,0,-999,0,712527,712657,HA,107,2071-08-23 07:00:00,2071-08-26 00:00:00,2071,8,23,7,2071,8,26,0,2,2
39_24,62.63,5.44,61.5,30.5,31,-999,0,730288,730410,HA,107,2072-08-27 07:30:00,2072-08-29 20:30:00,2072,8,27,7,2072,8,29,20,3,10
40_24,20.925,3.03,16,0,0,-999,0,730482,730513,HA,107,2072-08-31 08:30:00,2072-09-01 00:00:00,2072,8,31,8,2072,9,1,0,3,10
41_24,71.13,11.22,40.5,2.5,24.5,-999,0,746744,746824,HA,107,2073-08-05 03:30:00,2073-08-06 19:30:00,2073,8,5,3,2073,8,6,19,1,2
42_24,34.29,7.68,50,24.5,25.5,-999,0,765074,765173,HA,107,2074-08-22 00:30:00,2074-08-24 02:00:00,2074,8,22,0,2074,8,24,2,1,5
43_24,25.68,1.77,31,0,0,-999,0,784073,784134,HA,107,2075-09-21 20:00:00,2075-09-23 02:30:00,2075,9,21,20,2075,9,23,2,2,3
44_24,45.63,3.84,39,0,0,-999,0,801929,802006,HA,107,2076-09-27 20:00:00,2076-09-29 10:30:00,2076,9,27,20,2076,9,29,10,3,2
45_24,63.88,7.29,110.5,0,72.5,-999,0,817781,818001,HA,107,2077-08-24 02:00:00,2077-08-28 16:00:00,2077,8,24,2,2077,8,28,16,3,5
46_24,46.065,4.53,24,0,0,-999,0,855234,855281,HA,107,2079-10-13 08:30:00,2079-10-14 08:00:00,2079,10,13,8,2079,10,14,8,3,9
47_24,30.24,3.4,28,0,0,-999,0,871402,871457,HA,107,2080-09-14 04:30:00,2080-09-15 08:00:00,2080,9,14,4,2080,9,15,8,2,6
48_24,23.765,1.6,34.5,0,0,-999,0,871634,871702,HA,107,2080-09-19 00:30:00,2080-09-20 10:30:00,2080,9,19,0,2080,9,20,10,2,6
49_24,32.275,2.52,40,0,0,-999,0,871741,871820,HA,107,2080-09-21 06:00:00,2080-09-22 21:30:00,2080,9,21,6,2080,9,22,21,2,6
50_24,51.105,5.44,34,0,0,-999,0,892107,892174,HA,107,2081-11-19 13:00:00,2081-11-20 22:30:00,2081,11,19,13,2081,11,20,22,1,2
51_24,44.415,3.38,66.5,0,0,-999,0,909282,909414,HA,107,2082-11-12 08:30:00,2082-11-15 02:30:00,2082,11,12,8,2082,11,15,2,3,2
52_24,35.35,4.17,58,16.5,34.5,-999,0,921492,921607,HA,107,2083-07-24 17:30:00,2083-07-27 03:00:00,2083,7,24,17,2083,7,27,3,2,7
53_24,108.17,7.28,49.5,0,42.5,-999,0,941338,941436,HA,107,2084-09-10 04:30:00,2084-09-12 05:30:00,2084,9,10,4,2084,9,12,5,2,2
54_24,53.76,2.27,63,41,22,-999,0,960303,960428,HA,107,2085-10-10 07:00:00,2085-10-12 21:30:00,2085,10,10,7,2085,10,12,21,2,9
55_24,104.035,4.8,125.5,32,34.5,-999,0,976693,976943,HA,107,2086-09-16 18:00:00,2086-09-21 23:00:00,2086,9,16,18,2086,9,21,23,2,9
56_24,28.935,1.2,74,0,0,-999,0,1007906,1008053,HA,107,2088-06-28 00:30:00,2088-07-01 02:00:00,2088,6,28,0,2088,7,1,2,2,6
57_24,31.5,2.94,32,0,0,-999,0,1008073,1008136,HA,107,2088-07-01 12:00:00,2088-07-02 19:30:00,2088,7,1,12,2088,7,2,19,2,6
58_24,91.235,7.77,71,0,71,-999,0,1027132,1027273,HA,107,2089-08-02 13:30:00,2089-08-05 12:00:00,2089,8,2,13,2089,8,5,12,3,6
1_25,53.76,7.62,48,24.5,23.5,-999,0,11367,11462,HA,108,2031-08-25 19:00:00,2031-08-27 18:30:00,2031,8,25,19,2031,8,27,18,2,6
2_25,77.73,7.46,77,29,22.5,-999,0,11679,11832,HA,108,2031-09-01 07:00:00,2031-09-04 11:30:00,2031,9,1,7,2031,9,4,11,2,6
3_25,53.585,6.67,37.5,12.5,25,-999,0,30068,30142,HA,108,2032-09-18 09:30:00,2032-09-19 22:30:00,2032,9,18,9,2032,9,19,22,1,9
4_25,28.975,3.58,26,0,0,-999,0,50432,50483,HA,108,2033-11-16 15:30:00,2033-11-17 17:00:00,2033,11,16,15,2033,11,17,17,1,2
5_25,82.71,7.45,38.5,0,0,-999,0,64048,64124,HA,108,2034-08-27 07:30:00,2034-08-28 21:30:00,2034,8,27,7,2034,8,28,21,3,8
6_25,118.13,8.24,41,0,2.5,-999,0,81329,81410,HA,108,2035-08-22 08:00:00,2035-08-24 00:30:00,2035,8,22,8,2035,8,24,0,2,6
7_25,25.46,2.21,52.5,0,0,-999,0,96582,96686,HA,108,2036-07-05 02:30:00,2036-07-07 06:30:00,2036,7,5,2,2036,7,7,6,2,6
8_25,69.71,2.6,73,0,45.5,-999,0,118650,118795,HA,108,2037-10-07 20:30:00,2037-10-10 21:00:00,2037,10,7,20,2037,10,10,21,2,2
9_25,106.675,4.01,168.5,0,0,-999,0,133347,133683,HA,108,2038-08-10 01:00:00,2038-08-17 01:00:00,2038,8,10,1,2038,8,17,1,2,5
10_25,38.06,1.96,99.5,4.5,99.5,-999,0,153418,153616,HA,108,2039-10-02 04:30:00,2039-10-06 07:30:00,2039,10,2,4,2039,10,6,7,2,6
11_25,46.825,2.9,63,13,37,-999,0,153947,154072,HA,108,2039-10-13 05:00:00,2039-10-15 19:30:00,2039,10,13,5,2039,10,15,19,2,6
12_25,83.34,8.75,80.5,22.5,30,-999,0,169990,170150,HA,108,2040-09-11 10:30:00,2040-09-14 18:30:00,2040,9,11,10,2040,9,14,18,2,6
13_25,21.99,2.31,34,0,0,-999,0,184497,184564,HA,108,2041-07-10 16:00:00,2041-07-12 01:30:00,2041,7,10,16,2041,7,12,1,2,6
14_25,54.185,2.83,104,0,0,-999,0,184793,185000,HA,108,2041-07-16 20:00:00,2041-07-21 03:30:00,2041,7,16,20,2041,7,21,3,2,6
15_25,34.61,4.6,34,0,0,-999,0,201877,201944,HA,108,2042-07-07 18:00:00,2042-07-09 03:30:00,2042,7,7,18,2042,7,9,3,1,5
16_25,29.47,3.64,45,13.5,23.5,-999,0,224493,224582,HA,108,2043-10-21 22:00:00,2043-10-23 18:30:00,2043,10,21,22,2043,10,23,18,1,1
17_25,134.08,5.24,95,39.5,24,-999,0,255799,255988,HA,108,2045-08-04 03:00:00,2045-08-08 01:30:00,2045,8,4,3,2045,8,8,1,2,9
18_25,60.76,4.69,97.5,0,0,-999,0,275876,276070,HA,108,2046-09-26 09:30:00,2046-09-30 10:30:00,2046,9,26,9,2046,9,30,10,2,7
19_25,106.685,6.93,79.5,29.5,52.5,-999,0,291991,292149,HA,108,2047-08-28 03:00:00,2047-08-31 10:00:00,2047,8,28,3,2047,8,31,10,2,8
20_25,36.61,8.09,15.5,0,0,-999,0,309655,309685,HA,108,2048-08-30 03:00:00,2048-08-30 18:00:00,2048,8,30,3,2048,8,30,18,1,6
21_25,27.245,5.74,31,0,25,-999,0,326094,326155,HA,108,2049-08-07 14:30:00,2049-08-08 21:00:00,2049,8,7,14,2049,8,8,21,2,10
22_25,35.62,3.52,31.5,0,0,-999,0,326189,326251,HA,108,2049-08-09 14:00:00,2049-08-10 21:00:00,2049,8,9,14,2049,8,10,21,2,10
23_25,41.825,2.63,46.5,0,0,-999,0,344569,344661,HA,108,2050-08-27 12:00:00,2050-08-29 10:00:00,2050,8,27,12,2050,8,29,10,2,1
24_25,35.805,4.52,29,0,0,-999,0,361949,362006,HA,108,2051-08-24 14:00:00,2051-08-25 18:30:00,2051,8,24,14,2051,8,25,18,1,7
25_25,47.13,4.28,33,0,0,-999,0,382367,382432,HA,108,2052-10-22 23:00:00,2052-10-24 07:30:00,2052,10,22,23,2052,10,24,7,3,2
26_25,24.835,1.35,63,0,0,-999,0,400420,400545,HA,108,2053-11-03 01:30:00,2053-11-05 16:00:00,2053,11,3,1,2053,11,5,16,2,8
27_25,30.45,2.59,58,0,58,-999,0,413904,414019,HA,108,2054-08-10 23:30:00,2054-08-13 09:00:00,2054,8,10,23,2054,8,13,9,3,5
28_25,56.61,5.63,31.5,19.5,12,-999,0,414234,414296,HA,108,2054-08-17 20:30:00,2054-08-19 03:30:00,2054,8,17,20,2054,8,19,3,3,5
29_25,28.69,4.9,31.5,0,6,-999,0,431198,431260,HA,108,2055-08-06 06:30:00,2055-08-07 13:30:00,2055,8,6,6,2055,8,7,13,1,6
30_25,82.97,12.65,24,19,5,-999,0,431291,431338,HA,108,2055-08-08 05:00:00,2055-08-09 04:30:00,2055,8,8,5,2055,8,9,4,1,6
31_25,45.685,2.61,105,0,36,-999,0,453680,453889,HA,108,2056-11-16 15:30:00,2056-11-21 00:00:00,2056,11,16,15,2056,11,21,0,2,8
32_25,62.965,5.12,63.5,22,41.5,-999,0,468963,469089,HA,108,2057-10-01 01:00:00,2057-10-03 16:00:00,2057,10,1,1,2057,10,3,16,3,8
33_25,50.34,2.88,41,0,0,-999,0,485435,485516,HA,108,2058-09-09 05:00:00,2058-09-10 21:30:00,2058,9,9,5,2058,9,10,21,1,10
34_25,34.555,1.69,55,0,0,-999,0,502916,503025,HA,108,2059-09-08 09:30:00,2059-09-10 16:00:00,2059,9,8,9,2059,9,10,16,2,7
35_25,20.635,4.38,16.5,0,0,-999,0,503047,503079,HA,108,2059-09-11 03:00:00,2059-09-11 19:00:00,2059,9,11,3,2059,9,11,19,2,7
36_25,28.29,2.21,44.5,0,22.5,-999,0,523392,523480,HA,108,2060-11-07 23:30:00,2060-11-09 19:30:00,2060,11,7,23,2060,11,9,19,3,6
37_25,27.23,4.08,24,0,0,-999,0,538505,538552,HA,108,2061-09-18 20:00:00,2061-09-19 19:30:00,2061,9,18,20,2061,9,19,19,3,9
38_25,31.965,3.93,18,0,1.5,-999,0,551435,551470,HA,108,2062-06-15 05:00:00,2062-06-15 22:30:00,2062,6,15,5,2062,6,15,22,1,6
39_25,50.325,6.2,44.5,0,0,-999,0,591007,591095,HA,108,2064-09-16 15:00:00,2064-09-18 11:00:00,2064,9,16,15,2064,9,18,11,1,6
40_25,32.79,6.54,23,0,0,-999,0,606785,606830,HA,108,2065-08-11 08:00:00,2065-08-12 06:30:00,2065,8,11,8,2065,8,12,6,1,8
41_25,36.98,5.18,44.5,0,0,-999,0,627226,627314,HA,108,2066-10-11 04:30:00,2066-10-13 00:30:00,2066,10,11,4,2066,10,13,0,3,5
42_25,71.495,10.08,45,18,27,-999,0,642452,642541,HA,108,2067-08-24 09:30:00,2067-08-26 06:00:00,2067,8,24,9,2067,8,26,6,1,8
43_25,84.84,4.81,70,10,29.5,-999,0,660651,660790,HA,108,2068-09-06 13:00:00,2068-09-09 10:30:00,2068,9,6,13,2068,9,9,10,2,1
44_25,34.505,3.38,82,0,0,-999,0,680027,680190,HA,108,2069-10-15 05:00:00,2069-10-18 14:30:00,2069,10,15,5,2069,10,18,14,1,2
45_25,23.515,2.93,25.5,0,0,-999,0,680361,680411,HA,108,2069-10-22 04:00:00,2069-10-23 05:00:00,2069,10,22,4,2069,10,23,5,1,2
46_25,27.795,2.15,32,0,0,-999,0,694731,694794,HA,108,2070-08-17 13:00:00,2070-08-18 20:30:00,2070,8,17,13,2070,8,18,20,1,8
47_25,30.01,5.8,77,0,29,-999,0,694940,695093,HA,108,2070-08-21 21:30:00,2070-08-25 02:00:00,2070,8,21,21,2070,8,25,2,1,8
48_25,52.25,10.3,57.5,55.5,2,-999,0,695129,695243,HA,108,2070-08-25 20:00:00,2070-08-28 05:00:00,2070,8,25,20,2070,8,28,5,1,8
49_25,41.31,4.95,30.5,21,9.5,-999,0,711022,711082,HA,108,2071-07-22 22:30:00,2071-07-24 04:30:00,2071,7,22,22,2071,7,24,4,1,10
50_25,61.155,5.17,72,0,11.5,-999,0,729280,729423,HA,108,2072-08-06 07:30:00,2072-08-09 07:00:00,2072,8,6,7,2072,8,9,7,2,1
51_25,28.49,3.65,31.5,0,0,-999,0,752163,752225,HA,108,2073-11-26 01:00:00,2073-11-27 08:00:00,2073,11,26,1,2073,11,27,8,1,2
52_25,21.715,2.41,56,0,38.5,-999,0,765359,765470,HA,108,2074-08-27 23:00:00,2074-08-30 06:30:00,2074,8,27,23,2074,8,30,6,3,7
53_25,35.94,3.14,40,0,0,-999,0,765551,765630,HA,108,2074-08-31 23:00:00,2074-09-02 14:30:00,2074,8,31,23,2074,9,2,14,3,7
54_25,46.72,3.29,112.5,17,65.5,-999,0,779873,780097,HA,108,2075-06-26 08:00:00,2075-07-01 00:00:00,2075,6,26,8,2075,7,1,0,3,10
55_25,35.94,4.14,26.5,0,0,-999,0,800128,800180,HA,108,2076-08-21 07:30:00,2076-08-22 09:30:00,2076,8,21,7,2076,8,22,9,2,5
56_25,42.97,3.97,64.5,0,0,-999,0,800469,800597,HA,108,2076-08-28 10:00:00,2076-08-31 02:00:00,2076,8,28,10,2076,8,31,2,2,5
57_25,80.805,10.68,48,27.5,18,-999,0,815816,815911,HA,108,2077-07-14 03:30:00,2077-07-16 03:00:00,2077,7,14,3,2077,7,16,3,1,7
58_25,27.155,5.17,30,0,0,-999,0,853615,853674,HA,108,2079-09-09 15:00:00,2079-09-10 20:30:00,2079,9,9,15,2079,9,10,20,2,2
59_23,48.49,6.78,49.5,0,0,-999,0,871251,871349,HA,108,2080-09-11 01:00:00,2080-09-13 02:00:00,2080,9,11,1,2080,9,13,2,1,6
60_23,37.27,2.8,46.5,9.5,37,-999,0,890521,890613,HA,108,2081-10-17 12:00:00,2081-10-19 10:00:00,2081,10,17,12,2081,10,19,10,3,6
61_23,76.685,3.95,113.5,0,12,-999,0,904910,905136,HA,108,2082-08-13 06:30:00,2082-08-17 23:30:00,2082,8,13,6,2082,8,17,23,2,2
62_21,126.335,11.1,84,0,12,-999,0,922432,922599,HA,108,2083-08-13 07:30:00,2083-08-16 19:00:00,2083,8,13,7,2083,8,16,19,3,2
63_19,69.33,4.65,40,10.5,38,-999,0,940039,940118,HA,108,2084-08-14 03:00:00,2084-08-15 18:30:00,2084,8,14,3,2084,8,15,18,2,6
64_17,38.465,2.67,38,0,0,-999,0,960733,960808,HA,108,2085-10-19 06:00:00,2085-10-20 19:30:00,2085,10,19,6,2085,10,20,19,3,9
65_15,104.7,9.02,82,0,0,-999,0,976290,976453,HA,108,2086-09-08 08:30:00,2086-09-11 18:00:00,2086,9,8,8,2086,9,11,18,3,9
66_15,42.625,3.16,68,0,0,-999,0,989099,989234,HA,108,2087-06-02 05:00:00,2087-06-05 00:30:00,2087,6,2,5,2087,6,5,0,3,9
67_13,42.505,4.35,43,0,0,-999,0,1011666,1011751,HA,108,2088-09-14 08:30:00,2088-09-16 03:00:00,2088,9,14,8,2088,9,16,3,2,9
68_11,29.815,1.67,50.5,4,60,-999,0,1028729,1028829,HA,108,2089-09-04 20:00:00,2089-09-06 22:00:00,2089,9,4,20,2089,9,6,22,2,3
69_9,41.335,4.15,18,0,0,-999,0,1047450,1047485,HA,108,2090-09-29 20:30:00,2090-09-30 14:00:00,2090,9,29,20,2090,9,30,14,3,5
1_26,20.82,2.03,49.5,0,0,-999,0,10376,10474,HA,109,2031-08-05 03:30:00,2031-08-07 04:30:00,2031,8,5,3,2031,8,7,4,1,9
2_26,53.975,9.78,40,19,21,-999,0,10847,10926,HA,109,2031-08-14 23:00:00,2031-08-16 14:30:00,2031,8,14,23,2031,8,16,14,1,9
3_26,52.275,5.39,56.5,37,69.5,-999,0,28692,28804,HA,109,2032-08-20 17:30:00,2032-08-23 01:30:00,2032,8,20,17,2032,8,23,1,3,9
4_26,35.965,3.26,31.5,0,0,-999,0,48410,48472,HA,109,2033-10-05 12:30:00,2033-10-06 19:30:00,2033,10,5,12,2033,10,6,19,3,6
5_26,61.28,4.49,63.5,0,0,-999,0,82675,82801,HA,109,2035-09-19 09:00:00,2035-09-22 00:00:00,2035,9,19,9,2035,9,22,0,2,1
6_26,50.245,6.84,39,33.5,6.5,-999,0,98623,98700,HA,109,2036-08-16 15:00:00,2036-08-18 05:30:00,2036,8,16,15,2036,8,18,5,1,8
7_26,39.745,4.16,29.5,0,0,-999,0,115702,115760,HA,109,2037-08-07 10:30:00,2037-08-08 15:30:00,2037,8,7,10,2037,8,8,15,1,6
8_26,39.125,3.11,66.5,33,31,-999,0,135592,135724,HA,109,2038-09-25 19:30:00,2038-09-28 13:30:00,2038,9,25,19,2038,9,28,13,3,8
9_26,39.08,4.63,46.5,0,0,-999,0,152966,153058,HA,109,2039-09-22 18:30:00,2039-09-24 16:30:00,2039,9,22,18,2039,9,24,16,1,5
10_26,25.32,3.7,77,0,25,-999,0,167124,167277,HA,109,2040-07-13 17:30:00,2040-07-16 22:00:00,2040,7,13,17,2040,7,16,22,1,5
11_26,27.56,4.06,71.5,0,0,-999,0,208473,208615,HA,109,2042-11-22 04:00:00,2042-11-25 03:00:00,2042,11,22,4,2042,11,25,3,1,2
12_26,56.11,4.23,108.5,72.5,14,-999,0,223401,223617,HA,109,2043-09-29 04:00:00,2043-10-03 16:00:00,2043,9,29,4,2043,10,3,16,2,8
13_26,57.99,2.85,107.5,0,0,-999,0,239294,239508,HA,109,2044-08-25 06:30:00,2044-08-29 17:30:00,2044,8,25,6,2044,8,29,17,2,7
14_26,49.725,3.2,58,4.5,49.5,-999,0,256713,256828,HA,109,2045-08-23 04:00:00,2045-08-25 13:30:00,2045,8,23,4,2045,8,25,13,3,8
15_26,22.405,1.53,78,18.5,63,-999,0,272634,272789,HA,109,2046-07-20 20:30:00,2046-07-24 02:00:00,2046,7,20,20,2046,7,24,2,2,5
16_26,28.015,2.81,35,0,0,-999,0,272849,272918,HA,109,2046-07-25 08:00:00,2046-07-26 18:30:00,2046,7,25,8,2046,7,26,18,2,5
17_26,64.66,7.93,43,0,4.5,-999,0,292796,292881,HA,109,2047-09-13 21:30:00,2047-09-15 16:00:00,2047,9,13,21,2047,9,15,16,1,9
18_26,33.8,5.76,43.5,0,0,-999,0,312298,312384,HA,109,2048-10-24 04:30:00,2048-10-25 23:30:00,2048,10,24,4,2048,10,25,23,1,6
19_26,23.765,2.58,30.5,0,0,-999,0,328424,328484,HA,109,2049-09-25 03:30:00,2049-09-26 09:30:00,2049,9,25,3,2049,9,26,9,1,8
20_26,31.075,2.35,47,0,0,-999,0,343740,343833,HA,109,2050-08-10 05:30:00,2050-08-12 04:00:00,2050,8,10,5,2050,8,12,4,1,9
21_26,29.235,6.95,21.5,0,12,-999,0,344098,344140,HA,109,2050-08-17 16:30:00,2050-08-18 13:30:00,2050,8,17,16,2050,8,18,13,1,9
22_26,46.455,4,38.5,14,24.5,-999,0,362320,362396,HA,109,2051-09-01 07:30:00,2051-09-02 21:30:00,2051,9,1,7,2051,9,2,21,3,1
23_26,93.515,7.36,88,24,32,-999,0,379442,379617,HA,109,2052-08-23 00:30:00,2052-08-26 16:00:00,2052,8,23,0,2052,8,26,16,2,2
24_26,21.825,3.35,20,0,0,-999,0,414543,414582,HA,109,2054-08-24 07:00:00,2054-08-25 02:30:00,2054,8,24,7,2054,8,25,2,1,7
25_26,118.96,4.29,67,0,0,-999,0,432436,432569,HA,109,2055-09-01 01:30:00,2055-09-03 20:00:00,2055,9,1,1,2055,9,3,20,2,6
26_26,49.05,5.49,73.5,0,0,-999,0,452233,452379,HA,109,2056-10-17 12:00:00,2056-10-20 13:00:00,2056,10,17,12,2056,10,20,13,3,2
27_26,84.165,7.89,50.5,0,41,-999,0,465321,465421,HA,109,2057-07-17 04:00:00,2057-07-19 06:00:00,2057,7,17,4,2057,7,19,6,3,6
28_26,47.725,2.29,50,0,5,-999,0,485203,485302,HA,109,2058-09-04 09:00:00,2058-09-06 10:30:00,2058,9,4,9,2058,9,6,10,2,1
29_26,36.37,9.73,47,26,21,-999,0,485315,485408,HA,109,2058-09-06 17:00:00,2058-09-08 15:30:00,2058,9,6,17,2058,9,8,15,2,1
30_26,21.335,6.33,10,0,0,-999,0,501998,502017,HA,109,2059-08-20 06:30:00,2059-08-20 16:00:00,2059,8,20,6,2059,8,20,16,2,7
31_26,22.535,2.38,35.5,0,0,-999,0,502331,502401,HA,109,2059-08-27 05:00:00,2059-08-28 16:00:00,2059,8,27,5,2059,8,28,16,2,7
32_26,76.4,6.57,42.5,0,19,-999,0,519816,519900,HA,109,2060-08-25 11:30:00,2060-08-27 05:30:00,2060,8,25,11,2060,8,27,5,2,8
33_26,51.86,6.25,33.5,0,0,-999,0,537149,537215,HA,109,2061-08-21 14:00:00,2061-08-22 23:00:00,2061,8,21,14,2061,8,22,23,1,8
34_26,21.955,2.67,103,0,0,-999,0,558468,558673,HA,109,2062-11-08 17:30:00,2062-11-13 00:00:00,2062,11,8,17,2062,11,13,0,1,2
35_26,30.725,4.72,35,0,0,-999,0,575459,575528,HA,109,2063-10-28 17:00:00,2063-10-30 03:30:00,2063,10,28,17,2063,10,30,3,1,2
36_26,57.695,2.45,66,0,0,-999,0,587537,587668,HA,109,2064-07-06 08:00:00,2064-07-09 01:30:00,2064,7,6,8,2064,7,9,1,2,3
37_26,96.68,11.41,68.5,40,28.5,-999,0,607094,607230,HA,109,2065-08-17 18:30:00,2065-08-20 14:30:00,2065,8,17,18,2065,8,20,14,2,6
38_26,35.66,3.19,84.5,0,0,-999,0,662056,662224,HA,109,2068-10-05 19:30:00,2068-10-09 07:30:00,2068,10,5,19,2068,10,9,7,1,8
39_26,21.26,4.31,33.5,1.5,2.5,-999,0,677430,677496,HA,109,2069-08-22 02:30:00,2069-08-23 11:30:00,2069,8,22,2,2069,8,23,11,3,8
40_26,24.53,2.12,87.5,0,0,-999,0,677534,677708,HA,109,2069-08-24 06:30:00,2069-08-27 21:30:00,2069,8,24,6,2069,8,27,21,3,8
41_26,58.245,6.31,56,0,21,-999,0,693501,693612,HA,109,2070-07-22 22:00:00,2070-07-25 05:30:00,2070,7,22,22,2070,7,25,5,3,6
42_26,74.78,5.12,71,18,43.5,-999,0,710668,710809,HA,109,2071-07-15 13:30:00,2071-07-18 12:00:00,2071,7,15,13,2071,7,18,12,2,9
43_26,48.765,4.19,77.5,26.5,41,-999,0,729909,730063,HA,109,2072-08-19 10:00:00,2072-08-22 15:00:00,2072,8,19,10,2072,8,22,15,3,9
44_26,88.495,6.96,46,0,22.5,-999,0,730313,730404,HA,109,2072-08-27 20:00:00,2072-08-29 17:30:00,2072,8,27,20,2072,8,29,17,3,9
45_26,52.84,4.61,27.5,0,0,-999,0,748112,748166,HA,109,2073-09-02 15:30:00,2073-09-03 18:30:00,2073,9,2,15,2073,9,3,18,3,8
46_26,47.905,4.61,43,2.5,40.5,-999,0,766503,766588,HA,109,2074-09-20 19:00:00,2074-09-22 13:30:00,2074,9,20,19,2074,9,22,13,2,6
47_26,88.035,9.33,56.5,24.5,29.5,-999,0,800819,800931,HA,109,2076-09-04 17:00:00,2076-09-07 01:00:00,2076,9,4,17,2076,9,7,1,3,6
48_26,51.56,2.93,74,47,21.5,-999,0,816573,816720,HA,109,2077-07-29 22:00:00,2077-08-01 23:30:00,2077,7,29,22,2077,8,1,23,2,7
49_26,39.08,2.39,64.5,0,0,-999,0,838597,838725,HA,109,2078-10-31 18:00:00,2078-11-03 10:00:00,2078,10,31,18,2078,11,3,10,2,6
50_26,35.385,5.11,80,0,0,-999,0,856673,856832,HA,109,2079-11-12 08:00:00,2079-11-15 15:30:00,2079,11,12,8,2079,11,15,15,1,6
51_26,91.94,12.95,44,16,27.5,-999,0,887885,887972,HA,109,2081-08-23 14:00:00,2081-08-25 09:30:00,2081,8,23,14,2081,8,25,9,1,2
52_26,29.1,4.65,45,0,0,-999,0,905826,905915,HA,109,2082-09-01 08:30:00,2082-09-03 05:00:00,2082,9,1,8,2082,9,3,5,2,6
53_26,36.45,3.99,40.5,0,40.5,-999,0,905938,906018,HA,109,2082-09-03 16:30:00,2082-09-05 08:30:00,2082,9,3,16,2082,9,5,8,2,6
54_26,39.755,1.88,61,0,0,-999,0,924526,924647,HA,109,2083-09-25 22:30:00,2083-09-28 11:00:00,2083,9,25,22,2083,9,28,11,2,9
55_26,35.455,2.45,34,34,0,-999,0,938821,938888,HA,109,2084-07-19 18:00:00,2084-07-21 03:30:00,2084,7,19,18,2084,7,21,3,3,10
56_26,55.12,5.41,62,0,0,-999,0,958418,958541,HA,109,2085-09-01 00:30:00,2085-09-03 14:00:00,2085,9,1,0,2085,9,3,14,1,7
57_26,36.585,5.17,46,18,28,-999,0,975923,976014,HA,109,2086-08-31 17:00:00,2086-09-02 14:30:00,2086,8,31,17,2086,9,2,14,3,8
58_26,27.36,4.5,26.5,0,0,-999,0,992155,992207,HA,109,2087-08-04 21:00:00,2087-08-05 23:00:00,2087,8,4,21,2087,8,5,23,1,6
59_24,73.865,3.12,87,40.5,58,-999,0,1010306,1010479,HA,109,2088-08-17 00:30:00,2088-08-20 15:00:00,2088,8,17,0,2088,8,20,15,2,9
60_24,34.045,3.2,41,22.5,18.5,-999,0,1026949,1027030,HA,109,2089-07-29 18:00:00,2089-07-31 10:30:00,2089,7,29,18,2089,7,31,10,2,6
1_27,50.865,4.43,34.5,14.5,20,12,0,12485,12553,MI,101,2031-09-18 02:00:00,2031-09-19 12:00:00,2031,9,18,2,2031,9,19,12,3,6
2_27,61.435,5.68,116,0,0,6,0,28019,28250,MI,101,2032-08-06 17:00:00,2032-08-11 12:30:00,2032,8,6,17,2032,8,11,12,2,8
3_27,25.88,2.66,66,0,0,0,0,41872,42003,MI,101,2033-05-22 07:30:00,2033-05-25 01:00:00,2033,5,22,7,2033,5,25,1,3,7
4_27,41.63,4.06,92,0,0,6,0,42313,42496,MI,101,2033-05-31 12:00:00,2033-06-04 07:30:00,2033,5,31,12,2033,6,4,7,3,7
5_27,34.67,2.48,53,0,0,0,0,62101,62206,MI,101,2034-07-17 18:00:00,2034-07-19 22:30:00,2034,7,17,18,2034,7,19,22,2,10
6_27,24.255,3.09,41,11.5,29.5,0,0,82158,82239,MI,101,2035-09-08 14:30:00,2035-09-10 07:00:00,2035,9,8,14,2035,9,10,7,2,7
7_27,56.84,3.99,52.5,0,0,36,0,82389,82493,MI,101,2035-09-13 10:00:00,2035-09-15 14:00:00,2035,9,13,10,2035,9,15,14,2,7
8_27,31.33,9.11,47,0,0,0,0,96408,96501,MI,101,2036-07-01 11:30:00,2036-07-03 10:00:00,2036,7,1,11,2036,7,3,10,1,6
9_27,58.91,6.14,66.5,0,0,24,0,117870,118002,MI,101,2037-09-21 14:30:00,2037-09-24 08:30:00,2037,9,21,14,2037,9,24,8,3,2
10_27,34.91,4.56,22.5,0,0,0,0,134258,134302,MI,101,2038-08-29 00:30:00,2038-08-29 22:30:00,2038,8,29,0,2038,8,29,22,2,9
11_27,50.16,3.81,51.5,0,0,24,0,134752,134854,MI,101,2038-09-08 07:30:00,2038-09-10 10:30:00,2038,9,8,7,2038,9,10,10,2,9
12_27,59.705,3.54,95.5,0,72.5,0,0,152297,152487,MI,101,2039-09-08 20:00:00,2039-09-12 19:00:00,2039,9,8,20,2039,9,12,19,2,9
13_27,39.345,3.74,30,27.5,2.5,12,0,171009,171068,MI,101,2040-10-02 16:00:00,2040-10-03 21:30:00,2040,10,2,16,2040,10,3,21,1,2
14_27,54.43,6.55,38,0,0,12,0,171442,171517,MI,101,2040-10-11 16:30:00,2040-10-13 06:00:00,2040,10,11,16,2040,10,13,6,1,2
15_27,61.205,8.22,37.5,0,0,30,0,187062,187136,MI,101,2041-09-02 02:30:00,2041-09-03 15:30:00,2041,9,2,2,2041,9,3,15,1,1
16_27,29.94,2.7,56,15,26,30,0,201947,202058,MI,101,2042-07-09 05:00:00,2042-07-11 12:30:00,2042,7,9,5,2042,7,11,12,2,3
17_27,45.05,4.82,74.5,0,0,18,0,223951,224099,MI,101,2043-10-10 15:00:00,2043-10-13 17:00:00,2043,10,10,15,2043,10,13,17,3,9
18_27,42.115,7.42,15,3.5,2.5,12,0,256634,256663,MI,101,2045-08-21 12:30:00,2045-08-22 03:00:00,2045,8,21,12,2045,8,22,3,1,10
19_27,43.745,3.31,46.5,0,0,0,0,277640,277732,MI,101,2046-11-02 03:30:00,2046-11-04 01:30:00,2046,11,2,3,2046,11,4,1,3,9
20_27,44.435,5.01,68.5,0,49,0,0,290836,290972,MI,101,2047-08-04 01:30:00,2047-08-06 21:30:00,2047,8,4,1,2047,8,6,21,3,6
21_27,78.25,6.66,32,25.5,6.5,0,0,310761,310824,MI,101,2048-09-22 04:00:00,2048-09-23 11:30:00,2048,9,22,4,2048,9,23,11,3,9
22_27,40.435,4.17,24.5,0,0,12,0,324712,324760,MI,101,2049-07-09 19:30:00,2049-07-10 19:30:00,2049,7,9,19,2049,7,10,19,3,1
23_27,49.97,5.62,37.5,22.5,33,12,0,345614,345688,MI,101,2050-09-18 06:30:00,2050-09-19 19:30:00,2050,9,18,6,2050,9,19,19,1,3
24_27,56.635,5.87,76.5,12,27.5,48,0,346073,346225,MI,101,2050-09-27 20:00:00,2050-10-01 00:00:00,2050,9,27,20,2050,10,1,0,1,3
25_27,21.885,2.86,28.5,0,0,6,0,363267,363323,MI,101,2051-09-21 01:00:00,2051-09-22 05:00:00,2051,9,21,1,2051,9,22,5,3,7
26_27,49.515,4.92,28,0,0,12,0,379331,379386,MI,101,2052-08-20 17:00:00,2052-08-21 20:30:00,2052,8,20,17,2052,8,21,20,3,9
27_27,95.06,9.92,34,30,4,0,0,379462,379529,MI,101,2052-08-23 10:30:00,2052-08-24 20:00:00,2052,8,23,10,2052,8,24,20,3,9
28_27,55,3.41,58,0,0,18,0,399594,399709,MI,101,2053-10-16 20:30:00,2053-10-19 06:00:00,2053,10,16,20,2053,10,19,6,3,8
29_27,55.81,4.3,51.5,31,1,0,0,414696,414798,MI,101,2054-08-27 11:30:00,2054-08-29 14:30:00,2054,8,27,11,2054,8,29,14,3,9
30_27,25.96,5.33,50,0,0,0,0,435578,435677,MI,101,2055-11-05 12:30:00,2055-11-07 14:00:00,2055,11,5,12,2055,11,7,14,1,6
31_27,39.79,4.38,53,0,0,0,0,453541,453646,MI,101,2056-11-13 18:00:00,2056-11-15 22:30:00,2056,11,13,18,2056,11,15,22,1,2
32_27,63.49,4.07,58,21.5,27,6,0,468971,469086,MI,101,2057-10-01 05:00:00,2057-10-03 14:30:00,2057,10,1,5,2057,10,3,14,3,9
33_27,28.36,4.07,38,0,0,0,0,484072,484147,MI,101,2058-08-11 19:30:00,2058-08-13 09:00:00,2058,8,11,19,2058,8,13,9,3,8
34_27,43.935,4.13,30.5,30.5,0,12,0,484320,484380,MI,101,2058-08-16 23:30:00,2058-08-18 05:30:00,2058,8,16,23,2058,8,18,5,3,8
35_27,40.675,7.46,26,0,0,0,0,484619,484670,MI,101,2058-08-23 05:00:00,2058-08-24 06:30:00,2058,8,23,5,2058,8,24,6,3,8
36_27,35.185,3.31,31.5,0,0,0,0,500188,500250,MI,101,2059-07-13 13:30:00,2059-07-14 20:30:00,2059,7,13,13,2059,7,14,20,3,9
37_27,59.185,4.05,65,0,37,30,0,519743,519872,MI,101,2060-08-23 23:00:00,2060-08-26 15:30:00,2060,8,23,23,2060,8,26,15,2,3
38_27,37.98,5.59,28,0,0,18,0,534985,535040,MI,101,2061-07-07 12:00:00,2061-07-08 15:30:00,2061,7,7,12,2061,7,8,15,3,6
39_27,27.015,1.95,65.5,0,0,6,0,554492,554622,MI,101,2062-08-17 21:30:00,2062-08-20 14:30:00,2062,8,17,21,2062,8,20,14,2,5
40_27,95.59,6.26,97,0,94.5,24,0,554685,554878,MI,101,2062-08-21 22:00:00,2062-08-25 22:30:00,2062,8,21,22,2062,8,25,22,2,5
41_27,20.88,1.46,67.5,0,0,12,0,571227,571361,MI,101,2063-08-01 13:00:00,2063-08-04 08:00:00,2063,8,1,13,2063,8,4,8,2,3
42_27,28.205,5.04,34.5,0,1.5,42,0,590678,590746,MI,101,2064-09-09 18:30:00,2064-09-11 04:30:00,2064,9,9,18,2064,9,11,4,3,1
43_27,31.605,4.5,32,0,0,24,0,590824,590887,MI,101,2064-09-12 19:30:00,2064-09-14 03:00:00,2064,9,12,19,2064,9,14,3,3,1
44_27,41.455,3.51,41,30,12,0,0,591219,591300,MI,101,2064-09-21 01:00:00,2064-09-22 17:30:00,2064,9,21,1,2064,9,22,17,3,1
45_27,30.74,3.11,39,16.5,22.5,12,0,607591,607668,MI,101,2065-08-28 03:00:00,2065-08-29 17:30:00,2065,8,28,3,2065,8,29,17,2,3
46_27,26.54,3.51,22.5,0,0,18,0,623035,623079,MI,101,2066-07-15 21:00:00,2066-07-16 19:00:00,2066,7,15,21,2066,7,16,19,2,8
47_27,82.79,6.66,69,0,0,36,0,623280,623417,MI,101,2066-07-20 23:30:00,2066-07-23 20:00:00,2066,7,20,23,2066,7,23,20,2,8
48_27,39.815,1.91,69.5,0,8.5,0,0,638755,638893,MI,101,2067-06-08 09:00:00,2067-06-11 06:00:00,2067,6,8,9,2067,6,11,6,2,9
49_27,25.865,2.99,24.5,0,0,0,0,657796,657844,MI,101,2068-07-09 01:30:00,2068-07-10 01:30:00,2068,7,9,1,2068,7,10,1,1,9
50_27,34.225,6.57,43,24.5,10,6,0,676193,676278,MI,101,2069-07-27 08:00:00,2069-07-29 02:30:00,2069,7,27,8,2069,7,29,2,3,7
51_27,56.505,5.04,47,25.5,21.5,30,0,676601,676694,MI,101,2069-08-04 20:00:00,2069-08-06 18:30:00,2069,8,4,20,2069,8,6,18,3,7
52_27,49.735,4.35,38.5,20,18.5,0,0,695661,695737,MI,101,2070-09-05 22:00:00,2070-09-07 12:00:00,2070,9,5,22,2070,9,7,12,2,2
53_27,28.355,3.04,33.5,23.5,10,12,0,712539,712605,MI,101,2071-08-23 13:00:00,2071-08-24 22:00:00,2071,8,23,13,2071,8,24,22,2,6
54_27,32.87,6.91,26.5,0,0,6,0,712898,712950,MI,101,2071-08-31 00:30:00,2071-09-01 02:30:00,2071,8,31,0,2071,9,1,2,2,6
55_27,87.39,10.77,62,31.5,30.5,18,0,729920,730043,MI,101,2072-08-19 15:30:00,2072-08-22 05:00:00,2072,8,19,15,2072,8,22,5,3,8
56_27,69.53,6.46,43.5,27.5,16,0,0,747557,747643,MI,101,2073-08-22 02:00:00,2073-08-23 21:00:00,2073,8,22,2,2073,8,23,21,3,9
57_27,21.78,2.71,35,13.5,21.5,36,0,764700,764769,MI,101,2074-08-14 05:30:00,2074-08-15 16:00:00,2074,8,14,5,2074,8,15,16,2,9
58_27,57.84,3.79,43.5,14,27,24,0,765014,765100,MI,101,2074-08-20 18:30:00,2074-08-22 13:30:00,2074,8,20,18,2074,8,22,13,2,9
59_25,62.14,4.45,94.5,46.5,33.5,0,0,782978,783166,MI,101,2075-08-30 00:30:00,2075-09-02 22:30:00,2075,8,30,0,2075,9,2,22,2,9
60_25,53.825,5.42,48,23,25,42,0,800821,800916,MI,101,2076-09-04 18:00:00,2076-09-06 17:30:00,2076,9,4,18,2076,9,6,17,3,9
61_24,24.855,2.04,54.5,0,0,12,0,820607,820715,MI,101,2077-10-21 23:00:00,2077-10-24 05:00:00,2077,10,21,23,2077,10,24,5,1,2
62_22,41.65,4.6,100,0,0,6,0,820890,821089,MI,101,2077-10-27 20:30:00,2077-11-01 00:00:00,2077,10,27,20,2077,11,1,0,1,2
63_20,26.225,5.1,59.5,0,0,0,0,839765,839883,MI,101,2078-11-25 02:00:00,2078-11-27 13:00:00,2078,11,25,2,2078,11,27,13,1,2
64_18,32.82,1.86,71.5,7.5,39,24,0,851710,851852,MI,101,2079-07-31 22:30:00,2079-08-03 21:30:00,2079,7,31,22,2079,8,3,21,2,6
65_16,51.07,7.31,27.5,0,0,12,0,873250,873304,MI,101,2080-10-22 16:30:00,2080-10-23 19:30:00,2080,10,22,16,2080,10,23,19,1,8
66_16,25.025,3.71,27,0,0,0,0,891176,891229,MI,101,2081-10-31 03:30:00,2081-11-01 06:00:00,2081,10,31,3,2081,11,1,6,3,4
67_14,36.79,3.39,62,21,32,6,0,905576,905699,MI,101,2082-08-27 03:30:00,2082-08-29 17:00:00,2082,8,27,3,2082,8,29,17,3,9
68_12,61.75,5.41,38.5,34.5,4,0,0,906058,906134,MI,101,2082-09-06 04:30:00,2082-09-07 18:30:00,2082,9,6,4,2082,9,7,18,3,9
69_10,140.55,5.47,113,16.5,66.5,12,0,921856,922081,MI,101,2083-08-01 07:30:00,2083-08-06 00:00:00,2083,8,1,7,2083,8,6,0,2,5
70_8,52.9,8.57,26.5,0,18,18,0,941090,941142,MI,101,2084-09-05 00:30:00,2084-09-06 02:30:00,2084,9,5,0,2084,9,6,2,3,9
71_5,27.455,3.31,48.5,0,0,30,0,941263,941359,MI,101,2084-09-08 15:00:00,2084-09-10 15:00:00,2084,9,8,15,2084,9,10,15,3,9
72_3,45.345,3.32,99,0,0,0,0,941607,941804,MI,101,2084-09-15 19:00:00,2084-09-19 21:30:00,2084,9,15,19,2084,9,19,21,3,9
73_2,21.81,1.56,46.5,0,0,0,0,960669,960761,MI,101,2085-10-17 22:00:00,2085-10-19 20:00:00,2085,10,17,22,2085,10,19,20,1,9
74_1,31.3,3.89,23.5,0,0,6,0,961061,961107,MI,101,2085-10-26 02:00:00,2085-10-27 01:00:00,2085,10,26,2,2085,10,27,1,1,9
75_1,39.32,2.67,52,0,0,6,0,976650,976753,MI,101,2086-09-15 20:30:00,2086-09-18 00:00:00,2086,9,15,20,2086,9,18,0,2,10
76_1,23.785,1.87,73.5,0,0,0,0,997119,997265,MI,101,2087-11-16 07:00:00,2087-11-19 08:00:00,2087,11,16,7,2087,11,19,8,3,2
77_1,35.89,2.5,41,0,0,12,0,1012775,1012856,MI,101,2088-10-07 11:00:00,2088-10-09 03:30:00,2088,10,7,11,2088,10,9,3,2,5
78_1,68.835,6.88,110.5,40,62.5,12,0,1026349,1026569,MI,101,2089-07-17 06:00:00,2089-07-21 20:00:00,2089,7,17,6,2089,7,21,20,2,8
79,28.465,2.04,74.5,0,14,0,0,1042234,1042382,MI,101,2090-06-13 04:30:00,2090-06-16 06:30:00,2090,6,13,4,2090,6,16,6,3,6
80,42.665,3.46,62.5,0,0,6,0,1042713,1042837,MI,101,2090-06-23 04:00:00,2090-06-25 18:00:00,2090,6,23,4,2090,6,25,18,3,6
1_28,21.725,4.75,49.5,0,0,0,0,12927,13025,MI,102,2031-09-27 07:00:00,2031-09-29 08:00:00,2031,9,27,7,2031,9,29,8,1,8
2_28,27.825,2.62,60.5,0,0,60,0,29348,29468,MI,102,2032-09-03 09:30:00,2032-09-05 21:30:00,2032,9,3,9,2032,9,5,21,2,6
3_28,42.74,2.76,91.5,24.5,34.5,24,0,29483,29665,MI,102,2032-09-06 05:00:00,2032-09-10 00:00:00,2032,9,6,5,2032,9,10,0,2,6
4_28,53.785,3.84,71.5,12,39.5,54,0,47904,48046,MI,102,2033-09-24 23:30:00,2033-09-27 22:30:00,2033,9,24,23,2033,9,27,22,3,1
5_28,59.08,6.21,26.5,0,0,6,0,63758,63810,MI,102,2034-08-21 06:30:00,2034-08-22 08:30:00,2034,8,21,6,2034,8,22,8,2,8
6_28,64.8,2.15,117.5,0,117.5,0,0,64084,64318,MI,102,2034-08-28 01:30:00,2034-09-01 22:30:00,2034,8,28,1,2034,9,1,22,2,8
7_28,27.795,2.69,27.5,0,0,24,0,83843,83897,MI,102,2035-10-13 17:00:00,2035-10-14 20:00:00,2035,10,13,17,2035,10,14,20,3,1
8_28,62.01,2.79,76.5,0,0,0,0,97667,97819,MI,102,2036-07-27 17:00:00,2036-07-30 21:00:00,2036,7,27,17,2036,7,30,21,2,9
9_28,28.49,5.4,46,0,0,6,0,119437,119528,MI,102,2037-10-24 06:00:00,2037-10-26 03:30:00,2037,10,24,6,2037,10,26,3,1,8
10_28,39.35,8.41,31.5,0,0,0,0,135466,135528,MI,102,2038-09-23 04:30:00,2038-09-24 11:30:00,2038,9,23,4,2038,9,24,11,1,8
11_28,88.175,8.08,62,36,26,18,0,152997,153120,MI,102,2039-09-23 10:00:00,2039-09-25 23:30:00,2039,9,23,10,2039,9,25,23,3,8
12_28,47.405,4.39,63.5,0,51,42,0,169576,169702,MI,102,2040-09-02 19:30:00,2040-09-05 10:30:00,2040,9,2,19,2040,9,5,10,2,6
13_28,57.785,5.14,48,12,36,6,0,187273,187368,MI,102,2041-09-06 12:00:00,2041-09-08 11:30:00,2041,9,6,12,2041,9,8,11,2,8
14_28,83.305,4.3,101.5,26.5,111.5,42,0,187715,187917,MI,102,2041-09-15 17:00:00,2041-09-19 22:00:00,2041,9,15,17,2041,9,19,22,2,8
15_28,34.555,3.6,50.5,0,8.5,36,0,205761,205861,MI,102,2042-09-26 16:00:00,2042-09-28 18:00:00,2042,9,26,16,2042,9,28,18,3,7
16_28,40.8,2.54,66,0,0,0,0,220475,220606,MI,102,2043-07-30 05:00:00,2043-08-01 22:30:00,2043,7,30,5,2043,8,1,22,2,10
17_28,26.065,2.53,32.5,0,0,6,0,239242,239306,MI,102,2044-08-24 04:30:00,2044-08-25 12:30:00,2044,8,24,4,2044,8,25,12,2,1
18_28,62.83,2.4,99,0,54.5,84,0,257660,257857,MI,102,2045-09-11 21:30:00,2045-09-16 00:00:00,2045,9,11,21,2045,9,16,0,2,5
19_28,30.68,4.67,58.5,37.5,21,18,0,274098,274214,MI,102,2046-08-20 08:30:00,2046-08-22 18:30:00,2046,8,20,8,2046,8,22,18,1,7
20_28,165.845,11.3,59,25.5,33.5,12,0,292747,292864,MI,102,2047-09-12 21:00:00,2047-09-15 07:30:00,2047,9,12,21,2047,9,15,7,2,9
21_28,80.885,6.87,50.5,13,37.5,12,0,308927,309027,MI,102,2048-08-14 23:00:00,2048-08-17 01:00:00,2048,8,14,23,2048,8,17,1,3,6
22_28,45.85,4.27,78,13,49,0,0,329319,329474,MI,102,2049-10-13 19:00:00,2049-10-17 00:30:00,2049,10,13,19,2049,10,17,0,3,6
23_28,29.945,2.37,50.5,0,0,0,0,343682,343782,MI,102,2050-08-09 00:30:00,2050-08-11 02:30:00,2050,8,9,0,2050,8,11,2,3,6
24_28,42.98,1.62,100.5,0,0,0,0,358386,358586,MI,102,2051-06-11 08:30:00,2051-06-15 12:30:00,2051,6,11,8,2051,6,15,12,2,6
25_28,38.785,2.32,63.5,32,38.5,42,0,380363,380489,MI,102,2052-09-11 05:00:00,2052-09-13 20:00:00,2052,9,11,5,2052,9,13,20,2,6
26_28,27.775,4.09,55,0,0,30,0,397739,397848,MI,102,2053-09-08 05:00:00,2053-09-10 11:30:00,2053,9,8,5,2053,9,10,11,1,2
27_28,29.24,2.4,61,0,0,24,0,416251,416372,MI,102,2054-09-28 21:00:00,2054-10-01 09:30:00,2054,9,28,21,2054,10,1,9,3,4
28_28,49.55,6.05,50,0,0,18,0,430676,430775,MI,102,2055-07-26 09:30:00,2055-07-28 11:00:00,2055,7,26,9,2055,7,28,11,2,1
29_28,54.615,1.93,84,0,0,36,0,447237,447404,MI,102,2056-07-05 10:00:00,2056-07-08 21:30:00,2056,7,5,10,2056,7,8,21,2,7
30_28,31.905,3.67,38,0,0,18,0,465175,465250,MI,102,2057-07-14 03:00:00,2057-07-15 16:30:00,2057,7,14,3,2057,7,15,16,1,5
31_28,29.265,2.94,37,0,13,0,0,483648,483721,MI,102,2058-08-02 23:30:00,2058-08-04 12:00:00,2058,8,2,23,2058,8,4,12,3,8
32_28,21.605,3.69,34,0,0,24,0,501092,501159,MI,102,2059-08-01 09:30:00,2059-08-02 19:00:00,2059,8,1,9,2059,8,2,19,2,8
33_28,23.445,1.98,34.5,0,0,30,0,501462,501530,MI,102,2059-08-09 02:30:00,2059-08-10 12:30:00,2059,8,9,2,2059,8,10,12,2,8
34_28,20.235,2.41,31,0,0,36,0,501547,501608,MI,102,2059-08-10 21:00:00,2059-08-12 03:30:00,2059,8,10,21,2059,8,12,3,2,8
35_28,50.565,3.31,57,0,0,24,0,519772,519885,MI,102,2060-08-24 13:30:00,2060-08-26 22:00:00,2060,8,24,13,2060,8,26,22,2,1
36_28,76.415,3.57,77.5,0,0,24,0,539855,540009,MI,102,2061-10-16 23:00:00,2061-10-20 04:00:00,2061,10,16,23,2061,10,20,4,2,8
37_28,51.57,7.08,49.5,30,19.5,18,0,555011,555109,MI,102,2062-08-28 17:00:00,2062-08-30 18:00:00,2062,8,28,17,2062,8,30,18,1,9
38_28,45.635,3.69,26,0,0,24,0,572630,572681,MI,102,2063-08-30 18:30:00,2063-08-31 20:00:00,2063,8,30,18,2063,8,31,20,3,6
39_28,33.32,3.2,86,0,0,0,0,594368,594539,MI,102,2064-11-25 15:30:00,2064-11-29 05:00:00,2064,11,25,15,2064,11,29,5,3,2
40_28,55.635,2.66,112,0,0,30,0,606201,606424,MI,102,2065-07-30 04:00:00,2065-08-03 19:30:00,2065,7,30,4,2065,8,3,19,2,3
41_28,35.09,2.68,30.5,0,0,24,0,626085,626145,MI,102,2066-09-17 10:00:00,2066-09-18 16:00:00,2066,9,17,10,2066,9,18,16,3,3
42_28,33.935,4.41,36,0,0,18,0,644503,644574,MI,102,2067-10-06 03:00:00,2067-10-07 14:30:00,2067,10,6,3,2067,10,7,14,1,2
43_28,90.46,11.9,76.5,22,49.5,6,0,659935,660087,MI,102,2068-08-22 15:00:00,2068-08-25 19:00:00,2068,8,22,15,2068,8,25,19,1,6
44_28,26.775,4.96,41.5,0,0,12,0,678182,678264,MI,102,2069-09-06 18:30:00,2069-09-08 11:30:00,2069,9,6,18,2069,9,8,11,1,2
45_28,43.11,7.03,33,0,0,6,0,678547,678612,MI,102,2069-09-14 09:00:00,2069-09-15 17:30:00,2069,9,14,9,2069,9,15,17,1,2
46_28,91.72,3.27,102.5,94,8.5,24,0,697669,697873,MI,102,2070-10-17 18:00:00,2070-10-22 00:00:00,2070,10,17,18,2070,10,22,0,2,9
47_28,78.48,4.15,97.5,23.5,49,0,0,730921,731115,MI,102,2072-09-09 12:00:00,2072-09-13 13:00:00,2072,9,9,12,2072,9,13,13,2,9
48_28,23.405,3.65,35.5,0,0,18,0,750756,750826,MI,102,2073-10-27 17:30:00,2073-10-29 04:30:00,2073,10,27,17,2073,10,29,4,2,4
49_28,44.005,3.06,117.5,0,0,0,0,751159,751393,MI,102,2073-11-05 03:00:00,2073-11-10 00:00:00,2073,11,5,3,2073,11,10,0,2,4
50_28,26.41,1.59,64,0,48.5,30,0,766096,766223,MI,102,2074-09-12 07:30:00,2074-09-14 23:00:00,2074,9,12,7,2074,9,14,23,2,6
51_28,21.055,2.68,23.5,0,0,18,0,766493,766539,MI,102,2074-09-20 14:00:00,2074-09-21 13:00:00,2074,9,20,14,2074,9,21,13,2,6
52_28,47.285,6.24,51,0,0,24,0,766590,766691,MI,102,2074-09-22 14:30:00,2074-09-24 17:00:00,2074,9,22,14,2074,9,24,17,2,6
53_28,80.96,4.86,76.5,0,0,18,0,782248,782400,MI,102,2075-08-14 19:30:00,2075-08-17 23:30:00,2075,8,14,19,2075,8,17,23,2,6
54_28,86.45,11.81,41.5,21.5,20,6,0,818055,818137,MI,102,2077-08-29 19:00:00,2077-08-31 12:00:00,2077,8,29,19,2077,8,31,12,1,6
55_28,83.015,8.14,109.5,0,0,0,0,834643,834861,MI,102,2078-08-10 09:00:00,2078-08-14 22:00:00,2078,8,10,9,2078,8,14,22,3,6
56_28,52.15,7.83,20.5,0,0,0,0,834949,834989,MI,102,2078-08-16 18:00:00,2078-08-17 14:00:00,2078,8,16,18,2078,8,17,14,3,6
57_28,24.74,4.42,85.5,0,0,18,0,855884,856054,MI,102,2079-10-26 21:30:00,2079-10-30 10:30:00,2079,10,26,21,2079,10,30,10,1,8
58_28,21.325,1.98,38.5,0,0,18,0,871318,871394,MI,102,2080-09-12 10:30:00,2080-09-14 00:30:00,2080,9,12,10,2080,9,14,0,1,6
59_26,56.835,8.7,31,16.5,14.5,12,0,871526,871587,MI,102,2080-09-16 18:30:00,2080-09-18 01:00:00,2080,9,16,18,2080,9,18,1,1,6
60_26,36.035,4.38,78,1,12.5,24,0,890284,890439,MI,102,2081-10-12 13:30:00,2081-10-15 19:00:00,2081,10,12,13,2081,10,15,19,1,2
61_25,29.87,4.23,26.5,0,0,24,0,906007,906059,MI,102,2082-09-05 03:00:00,2082-09-06 05:00:00,2082,9,5,3,2082,9,6,5,1,7
62_23,48.255,8.42,36.5,0,0,0,0,906542,906614,MI,102,2082-09-16 06:30:00,2082-09-17 18:30:00,2082,9,16,6,2082,9,17,18,1,7
63_21,27.89,4.49,21.5,0,0,0,0,921331,921373,MI,102,2083-07-21 09:00:00,2083-07-22 06:00:00,2083,7,21,9,2083,7,22,6,1,1
64_19,21.845,1.64,28,0,0,0,0,944663,944718,MI,102,2084-11-18 11:00:00,2084-11-19 14:30:00,2084,11,18,11,2084,11,19,14,2,6
65_17,36.85,2.23,74,0,0,12,0,957508,957655,MI,102,2085-08-13 01:30:00,2085-08-16 03:00:00,2085,8,13,1,2085,8,16,3,2,8
66_17,24.11,2.15,43.5,0,0,36,0,975937,976023,MI,102,2086-09-01 00:00:00,2086-09-02 19:00:00,2086,9,1,0,2086,9,2,19,2,6
67_15,32.86,5.48,32,0,0,6,0,995315,995378,MI,102,2087-10-09 17:00:00,2087-10-11 00:30:00,2087,10,9,17,2087,10,11,0,1,8
68_13,37.555,3.09,45.5,0,0,18,0,1010697,1010787,MI,102,2088-08-25 04:00:00,2088-08-27 01:00:00,2088,8,25,4,2088,8,27,1,2,9
69_11,49.85,4.21,72,6.5,40,12,0,1028802,1028945,MI,102,2089-09-06 08:30:00,2089-09-09 08:00:00,2089,9,6,8,2089,9,9,8,1,9
70_9,31.23,3.74,26,14,12,0,0,1029177,1029228,MI,102,2089-09-14 04:00:00,2089-09-15 05:30:00,2089,9,14,4,2089,9,15,5,1,9
1_29,107.485,9.57,52.5,20.5,27.5,-999,0,12117,12221,MI,103,2031-09-10 10:00:00,2031-09-12 14:00:00,2031,9,10,10,2031,9,12,14,3,1
2_29,40.935,3.39,95,37.5,92,-999,0,28712,28901,MI,103,2032-08-21 03:30:00,2032-08-25 02:00:00,2032,8,21,3,2032,8,25,2,1,10
3_29,51.64,5.51,70.5,44.5,26,-999,0,47239,47379,MI,103,2033-09-11 03:00:00,2033-09-14 01:00:00,2033,9,11,3,2033,9,14,1,3,2
4_29,21.955,2.49,28,0,0,-999,0,62128,62183,MI,103,2034-07-18 07:30:00,2034-07-19 11:00:00,2034,7,18,7,2034,7,19,11,1,3
5_29,29.445,7.45,65.5,0,0,-999,0,79921,80051,MI,103,2035-07-24 00:00:00,2035-07-26 17:00:00,2035,7,24,0,2035,7,26,17,1,9
6_29,28.775,3.4,42.5,0,0,-999,0,100486,100570,MI,103,2036-09-24 10:30:00,2036-09-26 04:30:00,2036,9,24,10,2036,9,26,4,2,9
7_29,87.765,5.13,49.5,0,0,-999,0,100816,100914,MI,103,2036-10-01 07:30:00,2036-10-03 08:30:00,2036,10,1,7,2036,10,3,8,2,9
8_29,48.185,1.92,95.5,0,14.5,-999,0,117818,118008,MI,103,2037-09-20 12:30:00,2037-09-24 11:30:00,2037,9,20,12,2037,9,24,11,1,9
9_29,68.4,8.51,35,17,18,-999,0,118316,118385,MI,103,2037-09-30 21:30:00,2037-10-02 08:00:00,2037,9,30,21,2037,10,2,8,1,9
10_29,22.23,3.07,19,0,0,-999,0,152834,152871,MI,103,2039-09-20 00:30:00,2039-09-20 19:00:00,2039,9,20,0,2039,9,20,19,1,9
11_29,42.46,5.95,59.5,0,13.5,-999,0,153365,153483,MI,103,2039-10-01 02:00:00,2039-10-03 13:00:00,2039,10,1,2,2039,10,3,13,1,9
12_29,20.88,3.99,47,0,0,-999,0,167881,167974,MI,103,2040-07-29 12:00:00,2040-07-31 10:30:00,2040,7,29,12,2040,7,31,10,3,3
13_29,21.16,2.37,22,0,0,-999,0,168270,168313,MI,103,2040-08-06 14:30:00,2040-08-07 12:00:00,2040,8,6,14,2040,8,7,12,3,3
14_29,34.715,5.36,56,0,0,-999,0,186632,186743,MI,103,2041-08-24 03:30:00,2041-08-26 11:00:00,2041,8,24,3,2041,8,26,11,1,8
15_29,126.315,14.74,99.5,0,0,-999,0,187109,187307,MI,103,2041-09-03 02:00:00,2041-09-07 05:00:00,2041,9,3,2,2041,9,7,5,1,8
16_29,43.17,2.1,60.5,0,0,-999,0,207185,207305,MI,103,2042-10-26 08:00:00,2042-10-28 20:00:00,2042,10,26,8,2042,10,28,20,2,10
17_29,30.72,4,80,0,0,-999,0,225696,225855,MI,103,2043-11-15 23:30:00,2043-11-19 07:00:00,2043,11,15,23,2043,11,19,7,1,4
18_29,38.475,3.65,42,0,0,-999,0,237085,237168,MI,103,2044-07-10 06:00:00,2044-07-11 23:30:00,2044,7,10,6,2044,7,11,23,3,6
19_29,22.395,1.26,56.5,0,0,-999,0,258141,258253,MI,103,2045-09-21 22:00:00,2045-09-24 06:00:00,2045,9,21,22,2045,9,24,6,2,6
20_29,58.755,4.97,78,0,0,-999,0,258500,258655,MI,103,2045-09-29 09:30:00,2045-10-02 15:00:00,2045,9,29,9,2045,10,2,15,2,6
21_29,77.315,9.55,71.5,1,16.5,-999,0,274623,274765,MI,103,2046-08-31 07:00:00,2046-09-03 06:00:00,2046,8,31,7,2046,9,3,6,3,9
22_29,109.41,4.23,64.5,2.5,14,-999,0,293394,293522,MI,103,2047-09-26 08:30:00,2047-09-29 00:30:00,2047,9,26,8,2047,9,29,0,2,2
23_29,21.355,2.88,19,0,0,-999,0,309779,309816,MI,103,2048-09-01 17:00:00,2048-09-02 11:30:00,2048,9,1,17,2048,9,2,11,2,5
24_29,35.275,4.01,39,0,0,-999,0,309970,310047,MI,103,2048-09-05 16:30:00,2048-09-07 07:00:00,2048,9,5,16,2048,9,7,7,2,5
25_29,40.175,3.79,44,0,0,-999,0,310103,310190,MI,103,2048-09-08 11:00:00,2048-09-10 06:30:00,2048,9,8,11,2048,9,10,6,2,5
26_29,29.405,3.5,19,0,0,-999,0,329136,329173,MI,103,2049-10-09 23:30:00,2049-10-10 18:00:00,2049,10,9,23,2049,10,10,18,3,2
27_29,55.675,5.8,64.5,0,0,-999,0,345123,345251,MI,103,2050-09-08 01:00:00,2050-09-10 17:00:00,2050,9,8,1,2050,9,10,17,2,1
28_29,82.94,4.77,65.5,0,0,-999,0,345620,345750,MI,103,2050-09-18 09:30:00,2050-09-21 02:30:00,2050,9,18,9,2050,9,21,2,2,1
29_29,43.07,7.21,49,30,17.5,-999,0,362943,363040,MI,103,2051-09-14 07:00:00,2051-09-16 07:30:00,2051,9,14,7,2051,9,16,7,1,6
30_29,23.47,3.44,100.5,0,0,-999,0,382025,382225,MI,103,2052-10-15 20:00:00,2052-10-20 00:00:00,2052,10,15,20,2052,10,20,0,3,8
31_29,48.12,3.93,52,0,0,-999,0,397220,397323,MI,103,2053-08-28 09:30:00,2053-08-30 13:00:00,2053,8,28,9,2053,8,30,13,2,6
32_29,77.225,13.8,44,0,21.5,-999,0,414607,414694,MI,103,2054-08-25 15:00:00,2054-08-27 10:30:00,2054,8,25,15,2054,8,27,10,1,8
33_29,46.285,6.84,20.5,0,0,-999,0,434963,435003,MI,103,2055-10-23 17:00:00,2055-10-24 13:00:00,2055,10,23,17,2055,10,24,13,3,2
34_29,31.405,4.03,34,0,0,-999,0,435348,435415,MI,103,2055-10-31 17:30:00,2055-11-02 03:00:00,2055,10,31,17,2055,11,2,3,3,2
35_29,55.71,5.1,37,0,0,-999,0,451051,451124,MI,103,2056-09-22 21:00:00,2056-09-24 09:30:00,2056,9,22,21,2056,9,24,9,2,2
36_29,58.355,9.06,25,0,0,-999,0,469230,469279,MI,103,2057-10-06 14:30:00,2057-10-07 15:00:00,2057,10,6,14,2057,10,7,15,1,8
37_29,70.375,5.94,86.5,0,0,-999,0,482031,482203,MI,103,2058-06-30 07:00:00,2058-07-03 21:00:00,2058,6,30,7,2058,7,3,21,3,6
38_29,48.7,9.82,26.5,21.5,5,-999,0,501863,501915,MI,103,2059-08-17 11:00:00,2059-08-18 13:00:00,2059,8,17,11,2059,8,18,13,1,9
39_29,53.845,4.62,80.5,21,34.5,-999,0,520871,521031,MI,103,2060-09-16 11:00:00,2060-09-19 19:00:00,2060,9,16,11,2060,9,19,19,3,8
40_29,20.975,3.06,31.5,0,0,-999,0,536608,536670,MI,103,2061-08-10 07:30:00,2061-08-11 14:30:00,2061,8,10,7,2061,8,11,14,2,8
41_29,31.425,2.76,48.5,0,0,-999,0,536962,537058,MI,103,2061-08-17 16:30:00,2061-08-19 16:30:00,2061,8,17,16,2061,8,19,16,2,8
42_29,26.135,2.45,25,2,23,-999,0,554982,555031,MI,103,2062-08-28 02:30:00,2062-08-29 03:00:00,2062,8,28,2,2062,8,29,3,2,8
43_29,104.48,7.04,70,0,16.5,-999,0,590123,590262,MI,103,2064-08-29 05:00:00,2064-09-01 02:30:00,2064,8,29,5,2064,9,1,2,2,6
44_29,31.535,4.03,69,0,0,-999,0,606947,607084,MI,103,2065-08-14 17:00:00,2065-08-17 13:30:00,2065,8,14,17,2065,8,17,13,1,10
45_29,36.38,6.69,34,0,0,-999,0,607268,607335,MI,103,2065-08-21 09:30:00,2065-08-22 19:00:00,2065,8,21,9,2065,8,22,19,1,10
46_29,42.965,2.48,71.5,0,0,-999,0,626030,626172,MI,103,2066-09-16 06:30:00,2066-09-19 05:30:00,2066,9,16,6,2066,9,19,5,1,5
47_29,29.26,4.91,23,0,0,-999,0,626534,626579,MI,103,2066-09-26 18:30:00,2066-09-27 17:00:00,2066,9,26,18,2066,9,27,17,1,5
48_29,22.365,1.92,53.5,0,0,-999,0,639506,639612,MI,103,2067-06-24 00:30:00,2067-06-26 05:30:00,2067,6,24,0,2067,6,26,5,3,7
49_29,21.33,3.28,39.5,0,0,-999,0,639993,640071,MI,103,2067-07-04 04:00:00,2067-07-05 19:00:00,2067,7,4,4,2067,7,5,19,3,7
50_29,22.54,3.3,37.5,0,0,-999,0,659125,659199,MI,103,2068-08-05 18:00:00,2068-08-07 07:00:00,2068,8,5,18,2068,8,7,7,1,7
51_29,21.515,1.83,56.5,0,0,-999,0,676439,676551,MI,103,2069-08-01 11:00:00,2069-08-03 19:00:00,2069,8,1,11,2069,8,3,19,1,9
52_29,35.22,6.38,31,29,2,-999,0,676850,676911,MI,103,2069-08-10 00:30:00,2069-08-11 07:00:00,2069,8,10,0,2069,8,11,7,1,9
53_29,40.535,4.44,35.5,24,11.5,-999,0,693333,693403,MI,103,2070-07-19 10:00:00,2070-07-20 21:00:00,2070,7,19,10,2070,7,20,21,3,5
54_29,50.53,3.84,45,14,30,-999,0,714427,714516,MI,103,2071-10-01 21:00:00,2071-10-03 17:30:00,2071,10,1,21,2071,10,3,17,3,9
55_29,85.68,5.25,68.5,26,40,-999,0,730604,730740,MI,103,2072-09-02 21:30:00,2072-09-05 17:30:00,2072,9,2,21,2072,9,5,17,2,6
56_29,42.845,5.97,30,25.5,4.5,-999,0,747787,747846,MI,103,2073-08-26 21:00:00,2073-08-28 02:30:00,2073,8,26,21,2073,8,28,2,3,9
57_29,84.825,8.59,55,29.5,25.5,-999,0,748356,748465,MI,103,2073-09-07 17:30:00,2073-09-10 00:00:00,2073,9,7,17,2073,9,10,0,3,9
58_29,47.44,4.04,98.5,0,24.5,-999,0,766178,766374,MI,103,2074-09-14 00:30:00,2074-09-18 02:30:00,2074,9,14,0,2074,9,18,2,3,9
59_27,26.28,2.3,36.5,17,19,-999,0,766502,766574,MI,103,2074-09-20 18:30:00,2074-09-22 06:30:00,2074,9,20,18,2074,9,22,6,3,9
60_27,65.015,6.01,43.5,24.5,19,-999,0,766690,766776,MI,103,2074-09-24 16:30:00,2074-09-26 11:30:00,2074,9,24,16,2074,9,26,11,3,9
61_26,40.105,4.08,34.5,13,21.5,-999,0,782912,782980,MI,103,2075-08-28 15:30:00,2075-08-30 01:30:00,2075,8,28,15,2075,8,30,1,3,8
62_24,130.69,6.16,110.5,0,0,-999,0,802688,802908,MI,103,2076-10-13 15:30:00,2076-10-18 05:30:00,2076,10,13,15,2076,10,18,5,2,2
63_22,136.9,5.79,142.5,0,28.5,-999,0,817764,818048,MI,103,2077-08-23 17:30:00,2077-08-29 15:30:00,2077,8,23,17,2077,8,29,15,2,1
64_20,85.31,4.77,92.5,0,7,-999,0,853740,853924,MI,103,2079-09-12 05:30:00,2079-09-16 01:30:00,2079,9,12,5,2079,9,16,1,2,8
65_18,29.68,5.47,24.5,0,0,-999,0,869632,869680,MI,103,2080-08-08 07:30:00,2080-08-09 07:30:00,2080,8,8,7,2080,8,9,7,1,8
66_18,50.705,5.46,43.5,43.5,0,-999,0,887549,887635,MI,103,2081-08-16 14:00:00,2081-08-18 09:00:00,2081,8,16,14,2081,8,18,9,3,8
67_16,54.155,9.16,38,19,19,-999,0,904980,905055,MI,103,2082-08-14 17:30:00,2082-08-16 07:00:00,2082,8,14,17,2082,8,16,7,1,6
68_14,50.8,2.65,68.5,0,0,-999,0,920217,920353,MI,103,2083-06-28 04:00:00,2083-07-01 00:00:00,2083,6,28,4,2083,7,1,0,2,9
69_12,32.175,3.05,53.5,0,0,-999,0,937858,937964,MI,103,2084-06-29 16:30:00,2084-07-01 21:30:00,2084,6,29,16,2084,7,1,21,3,10
70_10,44.035,5.3,29.5,0,0,-999,0,959179,959237,MI,103,2085-09-16 21:00:00,2085-09-18 02:00:00,2085,9,16,21,2085,9,18,2,1,10
71_6,107.415,7.27,103,35.5,67,-999,0,973332,973537,MI,103,2086-07-08 17:30:00,2086-07-13 00:00:00,2086,7,8,17,2086,7,13,0,3,9
72_4,75.975,2.67,120,0,0,-999,0,995042,995281,MI,103,2087-10-04 00:30:00,2087-10-09 00:00:00,2087,10,4,0,2087,10,9,0,2,10
73_3,56.585,8.37,96,0,0,-999,0,1010662,1010853,MI,103,2088-08-24 10:30:00,2088-08-28 10:00:00,2088,8,24,10,2088,8,28,10,1,5
74_2,25.495,8.89,54,0,0,-999,0,1027820,1027927,MI,103,2089-08-16 21:30:00,2089-08-19 03:00:00,2089,8,16,21,2089,8,19,3,2,1
75_2,93.72,4.96,83.5,0,0,-999,0,1027947,1028113,MI,103,2089-08-19 13:00:00,2089-08-23 00:00:00,2089,8,19,13,2089,8,23,0,2,1
1_30,22.27,1.66,35.5,19,16.5,-999,0,11779,11849,MI,104,2031-09-03 09:00:00,2031-09-04 20:00:00,2031,9,3,9,2031,9,4,20,3,6
2_30,41.125,5.75,18,4,5.5,-999,0,12007,12042,MI,104,2031-09-08 03:00:00,2031-09-08 20:30:00,2031,9,8,3,2031,9,8,20,3,6
3_30,44.58,1.92,66.5,0,0,-999,0,29056,29188,MI,104,2032-08-28 07:30:00,2032-08-31 01:30:00,2032,8,28,7,2032,8,31,1,2,9
4_30,44.36,7.25,39,18,24,-999,0,62952,63029,MI,104,2034-08-04 11:30:00,2034-08-06 02:00:00,2034,8,4,11,2034,8,6,2,2,9
5_30,104.4,4.57,91.5,0,0,-999,0,63201,63383,MI,104,2034-08-09 16:00:00,2034-08-13 11:00:00,2034,8,9,16,2034,8,13,11,2,9
6_30,51.175,8.46,39.5,32,7.5,-999,0,97058,97136,MI,104,2036-07-15 00:30:00,2036-07-16 15:30:00,2036,7,15,0,2036,7,16,15,1,5
7_30,38.665,6.52,35,16,19,-999,0,117416,117485,MI,104,2037-09-12 03:30:00,2037-09-13 14:00:00,2037,9,12,3,2037,9,13,14,1,9
8_30,26.705,1.58,115,0,0,-999,0,132868,133097,MI,104,2038-07-31 01:30:00,2038-08-04 20:00:00,2038,7,31,1,2038,8,4,20,2,1
9_30,55.215,5.71,51.5,24.5,27,-999,0,151699,151801,MI,104,2039-08-27 09:00:00,2039-08-29 12:00:00,2039,8,27,9,2039,8,29,12,1,5
10_30,64.475,8.7,53,13.5,29,-999,0,152025,152130,MI,104,2039-09-03 04:00:00,2039-09-05 08:30:00,2039,9,3,4,2039,9,5,8,1,5
11_30,24.755,3.27,26.5,0,0,-999,0,167282,167334,MI,104,2040-07-17 00:30:00,2040-07-18 02:30:00,2040,7,17,0,2040,7,18,2,3,10
12_30,24.72,2.33,81,0,0,-999,0,167457,167618,MI,104,2040-07-20 16:00:00,2040-07-24 00:30:00,2040,7,20,16,2040,7,24,0,3,10
13_30,138.26,8.03,82,38.5,38.5,-999,0,186878,187041,MI,104,2041-08-29 06:30:00,2041-09-01 16:00:00,2041,8,29,6,2041,9,1,16,2,9
14_30,42.095,2.23,38,0,0,-999,0,204790,204865,MI,104,2042-09-06 10:30:00,2042-09-08 00:00:00,2042,9,6,10,2042,9,8,0,2,6
15_30,24.495,3.18,32,0,0,-999,0,222616,222679,MI,104,2043-09-12 19:30:00,2043-09-14 03:00:00,2043,9,12,19,2043,9,14,3,1,2
16_30,57.885,4.41,40.5,0,0,-999,0,239787,239867,MI,104,2044-09-04 13:00:00,2044-09-06 05:00:00,2044,9,4,13,2044,9,6,5,3,6
17_30,21.675,1.8,31,17.5,13.5,-999,0,258256,258317,MI,104,2045-09-24 07:30:00,2045-09-25 14:00:00,2045,9,24,7,2045,9,25,14,3,1
18_30,40.635,3.68,36,0,0,-999,0,258827,258898,MI,104,2045-10-06 05:00:00,2045-10-07 16:30:00,2045,10,6,5,2045,10,7,16,3,1
19_30,51.85,6.71,71.5,25.5,29.5,-999,0,277095,277237,MI,104,2046-10-21 19:00:00,2046-10-24 18:00:00,2046,10,21,19,2046,10,24,18,2,8
20_30,79.66,4.08,95.5,20.5,32.5,-999,0,277407,277597,MI,104,2046-10-28 07:00:00,2046-11-01 06:00:00,2046,10,28,7,2046,11,1,6,2,8
21_30,35.49,4.57,83.5,0,0,-999,0,295663,295829,MI,104,2047-11-12 15:00:00,2047-11-16 02:00:00,2047,11,12,15,2047,11,16,2,1,9
22_30,25.095,3.72,23.5,0,0,-999,0,308915,308961,MI,104,2048-08-14 17:00:00,2048-08-15 16:00:00,2048,8,14,17,2048,8,15,16,1,8
23_30,32.375,3.43,27,0,0,-999,0,329270,329323,MI,104,2049-10-12 18:30:00,2049-10-13 21:00:00,2049,10,12,18,2049,10,13,21,1,9
24_30,37.045,6.96,29,0,0,-999,0,344108,344165,MI,104,2050-08-17 21:30:00,2050-08-19 02:00:00,2050,8,17,21,2050,8,19,2,1,10
25_30,39.22,4.82,34.5,0,0,-999,0,344404,344472,MI,104,2050-08-24 01:30:00,2050-08-25 11:30:00,2050,8,24,1,2050,8,25,11,1,10
26_30,20.59,1.22,54.5,0,0,-999,0,344487,344595,MI,104,2050-08-25 19:00:00,2050-08-28 01:00:00,2050,8,25,19,2050,8,28,1,1,10
27_30,50.415,5.63,62.5,0,0,-999,0,360453,360577,MI,104,2051-07-24 10:00:00,2051-07-27 00:00:00,2051,7,24,10,2051,7,27,0,1,9
28_30,36.31,4.07,61,0,61,-999,0,379597,379718,MI,104,2052-08-26 06:00:00,2052-08-28 18:30:00,2052,8,26,6,2052,8,28,18,1,10
29_30,61.595,7.88,48.5,0,0,-999,0,398806,398902,MI,104,2053-09-30 10:30:00,2053-10-02 10:30:00,2053,9,30,10,2053,10,2,10,1,5
30_30,83.19,4.51,89.5,0,64,-999,0,412960,413138,MI,104,2054-07-22 07:30:00,2054-07-26 00:30:00,2054,7,22,7,2054,7,26,0,2,9
31_30,55.345,8.35,28,0,0,-999,0,431564,431619,MI,104,2055-08-13 21:30:00,2055-08-15 01:00:00,2055,8,13,21,2055,8,15,1,1,2
32_30,37.725,3.17,30.5,0,0,-999,0,449286,449346,MI,104,2056-08-17 02:30:00,2056-08-18 08:30:00,2056,8,17,2,2056,8,18,8,2,7
33_30,91.49,3.66,106.5,0,0,-999,0,465257,465469,MI,104,2057-07-15 20:00:00,2057-07-20 06:00:00,2057,7,15,20,2057,7,20,6,2,7
34_30,44.965,7.83,22.5,15,7.5,-999,0,484198,484242,MI,104,2058-08-14 10:30:00,2058-08-15 08:30:00,2058,8,14,10,2058,8,15,8,1,6
35_30,42.24,6.88,18,0,0,-999,0,504604,504639,MI,104,2059-10-13 13:30:00,2059-10-14 07:00:00,2059,10,13,13,2059,10,14,7,1,5
36_30,42.44,3.31,53,0,0,-999,0,519851,519956,MI,104,2060-08-26 05:00:00,2060-08-28 09:30:00,2060,8,26,5,2060,8,28,9,3,9
37_30,51.815,3.93,36,0,0,-999,0,520371,520442,MI,104,2060-09-06 01:00:00,2060-09-07 12:30:00,2060,9,6,1,2060,9,7,12,3,9
38_30,42.09,2.78,70.5,0,0,-999,0,537280,537420,MI,104,2061-08-24 07:30:00,2061-08-27 05:30:00,2061,8,24,7,2061,8,27,5,2,5
39_30,32.335,3.23,91.5,0,0,-999,0,555987,556169,MI,104,2062-09-18 01:00:00,2062-09-21 20:00:00,2062,9,18,1,2062,9,21,20,1,9
40_30,23.035,2.43,53,0,0,-999,0,576472,576577,MI,104,2063-11-18 19:30:00,2063-11-21 00:00:00,2063,11,18,19,2063,11,21,0,3,2
41_30,96.195,3.9,80,8,39.5,-999,0,590113,590272,MI,104,2064-08-29 00:00:00,2064-09-01 07:30:00,2064,8,29,0,2064,9,1,7,2,6
42_30,23.525,3.74,19,0,0,-999,0,611833,611870,MI,104,2065-11-24 12:00:00,2065-11-25 06:30:00,2065,11,24,12,2065,11,25,6,1,2
43_30,84.09,8.68,45.5,18,27.5,-999,0,625032,625122,MI,104,2066-08-26 11:30:00,2066-08-28 08:30:00,2066,8,26,11,2066,8,28,8,3,9
44_30,39.445,3.3,31,0,0,-999,0,643893,643954,MI,104,2067-09-23 10:00:00,2067-09-24 16:30:00,2067,9,23,10,2067,9,24,16,3,8
45_30,36.59,1.44,92,0,0,-999,0,657271,657454,MI,104,2068-06-28 03:00:00,2068-07-01 22:30:00,2068,6,28,3,2068,7,1,22,2,6
46_30,23.645,4.41,48,0,48,-999,0,673780,673875,MI,104,2069-06-07 01:30:00,2069-06-09 01:00:00,2069,6,7,1,2069,6,9,1,1,6
47_30,26.07,3.23,51,0,0,-999,0,699437,699538,MI,104,2070-11-23 14:00:00,2070-11-25 16:30:00,2070,11,23,14,2070,11,25,16,1,8
48_30,50.66,4.16,46,0,0,-999,0,712348,712439,MI,104,2071-08-19 13:30:00,2071-08-21 11:00:00,2071,8,19,13,2071,8,21,11,3,5
49_30,42.525,6.72,37,16,21,-999,0,730239,730312,MI,104,2072-08-26 07:00:00,2072-08-27 19:30:00,2072,8,26,7,2072,8,27,19,1,5
50_30,33.675,6.94,32.5,0,0,-999,0,730613,730677,MI,104,2072-09-03 02:00:00,2072-09-04 10:00:00,2072,9,3,2,2072,9,4,10,1,5
51_30,72.12,3.7,53.5,17,24.5,-999,0,750024,750130,MI,104,2073-10-12 11:30:00,2073-10-14 16:30:00,2073,10,12,11,2073,10,14,16,2,6
52_30,47.77,8.33,29.5,0,0,-999,0,766357,766415,MI,104,2074-09-17 18:00:00,2074-09-18 23:00:00,2074,9,17,18,2074,9,18,23,1,6
53_30,21.435,3.34,16,0,0,-999,0,785705,785736,MI,104,2075-10-25 20:00:00,2075-10-26 11:30:00,2075,10,25,20,2075,10,26,11,1,2
54_30,33.97,4.78,85,0,0,-999,0,804063,804232,MI,104,2076-11-11 07:00:00,2076-11-14 19:30:00,2076,11,11,7,2076,11,14,19,1,9
55_30,33.665,3.62,96,0,0,-999,0,804320,804511,MI,104,2076-11-16 15:30:00,2076-11-20 15:00:00,2076,11,16,15,2076,11,20,15,1,9
56_30,38.41,1.88,59,0,59,-999,0,815863,815980,MI,104,2077-07-15 03:00:00,2077-07-17 13:30:00,2077,7,15,3,2077,7,17,13,1,8
57_30,20.24,3.37,37,0,0,-999,0,816110,816183,MI,104,2077-07-20 06:30:00,2077-07-21 19:00:00,2077,7,20,6,2077,7,21,19,1,8
58_30,60.855,8.3,68,29.5,26,-999,0,816212,816347,MI,104,2077-07-22 09:30:00,2077-07-25 05:00:00,2077,7,22,9,2077,7,25,5,1,8
59_28,40.45,6.82,65,0,0,-999,0,837493,837622,MI,104,2078-10-08 18:00:00,2078-10-11 10:30:00,2078,10,8,18,2078,10,11,10,1,4
60_28,32.94,3.47,41,0,6.5,-999,0,855057,855138,MI,104,2079-10-09 16:00:00,2079-10-11 08:30:00,2079,10,9,16,2079,10,11,8,1,9
61_27,20.755,1.33,53,0,0,-999,0,872867,872972,MI,104,2080-10-14 17:00:00,2080-10-16 21:30:00,2080,10,14,17,2080,10,16,21,2,6
62_25,43.04,4.75,38.5,0,0,-999,0,886774,886850,MI,104,2081-07-31 10:30:00,2081-08-02 00:30:00,2081,7,31,10,2081,8,2,0,3,9
63_23,30.56,3.18,32.5,0,0,-999,0,901767,901831,MI,104,2082-06-08 19:00:00,2082-06-10 03:00:00,2082,6,8,19,2082,6,10,3,3,6
64_21,38.155,3.58,65,0,0,-999,0,922761,922890,MI,104,2083-08-20 04:00:00,2083-08-22 20:30:00,2083,8,20,4,2083,8,22,20,3,9
65_19,27.175,5.44,52.5,0,0,-999,0,943550,943654,MI,104,2084-10-26 06:30:00,2084-10-28 10:30:00,2084,10,26,6,2084,10,28,10,1,5
66_19,38.53,8.79,13,0,0,-999,0,960783,960808,MI,104,2085-10-20 07:00:00,2085-10-20 19:30:00,2085,10,20,7,2085,10,20,19,3,8
67_17,37.41,3.17,79.5,0,0,-999,0,961126,961284,MI,104,2085-10-27 10:30:00,2085-10-30 17:30:00,2085,10,27,10,2085,10,30,17,3,8
68_15,26.36,3.77,31.5,0,0,-999,0,978503,978565,MI,104,2086-10-24 11:00:00,2086-10-25 18:00:00,2086,10,24,11,2086,10,25,18,1,2
69_13,36.325,4.49,76.5,0,0,-999,0,996663,996815,MI,104,2087-11-06 19:00:00,2087-11-09 23:00:00,2087,11,6,19,2087,11,9,23,1,9
70_11,45.95,8.77,86,0,0,-999,0,997079,997250,MI,104,2087-11-15 11:00:00,2087-11-19 00:30:00,2087,11,15,11,2087,11,19,0,1,9
71_7,27.865,3.11,47.5,0,0,-999,0,1011012,1011106,MI,104,2088-08-31 17:30:00,2088-09-02 16:30:00,2088,8,31,17,2088,9,2,16,1,9
72_5,68.27,12.53,26.5,0,18,-999,0,1028450,1028502,MI,104,2089-08-30 00:30:00,2089-08-31 02:30:00,2089,8,30,0,2089,8,31,2,1,5
73_4,32.405,1.49,42,0,0,-999,0,1048178,1048261,MI,104,2090-10-15 00:30:00,2090-10-16 18:00:00,2090,10,15,0,2090,10,16,18,3,8
74_3,49.83,3.82,64.5,0,0,-999,0,1048690,1048818,MI,104,2090-10-25 16:30:00,2090-10-28 08:30:00,2090,10,25,16,2090,10,28,8,3,8
1_31,41.71,4.02,38,0,0,-999,0,9336,9411,MI,105,2031-07-14 11:30:00,2031-07-16 01:00:00,2031,7,14,11,2031,7,16,1,3,9
2_31,81.345,3.55,103,0,0,-999,0,25620,25825,MI,105,2032-06-17 17:30:00,2032-06-22 00:00:00,2032,6,17,17,2032,6,22,0,2,2
3_31,111.23,6.87,141.5,0,0,-999,0,46208,46490,MI,105,2033-08-20 15:30:00,2033-08-26 12:30:00,2033,8,20,15,2033,8,26,12,2,6
4_31,30.17,3.42,27.5,0,0,-999,0,46524,46578,MI,105,2033-08-27 05:30:00,2033-08-28 08:30:00,2033,8,27,5,2033,8,28,8,2,6
5_31,40.445,4.01,53,0,0,-999,0,63737,63842,MI,105,2034-08-20 20:00:00,2034-08-23 00:30:00,2034,8,20,20,2034,8,23,0,3,1
6_31,41.545,4.52,53.5,0,0,-999,0,83328,83434,MI,105,2035-10-02 23:30:00,2035-10-05 04:30:00,2035,10,2,23,2035,10,5,4,1,1
7_31,25.615,4.75,41,4,37,-999,0,116613,116694,MI,105,2037-08-26 10:00:00,2037-08-28 02:30:00,2037,8,26,10,2037,8,28,2,1,9
8_31,115.145,8.24,108.5,49,26,-999,0,134687,134903,MI,105,2038-09-06 23:00:00,2038-09-11 11:00:00,2038,9,6,23,2038,9,11,11,3,9
9_31,36.3,4.39,33,0,0,-999,0,151656,151721,MI,105,2039-08-26 11:30:00,2039-08-27 20:00:00,2039,8,26,11,2039,8,27,20,3,9
10_31,31.625,2,42.5,0,0,-999,0,167014,167098,MI,105,2040-07-11 10:30:00,2040-07-13 04:30:00,2040,7,11,10,2040,7,13,4,2,6
11_31,24.18,2.27,49,0,0,-999,0,187979,188076,MI,105,2041-09-21 05:00:00,2041-09-23 05:30:00,2041,9,21,5,2041,9,23,5,3,1
12_31,39.785,3.48,28,0,0,-999,0,188428,188483,MI,105,2041-09-30 13:30:00,2041-10-01 17:00:00,2041,9,30,13,2041,10,1,17,3,1
13_31,30.415,7.98,34,0,0,-999,0,203417,203484,MI,105,2042-08-08 20:00:00,2042-08-10 05:30:00,2042,8,8,20,2042,8,10,5,1,7
14_31,49.89,2.35,119.5,0,119.5,-999,0,220864,221102,MI,105,2043-08-07 07:30:00,2043-08-12 06:30:00,2043,8,7,7,2043,8,12,6,2,7
15_31,69.455,9.56,26.5,17,9.5,-999,0,239914,239966,MI,105,2044-09-07 04:30:00,2044-09-08 06:30:00,2044,9,7,4,2044,9,8,6,1,2
16_31,54.7,3.19,39,4.5,23.5,-999,0,255906,255983,MI,105,2045-08-06 08:30:00,2045-08-07 23:00:00,2045,8,6,8,2045,8,7,23,2,2
17_31,49.335,2.87,80,0,0,-999,0,271752,271911,MI,105,2046-07-02 11:30:00,2046-07-05 19:00:00,2046,7,2,11,2046,7,5,19,2,1
18_31,51.74,6.19,40,16.5,23.5,-999,0,309494,309573,MI,105,2048-08-26 18:30:00,2048-08-28 10:00:00,2048,8,26,18,2048,8,28,10,1,5
19_31,69.665,5.53,40.5,0,0,-999,0,330789,330869,MI,105,2049-11-13 10:00:00,2049-11-15 02:00:00,2049,11,13,10,2049,11,15,2,3,8
20_31,27.47,1.68,118,0,0,-999,0,342726,342961,MI,105,2050-07-20 02:30:00,2050-07-25 00:00:00,2050,7,20,2,2050,7,25,0,2,7
21_31,48.965,7.1,56,0,0,-999,0,360458,360569,MI,105,2051-07-24 12:30:00,2051-07-26 20:00:00,2051,7,24,12,2051,7,26,20,1,6
22_31,38.515,3.29,78.5,0,0,-999,0,379804,379960,MI,105,2052-08-30 13:30:00,2052-09-02 19:30:00,2052,8,30,13,2052,9,2,19,2,8
23_31,30.41,3.91,84,0,0,-999,0,399507,399674,MI,105,2053-10-15 01:00:00,2053-10-18 12:30:00,2053,10,15,1,2053,10,18,12,1,10
24_31,92.975,3.67,86.5,0,0,-999,0,415536,415708,MI,105,2054-09-13 23:30:00,2054-09-17 13:30:00,2054,9,13,23,2054,9,17,13,2,6
25_31,59.765,5.94,39,20.5,18.5,-999,0,432408,432485,MI,105,2055-08-31 11:30:00,2055-09-02 02:00:00,2055,8,31,11,2055,9,2,2,1,9
26_31,40.015,1.97,69,0,0,-999,0,453398,453535,MI,105,2056-11-10 18:30:00,2056-11-13 15:00:00,2056,11,10,18,2056,11,13,15,2,4
27_31,33.19,3.87,54.5,0,0,-999,0,498802,498910,MI,105,2059-06-14 16:30:00,2059-06-16 22:30:00,2059,6,14,16,2059,6,16,22,2,5
28_31,50.09,4.38,79.5,0,0,-999,0,499265,499423,MI,105,2059-06-24 08:00:00,2059-06-27 15:00:00,2059,6,24,8,2059,6,27,15,2,5
29_31,22.11,1.86,71.5,0,0,-999,0,515566,515708,MI,105,2060-05-28 22:30:00,2060-05-31 21:30:00,2060,5,28,22,2060,5,31,21,1,7
30_31,29.69,3.72,98.5,0,0,-999,0,540747,540943,MI,105,2061-11-04 13:00:00,2061-11-08 15:00:00,2061,11,4,13,2061,11,8,15,1,2
31_31,48.955,5.99,52.5,11,41.5,-999,0,558135,558239,MI,105,2062-11-01 19:00:00,2062-11-03 23:00:00,2062,11,1,19,2062,11,3,23,1,8
32_31,70.175,7.75,41.5,28,13.5,-999,0,571788,571870,MI,105,2063-08-13 05:30:00,2063-08-14 22:30:00,2063,8,13,5,2063,8,14,22,1,6
33_31,28.555,2.99,43,34.5,8.5,-999,0,589036,589121,MI,105,2064-08-06 13:30:00,2064-08-08 08:00:00,2064,8,6,13,2064,8,8,8,2,10
34_31,22.18,2.47,105.5,0,0,-999,0,610975,611185,MI,105,2065-11-06 15:00:00,2065-11-11 00:00:00,2065,11,6,15,2065,11,11,0,1,4
35_31,95.07,7.06,63,1,25.5,-999,0,624580,624705,MI,105,2066-08-17 01:30:00,2066-08-19 16:00:00,2066,8,17,1,2066,8,19,16,3,2
36_31,22.24,2.41,71.5,0,0,-999,0,645862,646004,MI,105,2067-11-03 10:30:00,2067-11-06 09:30:00,2067,11,3,10,2067,11,6,9,1,4
37_31,53.955,5.25,103,0,0,-999,0,659768,659973,MI,105,2068-08-19 03:30:00,2068-08-23 10:00:00,2068,8,19,3,2068,8,23,10,3,1
38_31,55.505,5.87,79.5,0,0,-999,0,677147,677305,MI,105,2069-08-16 05:00:00,2069-08-19 12:00:00,2069,8,16,5,2069,8,19,12,2,7
39_31,114.25,8.72,149.5,47.5,69,-999,0,696375,696673,MI,105,2070-09-20 19:00:00,2070-09-27 00:00:00,2070,9,20,19,2070,9,27,0,3,9
40_31,26.395,1.75,45,0,0,-999,0,713056,713145,MI,105,2071-09-03 07:30:00,2071-09-05 04:00:00,2071,9,3,7,2071,9,5,4,1,1
41_31,85.35,9.99,66.5,16,28,-999,0,713335,713467,MI,105,2071-09-09 03:00:00,2071-09-11 21:00:00,2071,9,9,3,2071,9,11,21,1,1
42_31,117.055,7.72,101.5,0,0,-999,0,730095,730297,MI,105,2072-08-23 07:00:00,2072-08-27 12:00:00,2072,8,23,7,2072,8,27,12,2,8
43_31,67.99,4.13,68,0,0,-999,0,744830,744965,MI,105,2073-06-26 06:30:00,2073-06-29 02:00:00,2073,6,26,6,2073,6,29,2,2,10
44_31,53.09,4.58,97.5,0,82.5,-999,0,767455,767649,MI,105,2074-10-10 15:00:00,2074-10-14 16:00:00,2074,10,10,15,2074,10,14,16,3,8
45_31,25.755,2.73,51,0,5.5,-999,0,780800,780901,MI,105,2075-07-15 15:30:00,2075-07-17 18:00:00,2075,7,15,15,2075,7,17,18,2,5
46_31,47.445,3.74,34.5,0,12,-999,0,801768,801836,MI,105,2076-09-24 11:30:00,2076-09-25 21:30:00,2076,9,24,11,2076,9,25,21,2,2
47_31,57.505,7.73,45.5,22,20,-999,0,817222,817312,MI,105,2077-08-12 10:30:00,2077-08-14 07:30:00,2077,8,12,10,2077,8,14,7,2,6
48_31,43.215,4.93,29.5,0,2,-999,0,835726,835784,MI,105,2078-09-01 22:30:00,2078-09-03 03:30:00,2078,9,1,22,2078,9,3,3,1,2
49_31,46.185,3.32,69,0,0,-999,0,850809,850946,MI,105,2079-07-13 04:00:00,2079-07-16 00:30:00,2079,7,13,4,2079,7,16,0,3,6
50_31,29.83,5.12,27,0,0,-999,0,870949,871002,MI,105,2080-09-04 18:00:00,2080-09-05 20:30:00,2080,9,4,18,2080,9,5,20,2,5
51_31,66.95,6.42,59.5,0,33,-999,0,871352,871470,MI,105,2080-09-13 03:30:00,2080-09-15 14:30:00,2080,9,13,3,2080,9,15,14,2,5
52_31,66.52,6.62,58,0,0,-999,0,884006,884121,MI,105,2081-06-03 18:30:00,2081-06-06 04:00:00,2081,6,3,18,2081,6,6,4,3,6
53_31,25.855,4.42,88,0,0,-999,0,909721,909896,MI,105,2082-11-21 12:00:00,2082-11-25 03:30:00,2082,11,21,12,2082,11,25,3,1,2
54_31,29.56,4.35,51,0,0,-999,0,922456,922557,MI,105,2083-08-13 19:30:00,2083-08-15 22:00:00,2083,8,13,19,2083,8,15,22,2,9
55_31,105.19,9.2,60.5,11.5,37.5,-999,0,922616,922736,MI,105,2083-08-17 03:30:00,2083-08-19 15:30:00,2083,8,17,3,2083,8,19,15,2,9
56_31,43.7,5.78,90,0,0,-999,0,944604,944783,MI,105,2084-11-17 05:30:00,2084-11-20 23:00:00,2084,11,17,5,2084,11,20,23,1,6
57_31,39.285,2.61,58.5,0,0,-999,0,961075,961191,MI,105,2085-10-26 09:00:00,2085-10-28 19:00:00,2085,10,26,9,2085,10,28,19,2,5
58_31,29.885,5.86,33,25,8,-999,0,975908,975973,MI,105,2086-08-31 09:30:00,2086-09-01 18:00:00,2086,8,31,9,2086,9,1,18,2,7
59_29,70.53,3.72,82,0,0,-999,0,976190,976353,MI,105,2086-09-06 06:30:00,2086-09-09 16:00:00,2086,9,6,6,2086,9,9,16,2,7
60_29,29.93,2.18,100.5,0,0,-999,0,990806,991006,MI,105,2087-07-07 18:30:00,2087-07-11 22:30:00,2087,7,7,18,2087,7,11,22,3,6
61_28,39.595,4.88,35.5,0,0,-999,0,1011397,1011467,MI,105,2088-09-08 18:00:00,2088-09-10 05:00:00,2088,9,8,18,2088,9,10,5,1,5
62_26,34.64,3.11,37,0,12,-999,0,1028037,1028110,MI,105,2089-08-21 10:00:00,2089-08-22 22:30:00,2089,8,21,10,2089,8,22,22,2,8
63_24,28.925,1.5,58.5,0,0,-999,0,1048145,1048261,MI,105,2090-10-14 08:00:00,2090-10-16 18:00:00,2090,10,14,8,2090,10,16,18,3,9
64_22,36.385,2.56,48.5,0,0,-999,0,1048581,1048677,MI,105,2090-10-23 10:00:00,2090-10-25 10:00:00,2090,10,23,10,2090,10,25,10,3,9
1_32,37.815,5.66,26.5,0,0,-999,0,8264,8316,MI,106,2031-06-22 03:30:00,2031-06-23 05:30:00,2031,6,22,3,2031,6,23,5,3,2
2_32,21.43,2.79,22,0,0,-999,0,8745,8788,MI,106,2031-07-02 04:00:00,2031-07-03 01:30:00,2031,7,2,4,2031,7,3,1,3,2
3_32,22.05,2.74,18.5,0,0,-999,0,8882,8918,MI,106,2031-07-05 00:30:00,2031-07-05 18:30:00,2031,7,5,0,2031,7,5,18,3,2
4_32,58.54,3.2,102.5,20.5,71.5,-999,0,31308,31512,MI,106,2032-10-14 05:30:00,2032-10-18 11:30:00,2032,10,14,5,2032,10,18,11,2,8
5_32,35.595,4.52,21,0,0,-999,0,49437,49478,MI,106,2033-10-26 22:00:00,2033-10-27 18:30:00,2033,10,26,22,2033,10,27,18,1,2
6_32,22.6,1.9,28.5,0,0,-999,0,60961,61017,MI,106,2034-06-24 00:00:00,2034-06-25 04:00:00,2034,6,24,0,2034,6,25,4,3,9
7_32,33.325,3.59,38.5,0,0,-999,0,78912,78988,MI,106,2035-07-02 23:30:00,2035-07-04 13:30:00,2035,7,2,23,2035,7,4,13,1,1
8_32,29.375,2.04,48.5,0,0,-999,0,100230,100326,MI,106,2036-09-19 02:30:00,2036-09-21 02:30:00,2036,9,19,2,2036,9,21,2,3,8
9_32,48.36,3.97,28.5,0,0,-999,0,100692,100748,MI,106,2036-09-28 17:30:00,2036-09-29 21:30:00,2036,9,28,17,2036,9,29,21,3,8
10_32,79.36,10.4,118,0,1.5,-999,0,116550,116785,MI,106,2037-08-25 02:30:00,2037-08-30 00:00:00,2037,8,25,2,2037,8,30,0,1,6
11_32,39.49,4.01,45.5,3.5,19.5,-999,0,135952,136042,MI,106,2038-10-03 07:30:00,2038-10-05 04:30:00,2038,10,3,7,2038,10,5,4,3,2
12_32,52.415,2.95,85,0,0,-999,0,150964,151133,MI,106,2039-08-12 01:30:00,2039-08-15 14:00:00,2039,8,12,1,2039,8,15,14,2,2
13_32,64.92,5.53,80.5,0,0,-999,0,151419,151579,MI,106,2039-08-21 13:00:00,2039-08-24 21:00:00,2039,8,21,13,2039,8,24,21,2,2
14_32,79.935,2.6,143,0,2,-999,0,169941,170226,MI,106,2040-09-10 10:00:00,2040-09-16 08:30:00,2040,9,10,10,2040,9,16,8,2,3
15_32,37.695,2.91,45.5,0,0,-999,0,187515,187605,MI,106,2041-09-11 13:00:00,2041-09-13 10:00:00,2041,9,11,13,2041,9,13,10,2,6
16_32,57.25,4.24,59,11,24.5,-999,0,205537,205654,MI,106,2042-09-22 00:00:00,2042-09-24 10:30:00,2042,9,22,0,2042,9,24,10,2,7
17_32,36.49,3.37,55,24,64.5,-999,0,205667,205776,MI,106,2042-09-24 17:00:00,2042-09-26 23:30:00,2042,9,24,17,2042,9,26,23,2,7
18_32,30.785,3,43,0,0,-999,0,223875,223960,MI,106,2043-10-09 01:00:00,2043-10-10 19:30:00,2043,10,9,1,2043,10,10,19,2,9
19_32,22.015,1.16,83.5,0,3.5,-999,0,236318,236484,MI,106,2044-06-24 06:30:00,2044-06-27 17:30:00,2044,6,24,6,2044,6,27,17,2,9
20_32,42.105,5.23,25,0,0,-999,0,258983,259032,MI,106,2045-10-09 11:00:00,2045-10-10 11:30:00,2045,10,9,11,2045,10,10,11,3,5
21_32,84.46,7.59,44.5,15,20,-999,0,276878,276966,MI,106,2046-10-17 06:30:00,2046-10-19 02:30:00,2046,10,17,6,2046,10,19,2,3,6
22_32,38.64,3.96,50,0,0,-999,0,291025,291124,MI,106,2047-08-08 00:00:00,2047-08-10 01:30:00,2047,8,8,0,2047,8,10,1,3,10
23_32,58.64,5.6,85,0,0.5,-999,0,308826,308995,MI,106,2048-08-12 20:30:00,2048-08-16 09:00:00,2048,8,12,20,2048,8,16,9,2,6
24_32,31.59,3.69,39.5,0,0,-999,0,325868,325946,MI,106,2049-08-02 21:30:00,2049-08-04 12:30:00,2049,8,2,21,2049,8,4,12,2,8
25_32,137.475,5.55,88.5,0,0,-999,0,326244,326420,MI,106,2049-08-10 17:30:00,2049-08-14 09:30:00,2049,8,10,17,2049,8,14,9,2,8
26_32,25.015,2.85,36.5,0,0,-999,0,361731,361803,MI,106,2051-08-20 01:00:00,2051-08-21 13:00:00,2051,8,20,1,2051,8,21,13,3,6
27_32,36.11,4.77,46.5,0,0,-999,0,377623,377715,MI,106,2052-07-16 03:00:00,2052-07-18 01:00:00,2052,7,16,3,2052,7,18,1,3,3
28_32,29.72,3.25,52,31.5,20.5,-999,0,397781,397884,MI,106,2053-09-09 02:00:00,2053-09-11 05:30:00,2053,9,9,2,2053,9,11,5,1,4
29_32,44.225,4.06,29.5,0,0,-999,0,415241,415299,MI,106,2054-09-07 20:00:00,2054-09-09 01:00:00,2054,9,7,20,2054,9,9,1,3,3
30_32,75.29,7.91,80.5,40,34,-999,0,449895,450055,MI,106,2056-08-29 19:00:00,2056-09-02 03:00:00,2056,8,29,19,2056,9,2,3,3,8
31_32,69.335,6.34,87.5,0,0,-999,0,466896,467070,MI,106,2057-08-18 23:30:00,2057-08-22 14:30:00,2057,8,18,23,2057,8,22,14,3,1
32_32,35.865,6.87,13,0,0,-999,0,484442,484467,MI,106,2058-08-19 12:30:00,2058-08-20 01:00:00,2058,8,19,12,2058,8,20,1,1,7
33_32,76.93,4.23,105.5,0,0,-999,0,498880,499090,MI,106,2059-06-16 07:30:00,2059-06-20 16:30:00,2059,6,16,7,2059,6,20,16,2,9
34_32,29.115,4.7,34.5,0,0,-999,0,519888,519956,MI,106,2060-08-26 23:30:00,2060-08-28 09:30:00,2060,8,26,23,2060,8,28,9,1,9
35_32,31.335,4.9,36.5,0,0,-999,0,538332,538404,MI,106,2061-09-15 05:30:00,2061-09-16 17:30:00,2061,9,15,5,2061,9,16,17,2,6
36_32,30.515,3.61,18,0,0,-999,0,538458,538493,MI,106,2061-09-17 20:30:00,2061-09-18 14:00:00,2061,9,17,20,2061,9,18,14,2,6
37_32,21.595,1.94,115.5,0,27,-999,0,559211,559441,MI,106,2062-11-24 05:00:00,2062-11-29 00:00:00,2062,11,24,5,2062,11,29,0,3,4
38_32,52.025,4.75,54,0,0,-999,0,571458,571565,MI,106,2063-08-06 08:30:00,2063-08-08 14:00:00,2063,8,6,8,2063,8,8,14,3,1
39_32,62.425,3.85,118,0,0,-999,0,590275,590510,MI,106,2064-09-01 09:00:00,2064-09-06 06:30:00,2064,9,1,9,2064,9,6,6,2,9
40_32,30.19,2.37,71,0,0,-999,0,607019,607160,MI,106,2065-08-16 05:00:00,2065-08-19 03:30:00,2065,8,16,5,2065,8,19,3,1,5
41_32,33.595,4.3,33.5,0,0,-999,0,607341,607407,MI,106,2065-08-22 22:00:00,2065-08-24 07:00:00,2065,8,22,22,2065,8,24,7,1,5
42_32,61.34,7.18,41,15,26,-999,0,625963,626044,MI,106,2066-09-14 21:00:00,2066-09-16 13:30:00,2066,9,14,21,2066,9,16,13,1,5
43_32,24.61,1.34,61,0,0,-999,0,642433,642554,MI,106,2067-08-24 00:00:00,2067-08-26 12:30:00,2067,8,24,0,2067,8,26,12,2,8
44_32,30.785,2.72,31.5,0,0,-999,0,661536,661598,MI,106,2068-09-24 23:30:00,2068-09-26 06:30:00,2068,9,24,23,2068,9,26,6,3,6
45_32,33.45,4.68,110,0,0,-999,0,681374,681593,MI,106,2069-11-12 06:30:00,2069-11-16 20:00:00,2069,11,12,6,2069,11,16,20,1,2
46_32,48.635,10.27,55.5,0,17,-999,0,694452,694562,MI,106,2070-08-11 17:30:00,2070-08-14 00:30:00,2070,8,11,17,2070,8,14,0,2,5
47_32,105.17,5.83,69.5,0,0,-999,0,694622,694760,MI,106,2070-08-15 06:30:00,2070-08-18 03:30:00,2070,8,15,6,2070,8,18,3,2,5
48_32,27.395,3.02,21.5,0,0,-999,0,712881,712923,MI,106,2071-08-30 16:00:00,2071-08-31 13:00:00,2071,8,30,16,2071,8,31,13,3,8
49_32,38.515,4.48,89,0,0,-999,0,729479,729656,MI,106,2072-08-10 11:00:00,2072-08-14 03:30:00,2072,8,10,11,2072,8,14,3,3,9
50_32,97.905,11.21,32,0,0,-999,0,729981,730044,MI,106,2072-08-20 22:00:00,2072-08-22 05:30:00,2072,8,20,22,2072,8,22,5,3,9
51_32,123.015,4.95,83,12.5,34,-999,0,747437,747602,MI,106,2073-08-19 14:00:00,2073-08-23 00:30:00,2073,8,19,14,2073,8,23,0,2,8
52_32,65.38,6.49,49.5,0,8.5,-999,0,767544,767642,MI,106,2074-10-12 11:30:00,2074-10-14 12:30:00,2074,10,12,11,2074,10,14,12,1,6
53_32,31.985,3.44,47,0,0,-999,0,780434,780527,MI,106,2075-07-08 00:30:00,2075-07-09 23:00:00,2075,7,8,0,2075,7,9,23,3,9
54_32,39.355,4.47,51,0,0,-999,0,780745,780846,MI,106,2075-07-14 12:00:00,2075-07-16 14:30:00,2075,7,14,12,2075,7,16,14,3,9
55_32,38.52,2.64,51,0.5,45,-999,0,780948,781049,MI,106,2075-07-18 17:30:00,2075-07-20 20:00:00,2075,7,18,17,2075,7,20,20,3,9
56_32,44.465,4.71,37,0,0,-999,0,800289,800362,MI,106,2076-08-24 16:00:00,2076-08-26 04:30:00,2076,8,24,16,2076,8,26,4,1,6
57_32,43.15,5.59,43,0,0,-999,0,818820,818905,MI,106,2077-09-14 17:30:00,2077-09-16 12:00:00,2077,9,14,17,2077,9,16,12,1,5
58_32,48.885,6.51,47.5,16.5,24.5,-999,0,819054,819148,MI,106,2077-09-19 14:30:00,2077-09-21 13:30:00,2077,9,19,14,2077,9,21,13,1,5
59_30,61.57,2.85,72,0,0,-999,0,835831,835974,MI,106,2078-09-04 03:00:00,2078-09-07 02:30:00,2078,9,4,3,2078,9,7,2,2,10
60_30,48.955,4.99,42,0,0,-999,0,854442,854525,MI,106,2079-09-26 20:30:00,2079-09-28 14:00:00,2079,9,26,20,2079,9,28,14,3,9
61_29,65.85,4.22,102,0,0,-999,0,869440,869643,MI,106,2080-08-04 07:30:00,2080-08-08 13:00:00,2080,8,4,7,2080,8,8,13,2,8
62_27,45.88,2.38,104,0,0,-999,0,887935,888142,MI,106,2081-08-24 15:00:00,2081-08-28 22:30:00,2081,8,24,15,2081,8,28,22,2,8
63_25,20.89,3.16,59,0,0,-999,0,908860,908977,MI,106,2082-11-03 13:30:00,2082-11-06 00:00:00,2082,11,3,13,2082,11,6,0,3,8
64_23,59.035,4.99,39.5,0,0,-999,0,921797,921875,MI,106,2083-07-31 02:00:00,2083-08-01 17:00:00,2083,7,31,2,2083,8,1,17,3,1
65_20,51.91,6.26,35.5,15,20.5,-999,0,922116,922186,MI,106,2083-08-06 17:30:00,2083-08-08 04:30:00,2083,8,6,17,2083,8,8,4,3,1
66_20,55.67,5.92,63,11.5,51.5,-999,0,940292,940417,MI,106,2084-08-19 09:30:00,2084-08-22 00:00:00,2084,8,19,9,2084,8,22,0,3,9
67_18,23.145,4.13,26,0,0,-999,0,957698,957749,MI,106,2085-08-17 00:30:00,2085-08-18 02:00:00,2085,8,17,0,2085,8,18,2,2,6
68_16,38.02,2.07,74.5,0,0,-999,0,957933,958081,MI,106,2085-08-21 22:00:00,2085-08-25 00:00:00,2085,8,21,22,2085,8,25,0,2,6
69_14,35.27,2.61,43,25,18,-999,0,977923,978008,MI,106,2086-10-12 09:00:00,2086-10-14 03:30:00,2086,10,12,9,2086,10,14,3,3,9
70_12,50.93,5.43,33.5,0,0,-999,0,993745,993811,MI,106,2087-09-07 00:00:00,2087-09-08 09:00:00,2087,9,7,0,2087,9,8,9,3,1
71_8,46.06,7.26,19.5,0,0,-999,0,1012981,1013019,MI,106,2088-10-11 18:00:00,2088-10-12 13:00:00,2088,10,11,18,2088,10,12,13,1,5
72_6,62.455,7.05,55,16.5,37.5,-999,0,1027192,1027301,MI,106,2089-08-03 19:30:00,2089-08-06 02:00:00,2089,8,3,19,2089,8,6,2,1,6
73_5,28.11,2.93,37.5,0,0,-999,0,1044818,1044892,MI,106,2090-08-06 00:30:00,2090-08-07 13:30:00,2090,8,6,0,2090,8,7,13,1,3
1_33,39.155,5.98,45,0,0,-999,0,9609,9698,MI,107,2031-07-20 04:00:00,2031-07-22 00:30:00,2031,7,20,4,2031,7,22,0,1,6
2_33,50.505,7.25,77.5,0,0,-999,0,28819,28973,MI,107,2032-08-23 09:00:00,2032-08-26 14:00:00,2032,8,23,9,2032,8,26,14,1,5
3_33,60.84,8.36,27.5,0,21.5,-999,0,29287,29341,MI,107,2032-09-02 03:00:00,2032-09-03 06:00:00,2032,9,2,3,2032,9,3,6,1,5
4_33,38.365,1.69,72.5,37.5,58,-999,0,48352,48496,MI,107,2033-10-04 07:30:00,2033-10-07 07:30:00,2033,10,4,7,2033,10,7,7,2,8
5_33,46.495,4.13,50,0,0,-999,0,68328,68427,MI,107,2034-11-24 11:30:00,2034-11-26 13:00:00,2034,11,24,11,2034,11,26,13,3,6
6_33,44.27,3.72,36.5,18.5,18,-999,0,83444,83516,MI,107,2035-10-05 09:30:00,2035-10-06 21:30:00,2035,10,5,9,2035,10,6,21,3,6
7_33,106.54,4.15,100,22.5,77.5,-999,0,99450,99649,MI,107,2036-09-02 20:30:00,2036-09-07 00:00:00,2036,9,2,20,2036,9,7,0,2,9
8_33,30.245,4.66,43,0,0,-999,0,115536,115621,MI,107,2037-08-03 23:30:00,2037-08-05 18:00:00,2037,8,3,23,2037,8,5,18,3,5
9_33,52.785,5.13,37,0,0,-999,0,134971,135044,MI,107,2038-09-12 21:00:00,2038-09-14 09:30:00,2038,9,12,21,2038,9,14,9,1,9
10_33,47.335,5.91,34.5,25,9.5,-999,0,135471,135539,MI,107,2038-09-23 07:00:00,2038-09-24 17:00:00,2038,9,23,7,2038,9,24,17,1,9
11_33,46.3,4.91,62.5,0,0,-999,0,151213,151337,MI,107,2039-08-17 06:00:00,2039-08-19 20:00:00,2039,8,17,6,2039,8,19,20,1,8
12_33,34.195,5.3,51,0,0,-999,0,169436,169537,MI,107,2040-08-30 21:30:00,2040-09-02 00:00:00,2040,8,30,21,2040,9,2,0,1,1
13_33,71.695,9.9,38.5,0,0,-999,0,203588,203664,MI,107,2042-08-12 09:30:00,2042-08-13 23:30:00,2042,8,12,9,2042,8,13,23,1,1
14_33,24.795,2.19,36.5,0,36.5,-999,0,222300,222372,MI,107,2043-09-06 05:30:00,2043-09-07 17:30:00,2043,9,6,5,2043,9,7,17,2,8
15_33,72.005,4.6,55,40.5,14.5,-999,0,222849,222958,MI,107,2043-09-17 16:00:00,2043-09-19 22:30:00,2043,9,17,16,2043,9,19,22,2,8
16_33,52.655,7.89,18,13,5,-999,0,238457,238492,MI,107,2044-08-07 20:00:00,2044-08-08 13:30:00,2044,8,7,20,2044,8,8,13,1,6
17_33,36.08,3.53,30.5,0,5,-999,0,259350,259410,MI,107,2045-10-17 02:30:00,2045-10-18 08:30:00,2045,10,17,2,2045,10,18,8,3,2
18_33,20.34,2.58,60.5,0,0,-999,0,274270,274390,MI,107,2046-08-23 22:30:00,2046-08-26 10:30:00,2046,8,23,22,2046,8,26,10,2,7
19_33,55.265,3.11,61,0,41,-999,0,274626,274747,MI,107,2046-08-31 08:30:00,2046-09-02 21:00:00,2046,8,31,8,2046,9,2,21,2,7
20_33,33.415,2.96,61,0,0,-999,0,289897,290018,MI,107,2047-07-15 12:00:00,2047-07-18 00:30:00,2047,7,15,12,2047,7,18,0,3,8
21_33,87.875,9.28,64,44.5,19.5,-999,0,290299,290426,MI,107,2047-07-23 21:00:00,2047-07-26 12:30:00,2047,7,23,21,2047,7,26,12,3,8
22_33,58.545,3.51,43.5,0,8.5,-999,0,311193,311279,MI,107,2048-10-01 04:00:00,2048-10-02 23:00:00,2048,10,1,4,2048,10,2,23,2,9
23_33,20.715,3.27,59,0,0,-999,0,331551,331668,MI,107,2049-11-29 07:00:00,2049-12-01 17:30:00,2049,11,29,7,2049,12,1,17,1,4
24_33,126.835,9.07,107,12.5,29,-999,0,344690,344903,MI,107,2050-08-30 00:30:00,2050-09-03 11:00:00,2050,8,30,0,2050,9,3,11,3,8
25_33,85.805,6.98,63,20.5,37,-999,0,345088,345213,MI,107,2050-09-07 07:30:00,2050-09-09 22:00:00,2050,9,7,7,2050,9,9,22,3,8
26_33,32.52,3.3,26.5,0,0,-999,0,363199,363251,MI,107,2051-09-19 15:00:00,2051-09-20 17:00:00,2051,9,19,15,2051,9,20,17,1,9
27_33,39.25,5.81,48.5,0,0,-999,0,363652,363748,MI,107,2051-09-29 01:30:00,2051-10-01 01:30:00,2051,9,29,1,2051,10,1,1,1,9
28_33,25.82,1.7,42,0,0,-999,0,378379,378462,MI,107,2052-07-31 21:00:00,2052-08-02 14:30:00,2052,7,31,21,2052,8,2,14,1,5
29_33,34,1.75,73.5,0,0,-999,0,401375,401521,MI,107,2053-11-22 23:00:00,2053-11-26 00:00:00,2053,11,22,23,2053,11,26,0,2,5
30_33,84.41,4.75,52.5,24,28.5,-999,0,416176,416280,MI,107,2054-09-27 07:30:00,2054-09-29 11:30:00,2054,9,27,7,2054,9,29,11,2,9
31_33,78.075,3.28,208,30,178.5,-999,0,432474,432889,MI,107,2055-09-01 20:30:00,2055-09-10 12:00:00,2055,9,1,20,2055,9,10,12,2,10
32_33,31.115,4.4,40,5,35,-999,0,449149,449228,MI,107,2056-08-14 06:00:00,2056-08-15 21:30:00,2056,8,14,6,2056,8,15,21,3,1
33_33,42.895,4.29,32.5,0,0,-999,0,449311,449375,MI,107,2056-08-17 15:00:00,2056-08-18 23:00:00,2056,8,17,15,2056,8,18,23,3,1
34_33,35.37,3.57,100,0,0,-999,0,465174,465373,MI,107,2057-07-14 02:30:00,2057-07-18 06:00:00,2057,7,14,2,2057,7,18,6,3,8
35_33,34.13,3.96,24,0,0,-999,0,465611,465658,MI,107,2057-07-23 05:00:00,2057-07-24 04:30:00,2057,7,23,5,2057,7,24,4,3,8
36_33,38.315,3.55,45.5,27.5,18,-999,0,503242,503332,MI,107,2059-09-15 04:30:00,2059-09-17 01:30:00,2059,9,15,4,2059,9,17,1,3,10
37_33,38.98,3.22,83,0,0,-999,0,518571,518736,MI,107,2060-07-30 13:00:00,2060-08-02 23:30:00,2060,7,30,13,2060,8,2,23,2,8
38_33,56.075,3.46,49,0,0,-999,0,518779,518876,MI,107,2060-08-03 21:00:00,2060-08-05 21:30:00,2060,8,3,21,2060,8,5,21,2,8
39_33,20.74,1.44,44,0,0,-999,0,538198,538285,MI,107,2061-09-12 10:30:00,2061-09-14 06:00:00,2061,9,12,10,2061,9,14,6,2,6
40_33,45.03,4.92,54.5,0,41.5,-999,0,538480,538588,MI,107,2061-09-18 07:30:00,2061-09-20 13:30:00,2061,9,18,7,2061,9,20,13,2,6
41_33,30.865,4.82,40,7,9,-999,0,538602,538681,MI,107,2061-09-20 20:30:00,2061-09-22 12:00:00,2061,9,20,20,2061,9,22,12,2,6
42_33,55.545,4.74,114.5,0,0,-999,0,554309,554537,MI,107,2062-08-14 02:00:00,2062-08-18 20:00:00,2062,8,14,2,2062,8,18,20,1,7
43_33,22.045,2.84,39,0,0,-999,0,569314,569391,MI,107,2063-06-22 16:30:00,2063-06-24 07:00:00,2063,6,22,16,2063,6,24,7,3,6
44_33,64.825,4.25,53.5,9.5,37.5,-999,0,590538,590644,MI,107,2064-09-06 20:30:00,2064-09-09 01:30:00,2064,9,6,20,2064,9,9,1,2,9
45_33,32.9,6.1,22.5,0,0,-999,0,609386,609430,MI,107,2065-10-04 12:30:00,2065-10-05 10:30:00,2065,10,4,12,2065,10,5,10,1,8
46_33,47.83,5.05,49,0,0,-999,0,626391,626488,MI,107,2066-09-23 19:00:00,2066-09-25 19:30:00,2066,9,23,19,2066,9,25,19,1,9
47_33,29.005,3.79,24.5,0,0,-999,0,644045,644093,MI,107,2067-09-26 14:00:00,2067-09-27 14:00:00,2067,9,26,14,2067,9,27,14,1,6
48_33,24.87,5.72,41.5,0,0,-999,0,676994,677076,MI,107,2069-08-13 00:30:00,2069-08-14 17:30:00,2069,8,13,0,2069,8,14,17,2,8
49_33,29.54,1.64,61,0,0,-999,0,677099,677220,MI,107,2069-08-15 05:00:00,2069-08-17 17:30:00,2069,8,15,5,2069,8,17,17,2,8
50_33,52.235,3.51,49.5,0,0,-999,0,677500,677598,MI,107,2069-08-23 13:30:00,2069-08-25 14:30:00,2069,8,23,13,2069,8,25,14,2,8
51_33,34.24,4.77,31.5,12.5,19,-999,0,692865,692927,MI,107,2070-07-09 16:00:00,2070-07-10 23:00:00,2070,7,9,16,2070,7,10,23,3,5
52_33,39.18,1.11,122,1.5,120.5,-999,0,711194,711437,MI,107,2071-07-26 12:30:00,2071-07-31 14:00:00,2071,7,26,12,2071,7,31,14,2,10
53_33,38.1,4.08,36.5,0,0,-999,0,730100,730172,MI,107,2072-08-23 09:30:00,2072-08-24 21:30:00,2072,8,23,9,2072,8,24,21,2,6
54_33,56.2,5.76,54,19.5,32,-999,0,730352,730459,MI,107,2072-08-28 15:30:00,2072-08-30 21:00:00,2072,8,28,15,2072,8,30,21,2,6
55_33,36.95,3.68,100.5,0,0,-999,0,751687,751887,MI,107,2073-11-16 03:00:00,2073-11-20 07:00:00,2073,11,16,3,2073,11,20,7,3,2
56_33,40.175,4.14,32,18,14,-999,0,767070,767133,MI,107,2074-10-02 14:30:00,2074-10-03 22:00:00,2074,10,2,14,2074,10,3,22,3,9
57_33,50.76,5.15,42,31.5,10.5,-999,0,783336,783419,MI,107,2075-09-06 11:30:00,2075-09-08 05:00:00,2075,9,6,11,2075,9,8,5,3,9
58_33,40.685,5.17,57.5,0,0,-999,0,800645,800759,MI,107,2076-09-01 02:00:00,2076-09-03 11:00:00,2076,9,1,2,2076,9,3,11,2,6
59_31,45.285,5.31,31,0,0,-999,0,800791,800852,MI,107,2076-09-04 03:00:00,2076-09-05 09:30:00,2076,9,4,3,2076,9,5,9,2,6
60_31,73.855,3.39,74.5,0,0,-999,0,818062,818210,MI,107,2077-08-29 22:30:00,2077-09-02 00:30:00,2077,8,29,22,2077,9,2,0,2,8
61_30,23.83,3.75,51.5,0,0,-999,0,838909,839011,MI,107,2078-11-07 06:00:00,2078-11-09 09:00:00,2078,11,7,6,2078,11,9,9,1,2
62_28,33.055,5,29,13.5,15.5,-999,0,853183,853240,MI,107,2079-08-31 15:00:00,2079-09-01 19:30:00,2079,8,31,15,2079,9,1,19,1,6
63_26,31.295,4.69,80,0,0,-999,0,874981,875140,MI,107,2080-11-27 18:00:00,2080-12-01 01:30:00,2080,11,27,18,2080,12,1,1,1,8
64_24,75.82,5.68,105,0,0,-999,0,884282,884491,MI,107,2081-06-09 12:30:00,2081-06-13 21:00:00,2081,6,9,12,2081,6,13,21,3,6
65_21,24.265,2.92,28.5,0,0,-999,0,906961,907017,MI,107,2082-09-25 00:00:00,2082-09-26 04:00:00,2082,9,25,0,2082,9,26,4,1,9
66_21,54.35,7.67,58,0,13.5,-999,0,907150,907265,MI,107,2082-09-28 22:30:00,2082-10-01 08:00:00,2082,9,28,22,2082,10,1,8,1,9
67_19,29.37,5.31,80,0,0,-999,0,926114,926273,MI,107,2083-10-29 00:30:00,2083-11-01 08:00:00,2083,10,29,0,2083,11,1,8,1,7
68_17,27.965,1.73,46.5,0,0,-999,0,955165,955257,MI,107,2085-06-25 06:00:00,2085-06-27 04:00:00,2085,6,25,6,2085,6,27,4,3,8
69_15,27.605,2.83,36.5,0,0,-999,0,995583,995655,MI,107,2087-10-15 07:00:00,2087-10-16 19:00:00,2087,10,15,7,2087,10,16,19,2,2
70_13,96.38,5.1,61,17.5,34.5,-999,0,1010573,1010694,MI,107,2088-08-22 14:00:00,2088-08-25 02:30:00,2088,8,22,14,2088,8,25,2,3,7
71_9,28.335,3.12,34.5,0,0,-999,0,1010981,1011049,MI,107,2088-08-31 02:00:00,2088-09-01 12:00:00,2088,8,31,2,2088,9,1,12,3,7
72_7,40.215,6.49,25.5,0,0,-999,0,1030472,1030522,MI,107,2089-10-11 03:30:00,2089-10-12 04:30:00,2089,10,11,3,2089,10,12,4,1,2
73_6,57.1,2.35,121,0,0,-999,0,1043802,1044043,MI,107,2090-07-15 20:30:00,2090-07-20 21:00:00,2090,7,15,20,2090,7,20,21,2,5
1_34,20.785,2.03,43.5,0,0,-999,5.5,11610,11696,MI,108,2031-08-30 20:30:00,2031-09-01 15:30:00,2031,8,30,20,2031,9,1,15,3,8
2_34,96.405,8.11,68.5,30.5,34,-999,0,11791,11927,MI,108,2031-09-03 15:00:00,2031-09-06 11:00:00,2031,9,3,15,2031,9,6,11,3,8
3_34,22.955,2.34,43,0,0,-999,0,29417,29502,MI,108,2032-09-04 20:00:00,2032-09-06 14:30:00,2032,9,4,20,2032,9,6,14,2,2
4_34,58.41,3.29,102,0,70.5,-999,0,29755,29958,MI,108,2032-09-11 21:00:00,2032-09-16 02:30:00,2032,9,11,21,2032,9,16,2,2,2
5_34,35.26,4.15,37.5,0,0,-999,0,47863,47937,MI,108,2033-09-24 03:00:00,2033-09-25 16:00:00,2033,9,24,3,2033,9,25,16,3,6
6_34,29.83,3.17,56.5,34,22.5,-999,0,63626,63738,MI,108,2034-08-18 12:30:00,2034-08-20 20:30:00,2034,8,18,12,2034,8,20,20,1,6
7_34,24.365,2.75,38.5,0,0,-999,0,81573,81649,MI,108,2035-08-27 10:00:00,2035-08-29 00:00:00,2035,8,27,10,2035,8,29,0,2,6
8_34,28.765,3.47,58.5,0,0,-999,0,81680,81796,MI,108,2035-08-29 15:30:00,2035-09-01 01:30:00,2035,8,29,15,2035,9,1,1,2,6
9_34,80.395,5.08,48.5,14,24,-999,0,117010,117106,MI,108,2037-09-03 16:30:00,2037-09-05 16:30:00,2037,9,3,16,2037,9,5,16,2,10
10_34,42.535,2.84,105,0,0,-999,0,131884,132093,MI,108,2038-07-10 13:30:00,2038-07-14 22:00:00,2038,7,10,13,2038,7,14,22,2,5
11_34,23.885,5.01,28.5,0,0,-999,0,154830,154886,MI,108,2039-10-31 14:30:00,2039-11-01 18:30:00,2039,10,31,14,2039,11,1,18,1,2
12_34,41.18,5.54,48.5,0,0,-999,0,170330,170426,MI,108,2040-09-18 12:30:00,2040-09-20 12:30:00,2040,9,18,12,2040,9,20,12,1,8
13_34,72.18,7.75,54,0,0,-999,0,185567,185674,MI,108,2041-08-01 23:00:00,2041-08-04 04:30:00,2041,8,1,23,2041,8,4,4,3,8
14_34,26.155,2.62,50.5,0,0,-999,0,200940,201040,MI,108,2042-06-18 05:30:00,2042-06-20 07:30:00,2042,6,18,5,2042,6,20,7,3,1
15_34,39.625,2.82,37.5,0,12.5,-999,0,223052,223126,MI,108,2043-09-21 21:30:00,2043-09-23 10:30:00,2043,9,21,21,2043,9,23,10,2,6
16_34,39.105,2.61,43.5,0,0,-999,0,223341,223427,MI,108,2043-09-27 22:00:00,2043-09-29 17:00:00,2043,9,27,22,2043,9,29,17,2,6
17_34,67.85,4.06,56,0,0,-999,0,241108,241219,MI,108,2044-10-02 01:30:00,2044-10-04 09:00:00,2044,10,2,1,2044,10,4,9,2,6
18_34,33.68,1.78,38,0,12.5,-999,0,259657,259732,MI,108,2045-10-23 12:00:00,2045-10-25 01:30:00,2045,10,23,12,2045,10,25,1,2,8
19_34,49.535,2.97,62,0,0,-999,0,259771,259894,MI,108,2045-10-25 21:00:00,2045-10-28 10:30:00,2045,10,25,21,2045,10,28,10,2,8
20_34,28.16,1.75,34,0,0,-999,0,275013,275080,MI,108,2046-09-08 10:00:00,2046-09-09 19:30:00,2046,9,8,10,2046,9,9,19,2,3
21_34,43.375,1.55,92.5,36.5,54,-999,0,293838,294022,MI,108,2047-10-05 14:30:00,2047-10-09 10:30:00,2047,10,5,14,2047,10,9,10,2,6
22_34,46.525,3.04,59,0,0,-999,0,310800,310917,MI,108,2048-09-22 23:30:00,2048-09-25 10:00:00,2048,9,22,23,2048,9,25,10,3,8
23_34,39.89,7.76,65,0,0,-999,0,326915,327044,MI,108,2049-08-24 17:00:00,2049-08-27 09:30:00,2049,8,24,17,2049,8,27,9,1,6
24_34,169.625,14.03,113,12,31,-999,0,344264,344489,MI,108,2050-08-21 03:30:00,2050-08-25 20:00:00,2050,8,21,3,2050,8,25,20,2,1
25_34,59.895,3.74,102,0,0,-999,0,361550,361753,MI,108,2051-08-16 06:30:00,2051-08-20 12:00:00,2051,8,16,6,2051,8,20,12,2,6
26_34,47.155,6.73,64,0,0,-999,0,361769,361896,MI,108,2051-08-20 20:00:00,2051-08-23 11:30:00,2051,8,20,20,2051,8,23,11,2,6
27_34,82.955,8.16,93,0,0,-999,0,380216,380401,MI,108,2052-09-08 03:30:00,2052-09-12 00:00:00,2052,9,8,3,2052,9,12,0,2,5
28_34,37.195,4.14,39,0,0,-999,0,401301,401378,MI,108,2053-11-21 10:00:00,2053-11-23 00:30:00,2053,11,21,10,2053,11,23,0,2,2
29_34,51.005,4.23,75,0,0,-999,0,418120,418269,MI,108,2054-11-06 19:30:00,2054-11-09 22:00:00,2054,11,6,19,2054,11,9,22,3,5
30_34,41.355,5.57,57.5,0,0,-999,0,435343,435457,MI,108,2055-10-31 15:00:00,2055-11-03 00:00:00,2055,10,31,15,2055,11,3,0,1,8
31_34,88.8,3.59,72,18,30,-999,0,446827,446970,MI,108,2056-06-26 21:00:00,2056-06-29 20:30:00,2056,6,26,21,2056,6,29,20,2,5
32_34,50.73,7.2,29,0,0,-999,0,468369,468426,MI,108,2057-09-18 16:00:00,2057-09-19 20:30:00,2057,9,18,16,2057,9,19,20,3,9
33_34,46.635,2.06,44,0,0,-999,0,504782,504869,MI,108,2059-10-17 06:30:00,2059-10-19 02:00:00,2059,10,17,6,2059,10,19,2,2,10
34_34,28.56,0.72,167,0,0,-999,0,518204,518537,MI,108,2060-07-22 21:30:00,2060-07-29 20:00:00,2060,7,22,21,2060,7,29,20,2,10
35_34,53.56,1.68,109,0,0,-999,0,518656,518873,MI,108,2060-08-01 07:30:00,2060-08-05 20:00:00,2060,8,1,7,2060,8,5,20,2,10
36_34,40.215,3.43,51.5,0,0,-999,0,537131,537233,MI,108,2061-08-21 05:00:00,2061-08-23 08:00:00,2061,8,21,5,2061,8,23,8,2,8
37_34,42.285,8.72,35.5,21,14.5,-999,0,551795,551865,MI,108,2062-06-22 17:00:00,2062-06-24 04:00:00,2062,6,22,17,2062,6,24,4,1,6
38_34,50.06,8.1,52,36,16,-999,0,571440,571543,MI,108,2063-08-05 23:30:00,2063-08-08 03:00:00,2063,8,5,23,2063,8,8,3,1,8
39_34,21.745,1.01,83,0,0,-999,0,589017,589182,MI,108,2064-08-06 04:00:00,2064-08-09 14:30:00,2064,8,6,4,2064,8,9,14,2,1
40_34,88.605,5.14,114.5,0,0,-999,0,589340,589568,MI,108,2064-08-12 21:30:00,2064-08-17 15:30:00,2064,8,12,21,2064,8,17,15,2,1
41_34,33.72,2.02,71,0,0,-999,0,607969,608110,MI,108,2065-09-05 00:00:00,2065-09-07 22:30:00,2065,9,5,0,2065,9,7,22,2,5
42_34,59.995,3.02,72,38.5,43,-999,0,643314,643457,MI,108,2067-09-11 08:30:00,2067-09-14 08:00:00,2067,9,11,8,2067,9,14,8,2,8
43_34,63.11,2.59,99.5,0,53.5,-999,0,659323,659521,MI,108,2068-08-09 21:00:00,2068-08-14 00:00:00,2068,8,9,21,2068,8,14,0,2,2
44_34,33.005,2.43,48.5,0,0,-999,0,677584,677680,MI,108,2069-08-25 07:30:00,2069-08-27 07:30:00,2069,8,25,7,2069,8,27,7,2,3
45_34,51.02,2.51,114.5,0,42.5,-999,0,693853,694081,MI,108,2070-07-30 06:00:00,2070-08-04 00:00:00,2070,7,30,6,2070,8,4,0,1,6
46_34,32.655,1.53,52,0,0,-999,0,711651,711754,MI,108,2071-08-05 01:00:00,2071-08-07 04:30:00,2071,8,5,1,2071,8,7,4,2,8
47_34,35.79,3.35,71.5,0,0,-999,0,712092,712234,MI,108,2071-08-14 05:30:00,2071-08-17 04:30:00,2071,8,14,5,2071,8,17,4,2,8
48_34,49.34,1.59,141.5,42,130.5,-999,0,730731,731013,MI,108,2072-09-05 13:00:00,2072-09-11 10:00:00,2072,9,5,13,2072,9,11,10,1,1
49_34,27.86,3.87,41,0,0,-999,0,731224,731305,MI,108,2072-09-15 19:30:00,2072-09-17 12:00:00,2072,9,15,19,2072,9,17,12,1,1
50_34,34.685,3.46,56,0,0,-999,0,752204,752315,MI,108,2073-11-26 21:30:00,2073-11-29 05:00:00,2073,11,26,21,2073,11,29,5,3,8
51_34,31.875,2.9,58,31.5,26.5,-999,0,783561,783676,MI,108,2075-09-11 04:00:00,2075-09-13 13:30:00,2075,9,11,4,2075,9,13,13,3,9
52_34,73.05,3.33,56.5,0,0,-999,0,801136,801248,MI,108,2076-09-11 07:30:00,2076-09-13 15:30:00,2076,9,11,7,2076,9,13,15,2,5
53_34,21.795,1.33,81.5,7,69,-999,0,817284,817446,MI,108,2077-08-13 17:30:00,2077-08-17 02:30:00,2077,8,13,17,2077,8,17,2,3,6
54_34,78.715,8.52,33,12,52,-999,0,817464,817529,MI,108,2077-08-17 11:30:00,2077-08-18 20:00:00,2077,8,17,11,2077,8,18,20,3,6
55_34,40.415,1.98,93,0,0,-999,0,833712,833897,MI,108,2078-07-21 23:30:00,2078-07-25 20:00:00,2078,7,21,23,2078,7,25,20,2,5
56_34,32.21,4.71,22.5,0,22.5,-999,0,854919,854963,MI,108,2079-10-06 19:00:00,2079-10-07 17:00:00,2079,10,6,19,2079,10,7,17,1,5
57_34,22.56,3.9,41,0,0,-999,0,869794,869875,MI,108,2080-08-11 16:30:00,2080-08-13 09:00:00,2080,8,11,16,2080,8,13,9,2,1
58_34,55.585,2.02,83,0,0,-999,0,902469,902634,MI,108,2082-06-23 10:00:00,2082-06-26 20:30:00,2082,6,23,10,2082,6,26,20,2,5
59_32,117.965,5.69,117.5,39.5,88.5,-999,0,922519,922753,MI,108,2083-08-15 03:00:00,2083-08-20 00:00:00,2083,8,15,3,2083,8,20,0,2,8
60_32,38.77,7.55,20,0,0,-999,0,958639,958678,MI,108,2085-09-05 15:00:00,2085-09-06 10:30:00,2085,9,5,15,2085,9,6,10,2,5
61_31,39.15,3.55,54.5,0,0,-999,0,958723,958831,MI,108,2085-09-07 09:00:00,2085-09-09 15:00:00,2085,9,7,9,2085,9,9,15,2,5
62_29,80.615,6.01,54.5,0,0,-999,0,976381,976489,MI,108,2086-09-10 06:00:00,2086-09-12 12:00:00,2086,9,10,6,2086,9,12,12,3,6
63_27,36.82,3.69,33,0,0,-999,0,992225,992290,MI,108,2087-08-06 08:00:00,2087-08-07 16:30:00,2087,8,6,8,2087,8,7,16,3,6
64_25,35.06,2.37,48.5,0,0,-999,0,992505,992601,MI,108,2087-08-12 04:00:00,2087-08-14 04:00:00,2087,8,12,4,2087,8,14,4,3,6
65_22,23.2,3.5,40,0,0,-999,0,1010221,1010300,MI,108,2088-08-15 06:00:00,2088-08-16 21:30:00,2088,8,15,6,2088,8,16,21,1,10
66_22,62.07,7.75,45,18.5,26.5,-999,0,1027385,1027474,MI,108,2089-08-07 20:00:00,2089-08-09 16:30:00,2089,8,7,20,2089,8,9,16,3,7
67_20,26.94,5.16,34.5,0,0,-999,0,1044925,1044993,MI,108,2090-08-08 06:00:00,2090-08-09 16:00:00,2090,8,8,6,2090,8,9,16,1,6
1_35,36.785,2.19,65.5,0,65.5,-999,65.5,12248,12378,MI,109,2031-09-13 03:30:00,2031-09-15 20:30:00,2031,9,13,3,2031,9,15,20,2,6
2_35,144.605,4.51,109,0,0,-999,0,28506,28723,MI,109,2032-08-16 20:30:00,2032-08-21 09:00:00,2032,8,16,20,2032,8,21,9,2,9
3_35,29.835,2.44,53,0,0,-999,0,49018,49123,MI,109,2033-10-18 04:30:00,2033-10-20 09:00:00,2033,10,18,4,2033,10,20,9,2,10
4_35,87.69,3.83,63.5,0,0,-999,0,49306,49432,MI,109,2033-10-24 04:30:00,2033-10-26 19:30:00,2033,10,24,4,2033,10,26,19,2,10
5_35,38.66,2.12,96.5,0,0,-999,0,60231,60423,MI,109,2034-06-08 19:00:00,2034-06-12 19:00:00,2034,6,8,19,2034,6,12,19,2,1
6_35,80.8,6.17,41.5,22.5,37,-999,0,81149,81231,MI,109,2035-08-18 14:00:00,2035-08-20 07:00:00,2035,8,18,14,2035,8,20,7,2,9
7_35,27.255,3.14,57.5,0,0,-999,0,103201,103315,MI,109,2036-11-20 00:00:00,2036-11-22 09:00:00,2036,11,20,0,2036,11,22,9,3,2
8_35,33.325,3.56,20.5,0,0,-999,0,117522,117562,MI,109,2037-09-14 08:30:00,2037-09-15 04:30:00,2037,9,14,8,2037,9,15,4,1,8
9_35,78.37,12.05,85,33,42,-999,0,117922,118091,MI,109,2037-09-22 16:30:00,2037-09-26 05:00:00,2037,9,22,16,2037,9,26,5,1,8
10_35,89.835,4.51,101.5,20,58.5,-999,0,134514,134716,MI,109,2038-09-03 08:30:00,2038-09-07 13:30:00,2038,9,3,8,2038,9,7,13,2,8
11_35,20.73,2.9,29.5,0,0,-999,0,150448,150506,MI,109,2039-08-01 07:30:00,2039-08-02 12:30:00,2039,8,1,7,2039,8,2,12,3,9
12_35,25.465,3.23,25,0,0,-999,0,170594,170643,MI,109,2040-09-24 00:30:00,2040-09-25 01:00:00,2040,9,24,0,2040,9,25,1,2,9
13_35,46.265,3.07,75.5,0,23,-999,0,171142,171292,MI,109,2040-10-05 10:30:00,2040-10-08 13:30:00,2040,10,5,10,2040,10,8,13,2,9
14_35,137.11,5.58,98.5,17.5,37,-999,0,187105,187301,MI,109,2041-09-03 00:00:00,2041-09-07 02:00:00,2041,9,3,0,2041,9,7,2,2,3
15_35,56,2.87,94,0,0,-999,0,200732,200919,MI,109,2042-06-13 21:30:00,2042-06-17 19:00:00,2042,6,13,21,2042,6,17,19,2,3
16_35,44.67,4.59,42,20.5,21.5,-999,0,237399,237482,MI,109,2044-07-16 19:00:00,2044-07-18 12:30:00,2044,7,16,19,2044,7,18,12,3,1
17_35,23.31,3.77,22,0,0,-999,0,274240,274283,MI,109,2046-08-23 07:30:00,2046-08-24 05:00:00,2046,8,23,7,2046,8,24,5,1,6
18_35,55.765,3.06,34.5,0,0,-999,0,274606,274674,MI,109,2046-08-30 22:30:00,2046-09-01 08:30:00,2046,8,30,22,2046,9,1,8,1,6
19_35,87.465,10.51,45.5,20,25.5,-999,0,274763,274853,MI,109,2046-09-03 05:00:00,2046-09-05 02:00:00,2046,9,3,5,2046,9,5,2,1,6
20_35,72.05,7.36,60,33,27,-999,0,292864,292983,MI,109,2047-09-15 07:30:00,2047-09-17 19:00:00,2047,9,15,7,2047,9,17,19,3,8
21_35,29.66,6.27,15.5,0,0,-999,0,311691,311721,MI,109,2048-10-11 13:00:00,2048-10-12 04:00:00,2048,10,11,13,2048,10,12,4,1,2
22_35,37.855,3.11,74,0,39.5,-999,0,327070,327217,MI,109,2049-08-27 22:30:00,2049-08-31 00:00:00,2049,8,27,22,2049,8,31,0,3,8
23_35,20.765,1.94,59,0,0,-999,0,344485,344602,MI,109,2050-08-25 18:00:00,2050-08-28 04:30:00,2050,8,25,18,2050,8,28,4,3,7
24_35,28.475,2.32,41,0,0,-999,0,344892,344973,MI,109,2050-09-03 05:30:00,2050-09-04 22:00:00,2050,9,3,5,2050,9,4,22,3,7
25_35,30.85,3.27,27,0,0,-999,0,345070,345123,MI,109,2050-09-06 22:30:00,2050-09-08 01:00:00,2050,9,6,22,2050,9,8,1,3,7
26_35,40.805,2.84,52.5,0,0,-999,0,360080,360184,MI,109,2051-07-16 15:30:00,2051-07-18 19:30:00,2051,7,16,15,2051,7,18,19,2,8
27_35,26.585,5.01,38.5,0,0,-999,0,360202,360278,MI,109,2051-07-19 04:30:00,2051-07-20 18:30:00,2051,7,19,4,2051,7,20,18,2,8
28_35,26.105,3.52,29,0,0,-999,0,383527,383584,MI,109,2052-11-16 03:00:00,2052-11-17 07:30:00,2052,11,16,3,2052,11,17,7,1,6
29_35,69.005,4.74,62,0,0,-999,0,393834,393957,MI,109,2053-06-18 20:30:00,2053-06-21 10:00:00,2053,6,18,20,2053,6,21,10,3,6
30_35,51.195,7.73,59,11.5,9.5,-999,0,416132,416249,MI,109,2054-09-26 09:30:00,2054-09-28 20:00:00,2054,9,26,9,2054,9,28,20,1,9
31_35,20.9,1.35,59,0,0,-999,0,431583,431700,MI,109,2055-08-14 07:00:00,2055-08-16 17:30:00,2055,8,14,7,2055,8,16,17,3,8
32_35,74.34,6.05,127.5,38,89.5,-999,0,431959,432213,MI,109,2055-08-22 03:00:00,2055-08-27 10:00:00,2055,8,22,3,2055,8,27,10,3,8
33_35,20.84,2.58,33,0,0,-999,0,448421,448486,MI,109,2056-07-30 02:00:00,2056-07-31 10:30:00,2056,7,30,2,2056,7,31,10,2,4
34_35,53.06,3.27,51.5,0,0,-999,0,468553,468655,MI,109,2057-09-22 12:00:00,2057-09-24 15:00:00,2057,9,22,12,2057,9,24,15,3,8
35_35,20.16,4.43,25,0,0,-999,0,486311,486360,MI,109,2058-09-27 11:00:00,2058-09-28 11:30:00,2058,9,27,11,2058,9,28,11,1,6
36_35,38.305,5.64,52.5,0,0,-999,0,486407,486511,MI,109,2058-09-29 11:00:00,2058-10-01 15:00:00,2058,9,29,11,2058,10,1,15,1,6
37_35,54.03,6.45,46.5,24.5,38,-999,0,502139,502231,MI,109,2059-08-23 05:00:00,2059-08-25 03:00:00,2059,8,23,5,2059,8,25,3,2,6
38_35,41.29,3.61,75,40.5,51.5,-999,0,519466,519615,MI,109,2060-08-18 04:30:00,2060-08-21 07:00:00,2060,8,18,4,2060,8,21,7,3,9
39_35,25.975,3.32,24.5,0,0.5,-999,0,537791,537839,MI,109,2061-09-03 23:00:00,2061-09-04 23:00:00,2061,9,3,23,2061,9,4,23,1,1
40_35,54.315,9.47,21,12,9,-999,0,537856,537897,MI,109,2061-09-05 07:30:00,2061-09-06 04:00:00,2061,9,5,7,2061,9,6,4,1,1
41_35,43.77,4.32,45,39.5,5.5,-999,0,554310,554399,MI,109,2062-08-14 02:30:00,2062-08-15 23:00:00,2062,8,14,2,2062,8,15,23,3,10
42_35,63.885,2.99,50,0,0,-999,0,574918,575017,MI,109,2063-10-17 10:30:00,2063-10-19 12:00:00,2063,10,17,10,2063,10,19,12,2,9
43_35,72.355,5.62,61.5,0,0,-999,0,588796,588918,MI,109,2064-08-01 13:30:00,2064-08-04 02:30:00,2064,8,1,13,2064,8,4,2,2,9
44_35,30.015,2.97,29.5,0,0,-999,0,609028,609086,MI,109,2065-09-27 01:30:00,2065-09-28 06:30:00,2065,9,27,1,2065,9,28,6,2,7
45_35,29.315,1.95,75.5,0,0,-999,0,609471,609621,MI,109,2065-10-06 07:00:00,2065-10-09 10:00:00,2065,10,6,7,2065,10,9,10,2,7
46_35,22.065,2.03,65.5,0,0,-999,0,626292,626422,MI,109,2066-09-21 17:30:00,2066-09-24 10:30:00,2066,9,21,17,2066,9,24,10,3,6
47_35,35.47,6.24,19,0,0,-999,0,626524,626561,MI,109,2066-09-26 13:30:00,2066-09-27 08:00:00,2066,9,26,13,2066,9,27,8,3,6
48_35,25.015,6.05,44,0,30.5,-999,0,641509,641596,MI,109,2067-08-04 18:00:00,2067-08-06 13:30:00,2067,8,4,18,2067,8,6,13,1,7
49_35,66.66,6.75,57.5,0,0,-999,0,641684,641798,MI,109,2067-08-08 09:30:00,2067-08-10 18:30:00,2067,8,8,9,2067,8,10,18,1,7
50_35,42.41,3.48,30,0,0,-999,0,659999,660058,MI,109,2068-08-23 23:00:00,2068-08-25 04:30:00,2068,8,23,23,2068,8,25,4,3,9
51_35,28.86,2.83,40.5,0,0,-999,0,679817,679897,MI,109,2069-10-10 20:00:00,2069-10-12 12:00:00,2069,10,10,20,2069,10,12,12,3,6
52_35,36.095,6.4,59.5,0,0,-999,0,696725,696843,MI,109,2070-09-28 02:00:00,2070-09-30 13:00:00,2070,9,28,2,2070,9,30,13,1,6
53_35,22.945,2.12,25.5,0,0,-999,0,697009,697059,MI,109,2070-10-04 00:00:00,2070-10-05 01:00:00,2070,10,4,0,2070,10,5,1,1,6
54_35,63.15,8.32,29,9.5,24,-999,0,697216,697273,MI,109,2070-10-08 07:30:00,2070-10-09 12:00:00,2070,10,8,7,2070,10,9,12,1,6
55_35,97.15,8.16,71,0,0,-999,0,714158,714299,MI,109,2071-09-26 06:30:00,2071-09-29 05:00:00,2071,9,26,6,2071,9,29,5,3,2
56_35,55.915,3.77,77,10,28,-999,0,730509,730662,MI,109,2072-08-31 22:00:00,2072-09-04 02:30:00,2072,8,31,22,2072,9,4,2,2,5
57_35,82.355,6.71,68,17,48,-999,0,746358,746493,MI,109,2073-07-28 02:30:00,2073-07-30 22:00:00,2073,7,28,2,2073,7,30,22,2,5
58_35,74.15,4.03,58,7.5,35,-999,0,766681,766796,MI,109,2074-09-24 12:00:00,2074-09-26 21:30:00,2074,9,24,12,2074,9,26,21,2,1
59_33,36.54,2.47,50,0,0,-999,0,779752,779851,MI,109,2075-06-23 19:30:00,2075-06-25 21:00:00,2075,6,23,19,2075,6,25,21,3,6
60_33,59.545,2.84,60.5,0,0,-999,0,799807,799927,MI,109,2076-08-14 15:00:00,2076-08-17 03:00:00,2076,8,14,15,2076,8,17,3,2,6
61_32,123.405,7.69,45,1,40.5,-999,0,818295,818384,MI,109,2077-09-03 19:00:00,2077-09-05 15:30:00,2077,9,3,19,2077,9,5,15,2,1
62_30,55.365,1.95,155,0,0,-999,0,834743,835052,MI,109,2078-08-12 11:00:00,2078-08-18 21:30:00,2078,8,12,11,2078,8,18,21,2,7
63_28,36.605,4.56,37.5,0,0,-999,0,852338,852412,MI,109,2079-08-14 00:30:00,2079-08-15 13:30:00,2079,8,14,0,2079,8,15,13,3,9
64_26,82.44,7.82,56.5,24,31,-999,0,852836,852948,MI,109,2079-08-24 09:30:00,2079-08-26 17:30:00,2079,8,24,9,2079,8,26,17,3,9
65_23,23.815,3.75,18.5,0,0,-999,0,870956,870992,MI,109,2080-09-04 21:30:00,2080-09-05 15:30:00,2080,9,4,21,2080,9,5,15,3,8
66_23,33.375,2.03,46,0,0,-999,0,887687,887778,MI,109,2081-08-19 11:00:00,2081-08-21 08:30:00,2081,8,19,11,2081,8,21,8,1,8
67_21,53.315,10.75,34,0,0,-999,0,888018,888085,MI,109,2081-08-26 08:30:00,2081-08-27 18:00:00,2081,8,26,8,2081,8,27,18,1,8
68_18,48.645,4.26,102,0,0,-999,0,901318,901521,MI,109,2082-05-30 10:30:00,2082-06-03 16:00:00,2082,5,30,10,2082,6,3,16,3,6
69_16,53.12,3.41,108.5,0,0,-999,0,925801,926017,MI,109,2083-10-22 12:00:00,2083-10-27 00:00:00,2083,10,22,12,2083,10,27,0,2,2
70_14,27.815,5.46,22,0,0,-999,0,941053,941096,MI,109,2084-09-04 06:00:00,2084-09-05 03:30:00,2084,9,4,6,2084,9,5,3,2,8
71_10,60.865,3.49,57,0,0,-999,0,941347,941460,MI,109,2084-09-10 09:00:00,2084-09-12 17:30:00,2084,9,10,9,2084,9,12,17,2,8
72_8,85.69,9.17,21.5,0,0,-999,0,959719,959761,MI,109,2085-09-28 03:00:00,2085-09-29 00:00:00,2085,9,28,3,2085,9,29,0,3,10
73_7,56.305,5.29,64,0,12.5,-999,0,975271,975398,MI,109,2086-08-18 03:00:00,2086-08-20 18:30:00,2086,8,18,3,2086,8,20,18,3,1
74_4,33.32,4.4,55.5,0,0,-999,0,993450,993560,MI,109,2087-08-31 20:30:00,2087-09-03 03:30:00,2087,8,31,20,2087,9,3,3,3,9
75_3,22.175,5.91,33.5,0,0,-999,0,1010758,1010824,MI,109,2088-08-26 10:30:00,2088-08-27 19:30:00,2088,8,26,10,2088,8,27,19,1,9
76_2,57.3,4.76,57.5,0,0,-999,0,1029108,1029222,MI,109,2089-09-12 17:30:00,2089-09-15 02:30:00,2089,9,12,17,2089,9,15,2,3,5
77_2,33.9,4.44,23.5,0,0,-999,0,1045158,1045204,MI,109,2090-08-13 02:30:00,2090-08-14 01:30:00,2090,8,13,2,2090,8,14,1,3,9
1_36,40.74,3.9,37,0,0,0,0,11214,11287,MP,101,2031-08-22 14:30:00,2031-08-24 03:00:00,2031,8,22,14,2031,8,24,3,2,9
2_36,20.395,3.12,45,0,0,18,0,28802,28891,MP,101,2032-08-23 00:30:00,2032-08-24 21:00:00,2032,8,23,0,2032,8,24,21,2,9
3_36,61.605,3.76,118,0.5,30.5,24,0,29256,29491,MP,101,2032-09-01 11:30:00,2032-09-06 09:00:00,2032,9,1,11,2032,9,6,9,2,9
4_36,20.195,2.68,27.5,0,0,36,0,45593,45647,MP,101,2033-08-07 20:00:00,2033-08-08 23:00:00,2033,8,7,20,2033,8,8,23,3,8
5_36,50.635,4.99,31,0,0,0,0,46080,46141,MP,101,2033-08-17 23:30:00,2033-08-19 06:00:00,2033,8,17,23,2033,8,19,6,3,8
6_36,76.4,3.45,67.5,0,34.5,42,0,63717,63851,MP,101,2034-08-20 10:00:00,2034-08-23 05:00:00,2034,8,20,10,2034,8,23,5,2,1
7_36,38.835,4.59,63.5,0,0,0,0,85301,85427,MP,101,2035-11-13 02:00:00,2035-11-15 17:00:00,2035,11,13,2,2035,11,15,17,1,2
8_36,52.995,5.74,78,0,0,12,0,97154,97309,MP,101,2036-07-17 00:30:00,2036-07-20 06:00:00,2036,7,17,0,2036,7,20,6,1,6
9_36,53.815,2.65,113,0,1.5,0,0,121072,121297,MP,101,2037-11-27 07:30:00,2037-12-02 00:00:00,2037,11,27,7,2037,12,2,0,2,6
10_36,28.165,5.09,55.5,0,0,6,0,137049,137159,MP,101,2038-10-26 04:00:00,2038-10-28 11:00:00,2038,10,26,4,2038,10,28,11,1,9
11_36,23.46,3.43,49.5,0,0,24,0,151008,151106,MP,101,2039-08-12 23:30:00,2039-08-15 00:30:00,2039,8,12,23,2039,8,15,0,2,10
12_36,47.995,3.33,59,28.5,30.5,6,0,151202,151319,MP,101,2039-08-17 00:30:00,2039-08-19 11:00:00,2039,8,17,0,2039,8,19,11,2,10
13_36,40.19,3.21,69.5,0,0,18,0,172088,172226,MP,101,2040-10-25 03:30:00,2040-10-28 00:30:00,2040,10,25,3,2040,10,28,0,2,6
14_36,50.505,11.22,28,18,10,6,0,186059,186114,MP,101,2041-08-12 05:00:00,2041-08-13 08:30:00,2041,8,12,5,2041,8,13,8,1,1
15_36,59.82,6.11,78.5,0,0,0,0,203041,203197,MP,101,2042-08-01 00:00:00,2042-08-04 06:00:00,2042,8,1,0,2042,8,4,6,3,6
16_36,39.52,2.86,55,0,0,6,0,223690,223799,MP,101,2043-10-05 04:30:00,2043-10-07 11:00:00,2043,10,5,4,2043,10,7,11,3,2
17_36,156.28,8.59,132.5,22,59,0,0,238467,238731,MP,101,2044-08-08 01:00:00,2044-08-13 13:00:00,2044,8,8,1,2044,8,13,13,2,5
18_36,90.81,4.67,113.5,0,0,24,0,256431,256657,MP,101,2045-08-17 07:00:00,2045-08-22 00:00:00,2045,8,17,7,2045,8,22,0,2,2
19_36,46.05,3.54,54.5,20.5,13.5,12,0,276196,276304,MP,101,2046-10-03 01:30:00,2046-10-05 07:30:00,2046,10,3,1,2046,10,5,7,3,9
20_36,97.41,9.77,66.5,21,37,18,0,290494,290626,MP,101,2047-07-27 22:30:00,2047-07-30 16:30:00,2047,7,27,22,2047,7,30,16,3,6
21_36,32.93,3.85,40,0,0,18,0,311492,311571,MP,101,2048-10-07 09:30:00,2048-10-09 01:00:00,2048,10,7,9,2048,10,9,1,3,1
22_36,35.99,3.36,44,9.5,29.5,6,0,311790,311877,MP,101,2048-10-13 14:30:00,2048-10-15 10:00:00,2048,10,13,14,2048,10,15,10,3,1
23_36,29.75,3.67,68,0,0,12,0,327818,327953,MP,101,2049-09-12 12:30:00,2049-09-15 08:00:00,2049,9,12,12,2049,9,15,8,3,10
24_36,42.265,4.94,35,0,0,6,0,328083,328152,MP,101,2049-09-18 01:00:00,2049-09-19 11:30:00,2049,9,18,1,2049,9,19,11,3,10
25_36,70.035,9.03,87,0,0,18,0,346365,346538,MP,101,2050-10-03 22:00:00,2050-10-07 12:30:00,2050,10,3,22,2050,10,7,12,1,8
26_36,24.51,2.43,114,0,8.5,0,0,366198,366425,MP,101,2051-11-21 02:30:00,2051-11-25 20:00:00,2051,11,21,2,2051,11,25,20,3,2
27_36,53.985,6.02,43.5,0,0,0,0,380776,380862,MP,101,2052-09-19 19:30:00,2052-09-21 14:30:00,2052,9,19,19,2052,9,21,14,3,5
28_36,26.295,1.61,82.5,0,0,6,0,399343,399507,MP,101,2053-10-11 15:00:00,2053-10-15 01:00:00,2053,10,11,15,2053,10,15,1,2,5
29_36,27.195,1.04,83.5,0,0,0,0,411975,412141,MP,101,2054-07-01 19:00:00,2054-07-05 06:00:00,2054,7,1,19,2054,7,5,6,2,9
30_36,40.645,2.53,96.5,0,0,12,0,430288,430480,MP,101,2055-07-18 07:30:00,2055-07-22 07:30:00,2055,7,18,7,2055,7,22,7,1,9
31_36,25.84,3.49,26,0,0,12,0,430725,430776,MP,101,2055-07-27 10:00:00,2055-07-28 11:30:00,2055,7,27,10,2055,7,28,11,1,9
32_36,81.175,4.86,98,16,23.5,18,0,450274,450469,MP,101,2056-09-06 16:30:00,2056-09-10 18:00:00,2056,9,6,16,2056,9,10,18,3,5
33_36,41.975,5.32,49.5,27.5,22,36,0,468221,468319,MP,101,2057-09-15 14:00:00,2057-09-17 15:00:00,2057,9,15,14,2057,9,17,15,1,9
34_36,25.745,3.08,46.5,0,0,0,0,501727,501819,MP,101,2059-08-14 15:00:00,2059-08-16 13:00:00,2059,8,14,15,2059,8,16,13,2,6
35_36,103.55,4.36,99,2,50,48,0,501833,502030,MP,101,2059-08-16 20:00:00,2059-08-20 22:30:00,2059,8,16,20,2059,8,20,22,2,6
36_36,24.87,1.32,95,0,95,0,0,518985,519174,MP,101,2060-08-08 04:00:00,2060-08-12 02:30:00,2060,8,8,4,2060,8,12,2,2,5
37_36,47.27,1.44,75,0,0,18,0,555804,555953,MP,101,2062-09-14 05:30:00,2062-09-17 08:00:00,2062,9,14,5,2062,9,17,8,2,10
38_36,89.335,6.27,61,26.5,25.5,24,0,590685,590806,MP,101,2064-09-09 22:00:00,2064-09-12 10:30:00,2064,9,9,22,2064,9,12,10,2,6
39_36,43.255,5.16,46,0,15,24,0,608744,608835,MP,101,2065-09-21 03:30:00,2065-09-23 01:00:00,2065,9,21,3,2065,9,23,1,1,6
40_36,38.8,3.23,60,0,38.5,18,0,622879,622998,MP,101,2066-07-12 15:00:00,2066-07-15 02:30:00,2066,7,12,15,2066,7,15,2,3,8
41_36,92.09,3.75,124.5,14,36.5,6,0,642119,642367,MP,101,2067-08-17 11:00:00,2067-08-22 15:00:00,2067,8,17,11,2067,8,22,15,2,8
42_36,79.895,5.6,60.5,0,0,48,0,661245,661365,MP,101,2068-09-18 22:00:00,2068-09-21 10:00:00,2068,9,18,22,2068,9,21,10,3,6
43_36,38.975,1.88,123,0,7,0,0,681068,681313,MP,101,2069-11-05 21:30:00,2069-11-11 00:00:00,2069,11,5,21,2069,11,11,0,2,2
44_36,35.825,6.08,44.5,0,0,42,0,695409,695497,MP,101,2070-08-31 16:00:00,2070-09-02 12:00:00,2070,8,31,16,2070,9,2,12,1,6
45_36,31.185,2.78,42,22,20,0,0,713226,713309,MP,101,2071-09-06 20:30:00,2071-09-08 14:00:00,2071,9,6,20,2071,9,8,14,2,6
46_36,63.085,5.99,49,2.5,14,0,0,713606,713703,MP,101,2071-09-14 18:30:00,2071-09-16 19:00:00,2071,9,14,18,2071,9,16,19,2,6
47_36,60.49,4.34,77.5,38,39.5,6,0,728130,728284,MP,101,2072-07-13 08:30:00,2072-07-16 13:30:00,2072,7,13,8,2072,7,16,13,3,6
48_36,60.96,3.11,78.5,0,34.5,18,0,748035,748191,MP,101,2073-09-01 01:00:00,2073-09-04 07:00:00,2073,9,1,1,2073,9,4,7,2,2
49_36,28.16,4.87,23,0,0,0,0,763208,763253,MP,101,2074-07-14 03:30:00,2074-07-15 02:00:00,2074,7,14,3,2074,7,15,2,1,10
50_36,119.38,3.88,124.5,0,34.5,0,0,781529,781777,MP,101,2075-07-30 20:00:00,2075-08-05 00:00:00,2075,7,30,20,2075,8,5,0,2,9
51_36,72.765,7.63,62.5,20.5,25.5,6,0,800481,800605,MP,101,2076-08-28 16:00:00,2076-08-31 06:00:00,2076,8,28,16,2076,8,31,6,2,1
52_36,72.4550000000001,7.84,101,54.5,28.5,24,0,819013,819214,MP,101,2077-09-18 18:00:00,2077-09-22 22:30:00,2077,9,18,18,2077,9,22,22,3,8
53_36,28.795,1.21,73,0,0,0,0,832152,832297,MP,101,2078-06-19 11:30:00,2078-06-22 12:00:00,2078,6,19,11,2078,6,22,12,2,6
54_36,21.755,1.64,82.5,0,0,0,0,856729,856893,MP,101,2079-11-13 12:00:00,2079-11-16 22:00:00,2079,11,13,12,2079,11,16,22,3,4
55_36,43.83,2.35,122.5,0,0,0,0,872013,872257,MP,101,2080-09-26 22:00:00,2080-10-02 00:00:00,2080,9,26,22,2080,10,2,0,2,10
56_36,63.315,5.71,39.5,0,0,12,0,887992,888070,MP,101,2081-08-25 19:30:00,2081-08-27 10:30:00,2081,8,25,19,2081,8,27,10,3,7
57_36,59.225,3.89,54.5,0,0,0,0,888476,888584,MP,101,2081-09-04 21:30:00,2081-09-07 03:30:00,2081,9,4,21,2081,9,7,3,3,7
58_36,30.985,3.37,78,0,0,36,0,905733,905888,MP,101,2082-08-30 10:00:00,2082-09-02 15:30:00,2082,8,30,10,2082,9,2,15,2,9
59_34,59.045,4.48,67,20,60.5,12,0,906066,906199,MP,101,2082-09-06 08:30:00,2082-09-09 03:00:00,2082,9,6,8,2082,9,9,3,2,9
60_34,50.54,4.95,82.5,25,37.5,12,0,925405,925569,MP,101,2083-10-14 06:00:00,2083-10-17 16:00:00,2083,10,14,6,2083,10,17,16,3,8
61_33,30.945,4.99,23,0,0,12,0,942295,942340,MP,101,2084-09-30 03:00:00,2084-10-01 01:30:00,2084,9,30,3,2084,10,1,1,2,9
62_31,22.365,2.69,24,14,10,12,0,942385,942432,MP,101,2084-10-02 00:00:00,2084-10-02 23:30:00,2084,10,2,0,2084,10,2,23,2,9
63_29,83.235,4.42,78.5,6,49.5,54,0,957813,957969,MP,101,2085-08-19 10:00:00,2085-08-22 16:00:00,2085,8,19,10,2085,8,22,16,2,1
64_27,20.295,2.71,29.5,0,0,30,0,976200,976258,MP,101,2086-09-06 11:30:00,2086-09-07 16:30:00,2086,9,6,11,2086,9,7,16,1,8
65_24,55.725,6.82,53,1.5,7,18,0,976449,976554,MP,101,2086-09-11 16:00:00,2086-09-13 20:30:00,2086,9,11,16,2086,9,13,20,1,8
66_24,20.815,3.56,16.5,0,0,0,0,996681,996713,MP,101,2087-11-07 04:00:00,2087-11-07 20:00:00,2087,11,7,4,2087,11,7,20,1,8
67_22,21.06,4,48.5,0,0,0,0,997107,997203,MP,101,2087-11-16 01:00:00,2087-11-18 01:00:00,2087,11,16,1,2087,11,18,1,1,8
68_19,25.015,3.77,14,0,0,0,0,1006726,1006753,MP,101,2088-06-03 10:30:00,2088-06-04 00:00:00,2088,6,3,10,2088,6,4,0,1,6
69_17,68.13,6.14,50,36.5,33.5,18,0,1027736,1027835,MP,101,2089-08-15 03:30:00,2089-08-17 05:00:00,2089,8,15,3,2089,8,17,5,3,8
70_15,22.795,1.39,74.5,0,0,30,0,1046208,1046356,MP,101,2090-09-03 23:30:00,2090-09-07 01:30:00,2090,9,3,23,2090,9,7,1,2,10
1_37,64.24,6.77,79.5,24.5,78,12,79.5,10958,11116,MP,102,2031-08-17 06:30:00,2031-08-20 13:30:00,2031,8,17,6,2031,8,20,13,1,5
2_37,36.84,2.62,94,46.5,22,66,0,29661,29848,MP,102,2032-09-09 22:00:00,2032-09-13 19:30:00,2032,9,9,22,2032,9,13,19,2,1
3_37,31.905,2.13,38.5,0,0,0,0,63198,63274,MP,102,2034-08-09 14:30:00,2034-08-11 04:30:00,2034,8,9,14,2034,8,11,4,2,9
4_37,34.45,2.7,58.5,25,33.5,0,0,81972,82088,MP,102,2035-09-04 17:30:00,2035-09-07 03:30:00,2035,9,4,17,2035,9,7,3,2,6
5_37,68.38,3.95,56.5,22,34.5,30,0,98980,99092,MP,102,2036-08-24 01:30:00,2036-08-26 09:30:00,2036,8,24,1,2036,8,26,9,2,6
6_37,39.22,5.35,30,0,0,0,0,115662,115721,MP,102,2037-08-06 14:30:00,2037-08-07 20:00:00,2037,8,6,14,2037,8,7,20,1,1
7_37,52.935,5.11,78,55,6.5,0,0,133547,133702,MP,102,2038-08-14 05:00:00,2038-08-17 10:30:00,2038,8,14,5,2038,8,17,10,3,1
8_37,111.6,6.79,48.5,0,0,0,0,149543,149639,MP,102,2039-07-13 11:00:00,2039-07-15 11:00:00,2039,7,13,11,2039,7,15,11,3,6
9_37,54.205,7.96,32.5,0,0,0,0,166933,166997,MP,102,2040-07-09 18:00:00,2040-07-11 02:00:00,2040,7,9,18,2040,7,11,2,1,6
10_37,52.415,4.26,48.5,0,0,24,0,186990,187086,MP,102,2041-08-31 14:30:00,2041-09-02 14:30:00,2041,8,31,14,2041,9,2,14,2,6
11_37,33.46,2.24,35,0,0,30,0,187104,187173,MP,102,2041-09-02 23:30:00,2041-09-04 10:00:00,2041,9,2,23,2041,9,4,10,2,6
12_37,21.575,5.49,17.5,0,0,0,0,200211,200245,MP,102,2042-06-03 01:00:00,2042-06-03 18:00:00,2042,6,3,1,2042,6,3,18,1,10
13_37,86.84,4.7,123,20,46.5,42,0,222860,223105,MP,102,2043-09-17 21:30:00,2043-09-23 00:00:00,2043,9,17,21,2043,9,23,0,2,9
14_37,63.63,5.84,53.5,0,0,30,0,241840,241946,MP,102,2044-10-17 07:30:00,2044-10-19 12:30:00,2044,10,17,7,2044,10,19,12,2,6
15_37,34.89,1.78,80,16.5,32,36,0,255517,255676,MP,102,2045-07-29 06:00:00,2045-08-01 13:30:00,2045,7,29,6,2045,8,1,13,2,3
16_37,139.565,8.19,91.5,13,70,6,0,255843,256025,MP,102,2045-08-05 01:00:00,2045-08-08 20:00:00,2045,8,5,1,2045,8,8,20,2,3
17_37,74.65,5.1,39.5,14,25,42,0,274034,274112,MP,102,2046-08-19 00:30:00,2046-08-20 15:30:00,2046,8,19,0,2046,8,20,15,2,5
18_37,33.87,2.5,32,0,0,30,0,274556,274619,MP,102,2046-08-29 21:30:00,2046-08-31 05:00:00,2046,8,29,21,2046,8,31,5,2,5
19_37,25.6,2.2,29,0,12.5,24,0,292986,293043,MP,102,2047-09-17 20:30:00,2047-09-19 01:00:00,2047,9,17,20,2047,9,19,1,2,6
20_37,67.965,3.11,39,5,56,24,0,293067,293144,MP,102,2047-09-19 13:00:00,2047-09-21 03:30:00,2047,9,19,13,2047,9,21,3,2,6
21_37,84.83,13.98,36,7.5,22.5,0,0,310621,310692,MP,102,2048-09-19 06:00:00,2048-09-20 17:30:00,2048,9,19,6,2048,9,20,17,3,7
22_37,55.3,3.97,58,0,0,6,0,311075,311190,MP,102,2048-09-28 17:00:00,2048-10-01 02:30:00,2048,9,28,17,2048,10,1,2,3,7
23_37,45.85,3.37,66,10.5,23.5,0,0,324711,324842,MP,102,2049-07-09 19:00:00,2049-07-12 12:30:00,2049,7,9,19,2049,7,12,12,2,10
24_37,32.06,4.58,35,0,0,24,0,344549,344618,MP,102,2050-08-27 02:00:00,2050-08-28 12:30:00,2050,8,27,2,2050,8,28,12,2,6
25_37,48.335,6,35.5,16.5,19,30,0,344843,344913,MP,102,2050-09-02 05:00:00,2050-09-03 16:00:00,2050,9,2,5,2050,9,3,16,2,6
26_37,26.75,2.83,85.5,0,0,18,0,365159,365329,MP,102,2051-10-30 11:00:00,2051-11-03 00:00:00,2051,10,30,11,2051,11,3,0,1,8
27_37,77.84,5.28,94,0,44.5,48,0,380583,380770,MP,102,2052-09-15 19:00:00,2052-09-19 16:30:00,2052,9,15,19,2052,9,19,16,2,7
28_37,37.78,4.47,98.5,32.5,22,30,0,395269,395465,MP,102,2053-07-18 18:00:00,2053-07-22 20:00:00,2053,7,18,18,2053,7,22,20,1,2
29_37,23.79,4.3,21.5,0,0,24,0,412798,412840,MP,102,2054-07-18 22:30:00,2054-07-19 19:30:00,2054,7,18,22,2054,7,19,19,1,3
30_37,38.62,4.48,27,0,0,24,0,431967,432020,MP,102,2055-08-22 07:00:00,2055-08-23 09:30:00,2055,8,22,7,2055,8,23,9,2,8
31_37,72.605,4.65,54.5,19.5,35,12,0,432121,432229,MP,102,2055-08-25 12:00:00,2055-08-27 18:00:00,2055,8,25,12,2055,8,27,18,2,8
32_37,31.415,5.61,26.5,0,0,12,0,450441,450493,MP,102,2056-09-10 04:00:00,2056-09-11 06:00:00,2056,9,10,4,2056,9,11,6,2,6
33_37,36.44,3.25,96,32.5,26,18,0,450904,451095,MP,102,2056-09-19 19:30:00,2056-09-23 19:00:00,2056,9,19,19,2056,9,23,19,2,6
34_37,31.975,4.34,39,0,0,18,0,468036,468113,MP,102,2057-09-11 17:30:00,2057-09-13 08:00:00,2057,9,11,17,2057,9,13,8,1,5
35_37,43.5,5.55,36.5,18.5,16,0,0,468437,468509,MP,102,2057-09-20 02:00:00,2057-09-21 14:00:00,2057,9,20,2,2057,9,21,14,1,5
36_37,47.13,2.91,85,0,0,60,0,485906,486075,MP,102,2058-09-19 00:30:00,2058-09-22 13:00:00,2058,9,19,0,2058,9,22,13,2,9
37_37,51.73,5.25,28,0,0,6,0,498521,498576,MP,102,2059-06-08 20:00:00,2059-06-09 23:30:00,2059,6,8,20,2059,6,9,23,3,5
38_37,45.21,6.09,48,0,0,12,0,498794,498889,MP,102,2059-06-14 12:30:00,2059-06-16 12:00:00,2059,6,14,12,2059,6,16,12,3,5
39_37,54.21,3.88,44,0,10,30,0,518745,518832,MP,102,2060-08-03 04:00:00,2060-08-04 23:30:00,2060,8,3,4,2060,8,4,23,3,6
40_37,34.585,2.32,44.5,0,0,30,0,539812,539900,MP,102,2061-10-16 01:30:00,2061-10-17 21:30:00,2061,10,16,1,2061,10,17,21,2,5
41_37,48.635,9.84,60,0,0,6,0,573466,573585,MP,102,2063-09-17 04:30:00,2063-09-19 16:00:00,2063,9,17,4,2063,9,19,16,1,8
42_37,29.895,4.24,52,0,0,36,0,591953,592056,MP,102,2064-10-06 08:00:00,2064-10-08 11:30:00,2064,10,6,8,2064,10,8,11,1,2
43_37,48.775,5.87,77,19.5,53,6,0,607120,607273,MP,102,2065-08-18 07:30:00,2065-08-21 12:00:00,2065,8,18,7,2065,8,21,12,3,5
44_37,25.735,2.48,34,0,0,0,0,625945,626012,MP,102,2066-09-14 12:00:00,2066-09-15 21:30:00,2066,9,14,12,2066,9,15,21,2,8
45_37,20.995,1.72,57,37.5,24,24,0,626060,626173,MP,102,2066-09-16 21:30:00,2066-09-19 06:00:00,2066,9,16,21,2066,9,19,6,2,8
46_37,91.17,9.65,52,4.5,17.5,30,0,643066,643169,MP,102,2067-09-06 04:30:00,2067-09-08 08:00:00,2067,9,6,4,2067,9,8,8,3,2
47_37,30.15,1.39,69,0,0,60,0,660791,660928,MP,102,2068-09-09 11:00:00,2068-09-12 07:30:00,2068,9,9,11,2068,9,12,7,2,3
48_37,56.11,7.22,30,0,0,12,0,680318,680377,MP,102,2069-10-21 06:30:00,2069-10-22 12:00:00,2069,10,21,6,2069,10,22,12,3,9
49_37,28.01,3.6,79.5,0,0,0,0,699156,699314,MP,102,2070-11-17 17:30:00,2070-11-21 00:30:00,2070,11,17,17,2070,11,21,0,1,2
50_37,64.28,7.98,39,1,12.5,0,0,714827,714904,MP,102,2071-10-10 05:00:00,2071-10-11 19:30:00,2071,10,10,5,2071,10,11,19,1,9
51_37,36.46,3.79,77.5,0,0,42,0,730358,730512,MP,102,2072-08-28 18:30:00,2072-08-31 23:30:00,2072,8,28,18,2072,8,31,23,1,1
52_37,31.505,3.04,25.5,0,0,12,0,749981,750031,MP,102,2073-10-11 14:00:00,2073-10-12 15:00:00,2073,10,11,14,2073,10,12,15,2,7
53_37,69.19,6.64,81,0,11.5,24,0,761398,761559,MP,102,2074-06-06 10:30:00,2074-06-09 19:00:00,2074,6,6,10,2074,6,9,19,2,5
54_37,26.71,2.58,41.5,0,0,6,0,781804,781886,MP,102,2075-08-05 13:30:00,2075-08-07 06:30:00,2075,8,5,13,2075,8,7,6,1,4
55_37,41.17,4.4,68,0,0,30,0,781989,782124,MP,102,2075-08-09 10:00:00,2075-08-12 05:30:00,2075,8,9,10,2075,8,12,5,1,4
56_37,60.685,5.71,32.5,0,0,0,0,799877,799941,MP,102,2076-08-16 02:00:00,2076-08-17 10:00:00,2076,8,16,2,2076,8,17,10,3,9
57_37,39.85,4.71,47,18.5,27.5,12,0,817983,818076,MP,102,2077-08-28 07:00:00,2077-08-30 05:30:00,2077,8,28,7,2077,8,30,5,1,8
58_37,27.89,4.97,32,0,0,24,0,835058,835121,MP,102,2078-08-19 00:30:00,2078-08-20 08:00:00,2078,8,19,0,2078,8,20,8,3,8
59_35,86.315,9.29,51.5,0,0,6,0,835469,835571,MP,102,2078-08-27 14:00:00,2078-08-29 17:00:00,2078,8,27,14,2078,8,29,17,3,8
60_35,43.93,3.44,27,0,0,6,0,852509,852562,MP,102,2079-08-17 14:00:00,2079-08-18 16:30:00,2079,8,17,14,2079,8,18,16,2,6
61_34,45.025,4.38,91.5,0,46,36,0,871465,871647,MP,102,2080-09-15 12:00:00,2080-09-19 07:00:00,2080,9,15,12,2080,9,19,7,2,6
62_32,23.005,2.57,41.5,0,0,0,0,887192,887274,MP,102,2081-08-09 03:30:00,2081-08-10 20:30:00,2081,8,9,3,2081,8,10,20,3,9
63_30,23.51,3.84,32,0,0,36,0,887646,887709,MP,102,2081-08-18 14:30:00,2081-08-19 22:00:00,2081,8,18,14,2081,8,19,22,3,9
64_28,37.3,4.14,91.5,0,0,30,0,887723,887905,MP,102,2081-08-20 05:00:00,2081-08-24 00:00:00,2081,8,20,5,2081,8,24,0,3,9
65_25,31.88,6.56,33.5,0,0,18,0,903877,903943,MP,102,2082-07-22 18:00:00,2082-07-24 03:00:00,2082,7,22,18,2082,7,24,3,2,6
66_25,46.045,4.72,35.5,0,0,42,0,904354,904424,MP,102,2082-08-01 16:30:00,2082-08-03 03:30:00,2082,8,1,16,2082,8,3,3,2,6
67_23,35.925,3.96,45.5,0,0,0,0,926537,926627,MP,102,2083-11-06 20:00:00,2083-11-08 17:00:00,2083,11,6,20,2083,11,8,17,3,2
68_20,43.26,5.2,54,15.5,37.5,12,0,941865,941972,MP,102,2084-09-21 04:00:00,2084-09-23 09:30:00,2084,9,21,4,2084,9,23,9,3,9
69_18,22.39,2.12,65.5,0,53.5,36,0,942015,942145,MP,102,2084-09-24 07:00:00,2084-09-27 00:00:00,2084,9,24,7,2084,9,27,0,3,9
70_16,22.57,7.41,9.5,0,0,0,0,956820,956838,MP,102,2085-07-29 17:30:00,2085-07-30 02:30:00,2085,7,29,17,2085,7,30,2,2,10
71_11,35.44,2.13,45.5,0,0,24,0,957021,957111,MP,102,2085-08-02 22:00:00,2085-08-04 19:00:00,2085,8,2,22,2085,8,4,19,2,10
72_9,36.715,3.35,60,0,0,0,0,973831,973950,MP,102,2086-07-19 03:00:00,2086-07-21 14:30:00,2086,7,19,3,2086,7,21,14,2,5
73_8,60.46,4.38,60,0,2,24,0,995820,995939,MP,102,2087-10-20 05:30:00,2087-10-22 17:00:00,2087,10,20,5,2087,10,22,17,3,2
74_5,26.3,4.09,58.5,0,0,0,0,1015232,1015348,MP,102,2088-11-27 15:30:00,2088-11-30 01:30:00,2088,11,27,15,2088,11,30,1,1,4
75_4,33.655,3.63,53,0,0,36,0,1028091,1028196,MP,102,2089-08-22 13:00:00,2089-08-24 17:30:00,2089,8,22,13,2089,8,24,17,2,9
76_3,25.275,1.94,36,0,0,18,0,1028244,1028315,MP,102,2089-08-25 17:30:00,2089-08-27 05:00:00,2089,8,25,17,2089,8,27,5,2,9
77_3,37.71,4.13,52.5,0,0,24,0,1044516,1044620,MP,102,2090-07-30 17:30:00,2090-08-01 21:30:00,2090,7,30,17,2090,8,1,21,2,7
78_2,69.12,4.99,82,0,0,48,0,1044782,1044945,MP,102,2090-08-05 06:30:00,2090-08-08 16:00:00,2090,8,5,6,2090,8,8,16,2,7
1_38,33.105,3.91,20,0,20,-999,0.5,9746,9785,MP,103,2031-07-23 00:30:00,2031-07-23 20:00:00,2031,7,23,0,2031,7,23,20,3,9
2_38,56.45,7.04,20,0,0,-999,0,10370,10409,MP,103,2031-08-05 00:30:00,2031-08-05 20:00:00,2031,8,5,0,2031,8,5,20,3,9
3_38,63.24,4.85,40,30,10,-999,0,30538,30617,MP,103,2032-09-28 04:30:00,2032-09-29 20:00:00,2032,9,28,4,2032,9,29,20,3,8
4_38,49.365,5.68,99.5,15.5,28,-999,0,46070,46268,MP,103,2033-08-17 18:30:00,2033-08-21 21:30:00,2033,8,17,18,2033,8,21,21,2,3
5_38,29.185,2.36,57,0,0,-999,0,64319,64432,MP,103,2034-09-01 23:00:00,2034-09-04 07:30:00,2034,9,1,23,2034,9,4,7,3,1
6_38,50.405,4.14,55.5,0,12.5,-999,0,64535,64645,MP,103,2034-09-06 11:00:00,2034-09-08 18:00:00,2034,9,6,11,2034,9,8,18,3,1
7_38,20.565,4.08,12.5,0,0,-999,0,82599,82623,MP,103,2035-09-17 19:00:00,2035-09-18 07:00:00,2035,9,17,19,2035,9,18,7,2,9
8_38,72.825,4.4,49,0,0,-999,0,82910,83007,MP,103,2035-09-24 06:30:00,2035-09-26 07:00:00,2035,9,24,6,2035,9,26,7,2,9
9_38,24.22,5.43,56.5,0,0,-999,0,98930,99042,MP,103,2036-08-23 00:30:00,2036-08-25 08:30:00,2036,8,23,0,2036,8,25,8,1,9
10_38,74.715,9.52,44,0,0,-999,0,99418,99505,MP,103,2036-09-02 04:30:00,2036-09-04 00:00:00,2036,9,2,4,2036,9,4,0,1,9
11_38,56.835,4.89,42,0,0,-999,0,113383,113466,MP,103,2037-06-20 03:00:00,2037-06-21 20:30:00,2037,6,20,3,2037,6,21,20,3,1
12_38,48.1,6.65,28.5,0,0,-999,0,151898,151954,MP,103,2039-08-31 12:30:00,2039-09-01 16:30:00,2039,8,31,12,2039,9,1,16,2,7
13_38,32.505,3.9,49.5,0,0,-999,0,169015,169113,MP,103,2040-08-22 03:00:00,2040-08-24 04:00:00,2040,8,22,3,2040,8,24,4,1,9
14_38,50.355,9.28,49,40,9,-999,0,169238,169335,MP,103,2040-08-26 18:30:00,2040-08-28 19:00:00,2040,8,26,18,2040,8,28,19,1,9
15_38,20.95,8.08,11.5,0,0,-999,0,188751,188773,MP,103,2041-10-07 07:00:00,2041-10-07 18:00:00,2041,10,7,7,2041,10,7,18,1,6
16_38,58.735,6.71,60.5,0,56,-999,0,189090,189210,MP,103,2041-10-14 08:30:00,2041-10-16 20:30:00,2041,10,14,8,2041,10,16,20,1,6
17_38,55.86,4.52,36.5,20,16.5,-999,0,205379,205451,MP,103,2042-09-18 17:00:00,2042-09-20 05:00:00,2042,9,18,17,2042,9,20,5,3,2
18_38,66.015,9.6,40.5,38.5,2,-999,0,219942,220022,MP,103,2043-07-19 02:30:00,2043-07-20 18:30:00,2043,7,19,2,2043,7,20,18,1,9
19_38,30.21,2.92,29.5,0,0,-999,0,240117,240175,MP,103,2044-09-11 10:00:00,2044-09-12 15:00:00,2044,9,11,10,2044,9,12,15,1,8
20_38,38.08,5.95,23.5,0,0,-999,0,240631,240677,MP,103,2044-09-22 03:00:00,2044-09-23 02:00:00,2044,9,22,3,2044,9,23,2,1,8
21_38,42.01,3.59,58.5,37,21.5,-999,0,254848,254964,MP,103,2045-07-15 07:30:00,2045-07-17 17:30:00,2045,7,15,7,2045,7,17,17,2,9
22_38,34.825,4.75,34.5,0,0,-999,0,277207,277275,MP,103,2046-10-24 03:00:00,2046-10-25 13:00:00,2046,10,24,3,2046,10,25,13,1,2
23_38,85.005,6.05,54,19.5,34.5,-999,0,291401,291508,MP,103,2047-08-15 20:00:00,2047-08-18 01:30:00,2047,8,15,20,2047,8,18,1,2,5
24_38,58.07,3.15,90.5,19,41,-999,0,313527,313707,MP,103,2048-11-18 19:00:00,2048-11-22 13:00:00,2048,11,18,19,2048,11,22,13,2,6
25_38,20.905,4.13,40,0,0,-999,0,313742,313821,MP,103,2048-11-23 06:30:00,2048-11-24 22:00:00,2048,11,23,6,2048,11,24,22,2,6
26_38,34.01,3.64,48,25,23,-999,0,325585,325680,MP,103,2049-07-28 00:00:00,2049-07-29 23:30:00,2049,7,28,0,2049,7,29,23,3,6
27_38,26.19,4.75,43.5,0,0,-999,0,344419,344505,MP,103,2050-08-24 09:00:00,2050-08-26 04:00:00,2050,8,24,9,2050,8,26,4,3,9
28_38,33.335,3.18,36.5,0,0,-999,0,344662,344734,MP,103,2050-08-29 10:30:00,2050-08-30 22:30:00,2050,8,29,10,2050,8,30,22,3,9
29_38,46.345,3.15,84,0,0,-999,0,365431,365598,MP,103,2051-11-05 03:00:00,2051-11-08 14:30:00,2051,11,5,3,2051,11,8,14,2,6
30_38,45.2,6.19,39.5,23,16.5,-999,0,378144,378222,MP,103,2052-07-26 23:30:00,2052-07-28 14:30:00,2052,7,26,23,2052,7,28,14,1,2
31_38,49.065,5.98,41,0,38,-999,0,397894,397975,MP,103,2053-09-11 10:30:00,2053-09-13 03:00:00,2053,9,11,10,2053,9,13,3,1,1
32_38,53.78,1.49,122.5,0,0,-999,0,411453,411697,MP,103,2054-06-20 22:00:00,2054-06-26 00:00:00,2054,6,20,22,2054,6,26,0,2,10
33_38,31.915,4.1,24.5,0,0,-999,0,433202,433250,MP,103,2055-09-17 00:30:00,2055-09-18 00:30:00,2055,9,17,0,2055,9,18,0,1,6
34_38,21.37,1.52,59,0,0,-999,0,450627,450744,MP,103,2056-09-14 01:00:00,2056-09-16 11:30:00,2056,9,14,1,2056,9,16,11,2,8
35_38,28.105,4.09,72,0,0,-999,0,450783,450926,MP,103,2056-09-17 07:00:00,2056-09-20 06:30:00,2056,9,17,7,2056,9,20,6,2,8
36_38,20.135,1.17,86,0,0,-999,0,468514,468685,MP,103,2057-09-21 16:30:00,2057-09-25 06:00:00,2057,9,21,16,2057,9,25,6,2,8
37_38,73.77,6.8,62,11,34,-999,0,468830,468953,MP,103,2057-09-28 06:30:00,2057-09-30 20:00:00,2057,9,28,6,2057,9,30,20,2,8
38_38,50.49,5.42,27,0,0,-999,0,483099,483152,MP,103,2058-07-22 13:00:00,2058-07-23 15:30:00,2058,7,22,13,2058,7,23,15,3,5
39_38,28.09,6.6,17.5,0,0,-999,0,501963,501997,MP,103,2059-08-19 13:00:00,2059-08-20 06:00:00,2059,8,19,13,2059,8,20,6,1,6
40_38,21.63,3.29,21.5,0,0,-999,0,502505,502547,MP,103,2059-08-30 20:00:00,2059-08-31 17:00:00,2059,8,30,20,2059,8,31,17,1,6
41_38,66.02,2.28,72,26,21.5,-999,0,520215,520358,MP,103,2060-09-02 19:00:00,2060-09-05 18:30:00,2060,9,2,19,2060,9,5,18,2,5
42_38,31.66,4.4,38.5,0,0,-999,0,539392,539468,MP,103,2061-10-07 07:30:00,2061-10-08 21:30:00,2061,10,7,7,2061,10,8,21,2,5
43_38,28.18,3.31,32.5,0,0,-999,0,539503,539567,MP,103,2061-10-09 15:00:00,2061-10-10 23:00:00,2061,10,9,15,2061,10,10,23,2,5
44_38,38.87,3.33,59.5,0,0,-999,0,555226,555344,MP,103,2062-09-02 04:30:00,2062-09-04 15:30:00,2062,9,2,4,2062,9,4,15,1,2
45_38,57.075,6.66,22.5,11.5,11,-999,0,555564,555608,MP,103,2062-09-09 05:30:00,2062-09-10 03:30:00,2062,9,9,5,2062,9,10,3,1,2
46_38,46.655,4.38,69.5,13.5,24,-999,0,571489,571627,MP,103,2063-08-07 00:00:00,2063-08-09 21:00:00,2063,8,7,0,2063,8,9,21,3,1
47_38,53.42,2.66,84.5,24.5,35.5,-999,0,590228,590396,MP,103,2064-08-31 09:30:00,2064-09-03 21:30:00,2064,8,31,9,2064,9,3,21,2,8
48_38,74.26,4.2,53.5,0,9,-999,0,609556,609662,MP,103,2065-10-08 01:30:00,2065-10-10 06:30:00,2065,10,8,1,2065,10,10,6,2,6
49_38,32.93,1.86,64.5,0,45,-999,0,625717,625845,MP,103,2066-09-09 18:00:00,2066-09-12 10:00:00,2066,9,9,18,2066,9,12,10,3,6
50_38,25.625,1.7,103.5,0,32,-999,0,626195,626401,MP,103,2066-09-19 17:00:00,2066-09-24 00:00:00,2066,9,19,17,2066,9,24,0,3,6
51_38,36.45,2.11,71.5,42,29.5,-999,0,658647,658789,MP,103,2068-07-26 19:00:00,2068-07-29 18:00:00,2068,7,26,19,2068,7,29,18,2,10
52_38,25.725,3.95,15.5,0,0,-999,0,679197,679227,MP,103,2069-09-27 22:00:00,2069-09-28 13:00:00,2069,9,27,22,2069,9,28,13,1,2
53_38,25.77,3.76,24,0,0,-999,0,679560,679607,MP,103,2069-10-05 11:30:00,2069-10-06 11:00:00,2069,10,5,11,2069,10,6,11,1,2
54_38,42.445,5.14,23.5,0,0,-999,0,694488,694534,MP,103,2070-08-12 11:30:00,2070-08-13 10:30:00,2070,8,12,11,2070,8,13,10,1,1
55_38,88.705,7.98,57,18.5,38.5,-999,0,712224,712337,MP,103,2071-08-16 23:30:00,2071-08-19 08:00:00,2071,8,16,23,2071,8,19,8,3,5
56_38,31.295,3.35,80.5,63,17.5,-999,0,731484,731644,MP,103,2072-09-21 05:30:00,2072-09-24 13:30:00,2072,9,21,5,2072,9,24,13,2,8
57_38,25.46,2.46,96.5,0,0,-999,0,747822,748014,MP,103,2073-08-27 14:30:00,2073-08-31 14:30:00,2073,8,27,14,2073,8,31,14,3,1
58_38,51.82,3.88,54,0,0,-999,0,748073,748180,MP,103,2073-09-01 20:00:00,2073-09-04 01:30:00,2073,9,1,20,2073,9,4,1,3,1
59_36,30.015,4.1,26.5,26.5,0,-999,0,763779,763831,MP,103,2074-07-26 01:00:00,2074-07-27 03:00:00,2074,7,26,1,2074,7,27,3,3,8
60_36,29.95,4.86,43,0,37,-999,0,784135,784220,MP,103,2075-09-23 03:00:00,2075-09-24 21:30:00,2075,9,23,3,2075,9,24,21,1,1
61_35,22.69,3.68,72.5,0,0,-999,0,804327,804471,MP,103,2076-11-16 19:00:00,2076-11-19 19:00:00,2076,11,16,19,2076,11,19,19,1,2
62_33,39.065,5.24,60.5,0,0,-999,0,816483,816603,MP,103,2077-07-28 01:00:00,2077-07-30 13:00:00,2077,7,28,1,2077,7,30,13,3,6
63_31,31.135,5.58,31,0,0,-999,0,816629,816690,MP,103,2077-07-31 02:00:00,2077-08-01 08:30:00,2077,7,31,2,2077,8,1,8,3,6
64_29,70.855,6.07,48.5,14,34.5,-999,0,816780,816876,MP,103,2077-08-03 05:30:00,2077-08-05 05:30:00,2077,8,3,5,2077,8,5,5,3,6
65_26,56.94,3.37,70.5,0,28.5,-999,0,836405,836545,MP,103,2078-09-16 02:00:00,2078-09-19 00:00:00,2078,9,16,2,2078,9,19,0,2,8
66_26,20.14,3.62,16.5,0,0,-999,0,836609,836641,MP,103,2078-09-20 08:00:00,2078-09-21 00:00:00,2078,9,20,8,2078,9,21,0,2,8
67_24,39.54,7.39,87.5,0,0,-999,0,855773,855947,MP,103,2079-10-24 14:00:00,2079-10-28 05:00:00,2079,10,24,14,2079,10,28,5,1,8
68_21,23.235,3.71,51,0,0,-999,0,875103,875204,MP,103,2080-11-30 07:00:00,2080-12-02 09:30:00,2080,11,30,7,2080,12,2,9,1,9
69_19,54.405,10.21,43,17,45.5,-999,0,888204,888289,MP,103,2081-08-30 05:30:00,2081-09-01 00:00:00,2081,8,30,5,2081,9,1,0,1,2
70_17,25.68,1.96,73,15,45,-999,0,905054,905199,MP,103,2082-08-16 06:30:00,2082-08-19 07:00:00,2082,8,16,6,2082,8,19,7,1,3
71_12,66.97,13.89,27.5,0,0,-999,0,905470,905524,MP,103,2082-08-24 22:30:00,2082-08-26 01:30:00,2082,8,24,22,2082,8,26,1,1,3
72_10,49.56,3.2,48.5,0,34,-999,0,924664,924760,MP,103,2083-09-28 19:30:00,2083-09-30 19:30:00,2083,9,28,19,2083,9,30,19,2,3
73_9,63.695,8.9,102.5,32.5,27,-999,0,938227,938431,MP,103,2084-07-07 09:00:00,2084-07-11 15:00:00,2084,7,7,9,2084,7,11,15,3,6
74_6,39.885,7.29,47,0,35,-999,0,957345,957438,MP,103,2085-08-09 16:00:00,2085-08-11 14:30:00,2085,8,9,16,2085,8,11,14,1,8
75_5,58.08,3.08,51,0,4,-999,0,976277,976378,MP,103,2086-09-08 02:00:00,2086-09-10 04:30:00,2086,9,8,2,2086,9,10,4,2,9
76_4,36.965,3.34,49.5,0,0,-999,0,993176,993274,MP,103,2087-08-26 03:30:00,2087-08-28 04:30:00,2087,8,26,3,2087,8,28,4,3,8
77_4,23.81,2.28,27,0,0,-999,0,1011224,1011277,MP,103,2088-09-05 03:30:00,2088-09-06 06:00:00,2088,9,5,3,2088,9,6,6,3,5
78_3,35.315,2.96,50,0,0,-999,0,1026362,1026461,MP,103,2089-07-17 12:30:00,2089-07-19 14:00:00,2089,7,17,12,2089,7,19,14,2,8
79_1,37.745,3.12,62,35,27,-999,0,1026540,1026663,MP,103,2089-07-21 05:30:00,2089-07-23 19:00:00,2089,7,21,5,2089,7,23,19,2,8
80_1,25.245,2.35,117.5,0,0,-999,0,1048170,1048404,MP,103,2090-10-14 20:30:00,2090-10-19 17:30:00,2090,10,14,20,2090,10,19,17,2,5
81,23.575,5.82,26,0,0,-999,0,1048472,1048523,MP,103,2090-10-21 03:30:00,2090-10-22 05:00:00,2090,10,21,3,2090,10,22,5,2,5
82,27.17,3.68,58.5,0,0,-999,0,1048567,1048683,MP,103,2090-10-23 03:00:00,2090-10-25 13:00:00,2090,10,23,3,2090,10,25,13,2,5
1_39,22.415,2.97,57,0,0,-999,36.5,10661,10774,MP,104,2031-08-11 02:00:00,2031-08-13 10:30:00,2031,8,11,2,2031,8,13,10,1,7
2_39,64.505,9.77,155,17.5,46.5,-999,0,10987,11296,MP,104,2031-08-17 21:00:00,2031-08-24 07:30:00,2031,8,17,21,2031,8,24,7,1,7
3_39,39.485,7.52,69.5,0,0,-999,0,33254,33392,MP,104,2032-11-23 18:30:00,2032-11-26 15:30:00,2032,11,23,18,2032,11,26,15,1,2
4_39,48.455,5.9,70,19,24.5,-999,0,63709,63848,MP,104,2034-08-20 06:00:00,2034-08-23 03:30:00,2034,8,20,6,2034,8,23,3,1,5
5_39,38.42,2.35,149.5,0,0,-999,0,84591,84889,MP,104,2035-10-29 07:00:00,2035-11-04 12:00:00,2035,10,29,7,2035,11,4,12,3,9
6_39,20.815,2.34,30,0,0,-999,0,99992,100051,MP,104,2036-09-14 03:30:00,2036-09-15 09:00:00,2036,9,14,3,2036,9,15,9,2,9
7_39,38.73,3.63,40,35,25,-999,0,100559,100638,MP,104,2036-09-25 23:00:00,2036-09-27 14:30:00,2036,9,25,23,2036,9,27,14,2,9
8_39,63.595,3.16,86.5,0,0,-999,0,134263,134435,MP,104,2038-08-29 03:00:00,2038-09-01 17:00:00,2038,8,29,3,2038,9,1,17,2,2
9_39,27.12,4.55,83,0,44.5,-999,0,151490,151655,MP,104,2039-08-23 00:30:00,2039-08-26 11:00:00,2039,8,23,0,2039,8,26,11,2,3
10_39,55.94,4.24,63.5,0,0,-999,0,152008,152134,MP,104,2039-09-02 19:30:00,2039-09-05 10:30:00,2039,9,2,19,2039,9,5,10,2,3
11_39,100.125,10.82,71,46.5,24.5,-999,0,168460,168601,MP,104,2040-08-10 13:30:00,2040-08-13 12:00:00,2040,8,10,13,2040,8,13,12,1,8
12_39,24.04,2.7,56.5,0,0,-999,0,189396,189508,MP,104,2041-10-20 17:30:00,2041-10-23 01:30:00,2041,10,20,17,2041,10,23,1,1,2
13_39,67.64,3.31,105,57.5,47.5,-999,0,204916,205125,MP,104,2042-09-09 01:30:00,2042-09-13 10:00:00,2042,9,9,1,2042,9,13,10,2,2
14_39,41.7,6,81,0,0,-999,0,223943,224104,MP,104,2043-10-10 11:00:00,2043-10-13 19:30:00,2043,10,10,11,2043,10,13,19,1,7
15_39,82.5,7.84,92,53.5,34,-999,0,237907,238090,MP,104,2044-07-27 09:00:00,2044-07-31 04:30:00,2044,7,27,9,2044,7,31,4,1,1
16_39,30.735,6.95,61.5,0,10,-999,0,260345,260467,MP,104,2045-11-06 20:00:00,2045-11-09 09:00:00,2045,11,6,20,2045,11,9,9,1,2
17_39,42.165,3.52,94.5,0,0,-999,0,277558,277746,MP,104,2046-10-31 10:30:00,2046-11-04 08:30:00,2046,10,31,10,2046,11,4,8,3,6
18_39,45.53,7.39,17.5,0,0,-999,0,292113,292147,MP,104,2047-08-30 16:00:00,2047-08-31 09:00:00,2047,8,30,16,2047,8,31,9,1,6
19_39,69.44,13.53,33.5,0,0,-999,0,292289,292355,MP,104,2047-09-03 08:00:00,2047-09-04 17:00:00,2047,9,3,8,2047,9,4,17,1,6
20_39,20.77,2.99,30.5,0,0,-999,0,306116,306176,MP,104,2048-06-17 09:30:00,2048-06-18 15:30:00,2048,6,17,9,2048,6,18,15,3,9
21_39,59.76,5.37,33.5,0,31,-999,0,306297,306363,MP,104,2048-06-21 04:00:00,2048-06-22 13:00:00,2048,6,21,4,2048,6,22,13,3,9
22_39,54.33,6.17,49.5,29.5,20,-999,0,326245,326343,MP,104,2049-08-10 18:00:00,2049-08-12 19:00:00,2049,8,10,18,2049,8,12,19,1,8
23_39,27.955,2.86,63.5,37,26.5,-999,0,326667,326793,MP,104,2049-08-19 13:00:00,2049-08-22 04:00:00,2049,8,19,13,2049,8,22,4,1,8
24_39,33.83,2.01,76.5,0,8.5,-999,0,347526,347678,MP,104,2050-10-28 02:30:00,2050-10-31 06:30:00,2050,10,28,2,2050,10,31,6,2,9
25_39,51.955,2.61,107,0,0,-999,0,366210,366423,MP,104,2051-11-21 08:30:00,2051-11-25 19:00:00,2051,11,21,8,2051,11,25,19,2,9
26_39,59.82,2.78,66.5,0,0,-999,0,380204,380336,MP,104,2052-09-07 21:30:00,2052-09-10 15:30:00,2052,9,7,21,2052,9,10,15,2,1
27_39,25.235,2.32,33,0,0,-999,0,399523,399588,MP,104,2053-10-15 09:00:00,2053-10-16 17:30:00,2053,10,15,9,2053,10,16,17,1,6
28_39,44.97,4.46,51,0,0,-999,0,399905,400006,MP,104,2053-10-23 08:00:00,2053-10-25 10:30:00,2053,10,23,8,2053,10,25,10,1,6
29_39,67.27,3.97,91,0,24,-999,0,415748,415929,MP,104,2054-09-18 09:30:00,2054-09-22 04:00:00,2054,9,18,9,2054,9,22,4,2,6
30_39,53.435,3.63,79.5,0,0,-999,0,435186,435344,MP,104,2055-10-28 08:30:00,2055-10-31 15:30:00,2055,10,28,8,2055,10,31,15,2,2
31_39,90.59,3.95,74,7,25.5,-999,0,450377,450524,MP,104,2056-09-08 20:00:00,2056-09-11 21:30:00,2056,9,8,20,2056,9,11,21,2,2
32_39,40.61,8.72,25.5,0,0,-999,0,485719,485769,MP,104,2058-09-15 03:00:00,2058-09-16 04:00:00,2058,9,15,3,2058,9,16,4,1,5
33_39,40.615,4.87,22.5,0,0,-999,0,503657,503701,MP,104,2059-09-23 20:00:00,2059-09-24 18:00:00,2059,9,23,20,2059,9,24,18,1,1
34_39,29.2,2.28,47.5,0,0,-999,0,520708,520802,MP,104,2060-09-13 01:30:00,2060-09-15 00:30:00,2060,9,13,1,2060,9,15,0,3,6
35_39,64.895,6.12,46.5,0,0,-999,0,521032,521124,MP,104,2060-09-19 19:30:00,2060-09-21 17:30:00,2060,9,19,19,2060,9,21,17,3,6
36_39,35.115,2.6,31.5,0,0,-999,0,538635,538697,MP,104,2061-09-21 13:00:00,2061-09-22 20:00:00,2061,9,21,13,2061,9,22,20,2,6
37_39,118.52,9.99,75,21.5,27,-999,0,555954,556103,MP,104,2062-09-17 08:30:00,2062-09-20 11:00:00,2062,9,17,8,2062,9,20,11,2,6
38_39,24.26,3.64,67.5,0,0,-999,0,575343,575477,MP,104,2063-10-26 07:00:00,2063-10-29 02:00:00,2063,10,26,7,2063,10,29,2,1,2
39_39,26.345,3.13,39.5,0,0,-999,0,589682,589760,MP,104,2064-08-20 00:30:00,2064-08-21 15:30:00,2064,8,20,0,2064,8,21,15,1,1
40_39,48.53,7.01,18.5,0,0,-999,0,590184,590220,MP,104,2064-08-30 11:30:00,2064-08-31 05:30:00,2064,8,30,11,2064,8,31,5,1,1
41_39,55.5,3.67,69.5,0.5,107,-999,0,608675,608813,MP,104,2065-09-19 17:00:00,2065-09-22 14:00:00,2065,9,19,17,2065,9,22,14,3,8
42_39,49.06,3.54,67,0,67,-999,0,627452,627585,MP,104,2066-10-15 21:30:00,2066-10-18 16:00:00,2066,10,15,21,2066,10,18,16,3,5
43_39,72.01,5.99,36.5,0,0,-999,0,642831,642903,MP,104,2067-09-01 07:00:00,2067-09-02 19:00:00,2067,9,1,7,2067,9,2,19,3,6
44_39,41.485,6.53,60.5,23,37.5,-999,0,695064,695184,MP,104,2070-08-24 11:30:00,2070-08-26 23:30:00,2070,8,24,11,2070,8,26,23,1,3
45_39,23.285,2.13,51,9.5,41.5,-999,0,715039,715140,MP,104,2071-10-14 15:00:00,2071-10-16 17:30:00,2071,10,14,15,2071,10,16,17,3,8
46_39,44.015,2.41,72,0,0,-999,0,726176,726319,MP,104,2072-06-02 15:30:00,2072-06-05 15:00:00,2072,6,2,15,2072,6,5,15,2,1
47_39,34.065,4.18,19.5,0,0,-999,0,767955,767993,MP,104,2074-10-21 01:00:00,2074-10-21 20:00:00,2074,10,21,1,2074,10,21,20,1,5
48_39,31.975,4.64,20,0,0,-999,0,780207,780246,MP,104,2075-07-03 07:00:00,2075-07-04 02:30:00,2075,7,3,7,2075,7,4,2,1,5
49_39,28.965,2.06,56.5,0,0,-999,0,796590,796702,MP,104,2076-06-08 14:30:00,2076-06-10 22:30:00,2076,6,8,14,2076,6,10,22,2,9
50_39,53.875,2.53,70.5,0,110.5,-999,0,818856,818996,MP,104,2077-09-15 11:30:00,2077-09-18 09:30:00,2077,9,15,11,2077,9,18,9,2,6
51_39,22.88,3.82,46,0,0,-999,0,838554,838645,MP,104,2078-10-30 20:30:00,2078-11-01 18:00:00,2078,10,30,20,2078,11,1,18,3,5
52_39,31.335,3.75,50.5,0,0,-999,0,838845,838945,MP,104,2078-11-05 22:00:00,2078-11-08 00:00:00,2078,11,5,22,2078,11,8,0,3,5
53_39,30.845,2.41,34,0,0,-999,0,854974,855041,MP,104,2079-10-07 22:30:00,2079-10-09 08:00:00,2079,10,7,22,2079,10,9,8,1,9
54_39,43.425,7.08,52,0,0,-999,0,855114,855217,MP,104,2079-10-10 20:30:00,2079-10-13 00:00:00,2079,10,10,20,2079,10,13,0,1,9
55_39,28.245,4.12,18.5,0,0,-999,0,874637,874673,MP,104,2080-11-20 14:00:00,2080-11-21 08:00:00,2080,11,20,14,2080,11,21,8,1,2
56_39,47.03,8.34,35.5,29,6.5,-999,0,888056,888126,MP,104,2081-08-27 03:30:00,2081-08-28 14:30:00,2081,8,27,3,2081,8,28,14,1,9
57_39,76.35,10.84,37,36.5,0.5,-999,0,888550,888623,MP,104,2081-09-06 10:30:00,2081-09-07 23:00:00,2081,9,6,10,2081,9,7,23,1,9
58_39,137.735,6.59,55,0,0,-999,0,906697,906806,MP,104,2082-09-19 12:00:00,2082-09-21 18:30:00,2082,9,19,12,2082,9,21,18,2,8
59_37,97.15,5.12,68,25,23.5,-999,0,923565,923700,MP,104,2083-09-05 22:00:00,2083-09-08 17:30:00,2083,9,5,22,2083,9,8,17,2,8
60_37,45.615,5.12,41,0,2,-999,0,940419,940500,MP,104,2084-08-22 01:00:00,2084-08-23 17:30:00,2084,8,22,1,2084,8,23,17,1,5
61_36,58.32,7.41,45,22.5,22.5,-999,0,976012,976101,MP,104,2086-09-02 13:30:00,2086-09-04 10:00:00,2086,9,2,13,2086,9,4,10,1,8
62_34,24.54,2.97,35.5,0,0,-999,0,992373,992443,MP,104,2087-08-09 10:00:00,2087-08-10 21:00:00,2087,8,9,10,2087,8,10,21,2,9
63_32,25.44,2.39,53,0,0,-999,0,992862,992967,MP,104,2087-08-19 14:30:00,2087-08-21 19:00:00,2087,8,19,14,2087,8,21,19,2,9
64_30,134.65,3.23,132.5,0,0,-999,0,1011241,1011505,MP,104,2088-09-05 12:00:00,2088-09-11 00:00:00,2088,9,5,12,2088,9,11,0,2,7
1_40,77.425,4.52,107,13.5,34.5,-999,0,13275,13488,MP,105,2031-10-04 13:00:00,2031-10-08 23:30:00,2031,10,4,13,2031,10,8,23,2,2
2_40,78.385,7.09,87,19,34,-999,0,28645,28818,MP,105,2032-08-19 18:00:00,2032-08-23 08:30:00,2032,8,19,18,2032,8,23,8,2,8
3_40,22.28,5.91,12.5,0,0,-999,0,48900,48924,MP,105,2033-10-15 17:30:00,2033-10-16 05:30:00,2033,10,15,17,2033,10,16,5,2,1
4_40,51.05,4.24,46,0,0,-999,0,49176,49267,MP,105,2033-10-21 11:30:00,2033-10-23 09:00:00,2033,10,21,11,2033,10,23,9,2,1
5_40,32.54,3.6,19.5,0,0,-999,0,66126,66164,MP,105,2034-10-09 14:30:00,2034-10-10 09:30:00,2034,10,9,14,2034,10,10,9,3,6
6_40,61.26,6.01,46.5,20,26.5,-999,0,80057,80149,MP,105,2035-07-26 20:00:00,2035-07-28 18:00:00,2035,7,26,20,2035,7,28,18,2,7
7_40,36.59,1.88,108,0,0,-999,0,80454,80669,MP,105,2035-08-04 02:30:00,2035-08-08 14:00:00,2035,8,4,2,2035,8,8,14,2,7
8_40,30.825,4.92,32.5,0,0,-999,0,102507,102571,MP,105,2036-11-05 13:00:00,2036-11-06 21:00:00,2036,11,5,13,2036,11,6,21,1,6
9_40,56.27,4.05,71,0,0,-999,0,114899,115040,MP,105,2037-07-21 17:00:00,2037-07-24 15:30:00,2037,7,21,17,2037,7,24,15,2,10
10_40,54.905,5.26,61.5,0,0,-999,0,134973,135095,MP,105,2038-09-12 22:00:00,2038-09-15 11:00:00,2038,9,12,22,2038,9,15,11,3,6
11_40,49.835,4.03,63.5,0,17.5,-999,0,152833,152959,MP,105,2039-09-20 00:00:00,2039-09-22 15:00:00,2039,9,20,0,2039,9,22,15,2,2
12_40,62.035,4.99,121,58.5,56,-999,0,167489,167730,MP,105,2040-07-21 08:00:00,2040-07-26 08:30:00,2040,7,21,8,2040,7,26,8,2,9
13_40,55.595,8.56,61.5,0,0,-999,0,188200,188322,MP,105,2041-09-25 19:30:00,2041-09-28 08:30:00,2041,9,25,19,2041,9,28,8,1,6
14_40,27.1,1.69,50.5,0,13.5,-999,0,225915,226015,MP,105,2043-11-20 13:00:00,2043-11-22 15:00:00,2043,11,20,13,2043,11,22,15,3,6
15_40,31.06,5.29,40,0,0,-999,0,243166,243245,MP,105,2044-11-13 22:30:00,2044-11-15 14:00:00,2044,11,13,22,2044,11,15,14,1,2
16_40,21.995,2.6,24.5,0,0,-999,0,258090,258138,MP,105,2045-09-20 20:30:00,2045-09-21 20:30:00,2045,9,20,20,2045,9,21,20,2,5
17_40,35.14,5.29,29,0,0,-999,0,275341,275398,MP,105,2046-09-15 06:00:00,2046-09-16 10:30:00,2046,9,15,6,2046,9,16,10,1,5
18_40,24.455,4.85,34.5,0,0,-999,0,295043,295111,MP,105,2047-10-30 17:00:00,2047-11-01 03:00:00,2047,10,30,17,2047,11,1,3,1,2
19_40,78.81,3.26,95,16.5,43,-999,0,307422,307611,MP,105,2048-07-14 14:30:00,2048-07-18 13:00:00,2048,7,14,14,2048,7,18,13,2,5
20_40,21.005,3,31,0,0,-999,0,328883,328944,MP,105,2049-10-04 17:00:00,2049-10-05 23:30:00,2049,10,4,17,2049,10,5,23,1,8
21_40,70.485,6.8,54,0,5,-999,0,329224,329331,MP,105,2049-10-11 19:30:00,2049-10-14 01:00:00,2049,10,11,19,2049,10,14,1,1,8
22_40,59.895,6.17,93,43,50,-999,0,343345,343530,MP,105,2050-08-02 00:00:00,2050-08-05 20:30:00,2050,8,2,0,2050,8,5,20,1,6
23_40,25.335,4.06,27,0,0,-999,0,362996,363049,MP,105,2051-09-15 09:30:00,2051-09-16 12:00:00,2051,9,15,9,2051,9,16,12,2,8
24_40,29.78,1.79,65,0,0,-999,0,363346,363475,MP,105,2051-09-22 16:30:00,2051-09-25 09:00:00,2051,9,22,16,2051,9,25,9,2,8
25_40,34.225,6.44,59.5,0,0,-999,0,377423,377541,MP,105,2052-07-11 23:00:00,2052-07-14 10:00:00,2052,7,11,23,2052,7,14,10,1,1
26_40,74.045,3.6,68,0,0,-999,0,395618,395753,MP,105,2053-07-26 00:30:00,2053-07-28 20:00:00,2053,7,26,0,2053,7,28,20,2,6
27_40,48.775,4.55,51,0,0,-999,0,395772,395873,MP,105,2053-07-29 05:30:00,2053-07-31 08:00:00,2053,7,29,5,2053,7,31,8,2,6
28_40,80.195,5.55,75.5,2.5,42.5,-999,0,416065,416215,MP,105,2054-09-25 00:00:00,2054-09-28 03:00:00,2054,9,25,0,2054,9,28,3,3,10
29_40,20.27,3.29,26,0,0,-999,0,435577,435628,MP,105,2055-11-05 12:00:00,2055-11-06 13:30:00,2055,11,5,12,2055,11,6,13,2,8
30_40,73.655,2.85,109,0,0,-999,0,435960,436177,MP,105,2055-11-13 11:30:00,2055-11-18 00:00:00,2055,11,13,11,2055,11,18,0,2,8
31_40,20.49,1.9,22,0,0,-999,0,450617,450660,MP,105,2056-09-13 20:00:00,2056-09-14 17:30:00,2056,9,13,20,2056,9,14,17,1,9
32_40,37.32,4.48,27.5,0,0,-999,0,451056,451110,MP,105,2056-09-22 23:30:00,2056-09-24 02:30:00,2056,9,22,23,2056,9,24,2,1,9
33_40,28.01,4.99,28,0,0,-999,0,466737,466792,MP,105,2057-08-15 16:00:00,2057-08-16 19:30:00,2057,8,15,16,2057,8,16,19,2,7
34_40,32.61,1.58,71.5,0,0,-999,0,467156,467298,MP,105,2057-08-24 09:30:00,2057-08-27 08:30:00,2057,8,24,9,2057,8,27,8,2,7
35_40,53.205,3.73,43.5,27.5,16,-999,0,485729,485815,MP,105,2058-09-15 08:00:00,2058-09-17 03:00:00,2058,9,15,8,2058,9,17,3,3,6
36_40,102.805,6.26,111,3,48,-999,0,501660,501881,MP,105,2059-08-13 05:30:00,2059-08-17 20:00:00,2059,8,13,5,2059,8,17,20,2,6
37_40,41.375,4.79,29,22.5,6.5,-999,0,518553,518610,MP,105,2060-07-30 04:00:00,2060-07-31 08:30:00,2060,7,30,4,2060,7,31,8,1,10
38_40,61.83,5.73,51.5,0,0,-999,0,554074,554176,MP,105,2062-08-09 04:30:00,2062-08-11 07:30:00,2062,8,9,4,2062,8,11,7,3,8
39_40,29.66,2.4,74.5,0,0,-999,0,575729,575877,MP,105,2063-11-03 08:00:00,2063-11-06 10:00:00,2063,11,3,8,2063,11,6,10,1,8
40_40,22.67,2.38,58,0,51.5,-999,0,589722,589837,MP,105,2064-08-20 20:30:00,2064-08-23 06:00:00,2064,8,20,20,2064,8,23,6,3,10
41_40,65.555,5.22,45.5,35.5,10,-999,0,590164,590254,MP,105,2064-08-30 01:30:00,2064-08-31 22:30:00,2064,8,30,1,2064,8,31,22,3,10
42_40,39.3,3.52,77,0,0,-999,0,610807,610960,MP,105,2065-11-03 03:00:00,2065-11-06 07:30:00,2065,11,3,3,2065,11,6,7,3,6
43_40,49.775,3.96,86,0,0,-999,0,624676,624847,MP,105,2066-08-19 01:30:00,2066-08-22 15:00:00,2066,8,19,1,2066,8,22,15,2,6
44_40,45.395,4.49,45.5,15,24,-999,0,643704,643794,MP,105,2067-09-19 11:30:00,2067-09-21 08:30:00,2067,9,19,11,2067,9,21,8,3,9
45_40,21.13,2.38,21.5,0,0,-999,0,663952,663994,MP,105,2068-11-14 07:30:00,2068-11-15 04:30:00,2068,11,14,7,2068,11,15,4,3,2
46_40,50.965,3.4,116,0,0,-999,0,664426,664657,MP,105,2068-11-24 04:30:00,2068-11-29 00:00:00,2068,11,24,4,2068,11,29,0,3,2
47_40,35.65,4.64,88,0,0,-999,0,682194,682369,MP,105,2069-11-29 08:30:00,2069-12-03 00:00:00,2069,11,29,8,2069,12,3,0,1,2
48_40,44.54,5.36,50.5,0,0,-999,0,698343,698443,MP,105,2070-10-31 19:00:00,2070-11-02 21:00:00,2070,10,31,19,2070,11,2,21,1,5
49_40,51.665,8.7,50.5,0,2,-999,0,714117,714217,MP,105,2071-09-25 10:00:00,2071-09-27 12:00:00,2071,9,25,10,2071,9,27,12,1,8
50_40,20.435,2.4,16.5,0,0,-999,0,731038,731070,MP,105,2072-09-11 22:30:00,2072-09-12 14:30:00,2072,9,11,22,2072,9,12,14,1,8
51_40,52.615,10.09,37,0,3.5,-999,0,731539,731612,MP,105,2072-09-22 09:00:00,2072-09-23 21:30:00,2072,9,22,9,2072,9,23,21,1,8
52_40,52.795,2.91,78.5,46,32,-999,0,748398,748554,MP,105,2073-09-08 14:30:00,2073-09-11 20:30:00,2073,9,8,14,2073,9,11,20,2,9
53_40,66.035,5.54,46.5,20,26.5,-999,0,764188,764280,MP,105,2074-08-03 13:30:00,2074-08-05 11:30:00,2074,8,3,13,2074,8,5,11,2,5
54_40,39.665,2.57,49,35.5,13.5,-999,0,784753,784850,MP,105,2075-10-06 00:00:00,2075-10-08 00:30:00,2075,10,6,0,2075,10,8,0,3,6
55_40,46.085,3.76,37,28,0,-999,0,801882,801955,MP,105,2076-09-26 20:30:00,2076-09-28 09:00:00,2076,9,26,20,2076,9,28,9,3,9
56_40,28.595,3.78,40.5,0,35.5,-999,0,816003,816083,MP,105,2077-07-18 01:00:00,2077-07-19 17:00:00,2077,7,18,1,2077,7,19,17,1,9
57_40,22.85,2.59,62.5,27,26.5,-999,0,816123,816247,MP,105,2077-07-20 13:00:00,2077-07-23 03:00:00,2077,7,20,13,2077,7,23,3,1,9
58_40,32.17,4.23,46.5,0,0,-999,0,838487,838579,MP,105,2078-10-29 11:00:00,2078-10-31 09:00:00,2078,10,29,11,2078,10,31,9,1,9
59_38,23.595,5.29,18.5,0,0,-999,0,856115,856151,MP,105,2079-10-31 17:00:00,2079-11-01 11:00:00,2079,10,31,17,2079,11,1,11,1,8
60_38,40.745,6.86,20.5,0,0,-999,0,872124,872164,MP,105,2080-09-29 05:30:00,2080-09-30 01:30:00,2080,9,29,5,2080,9,30,1,1,2
61_37,92.58,13.32,94,0,25,-999,0,905799,905986,MP,105,2082-08-31 19:00:00,2082-09-04 16:30:00,2082,8,31,19,2082,9,4,16,2,5
62_35,26.365,2.32,83,17,66,-999,0,924777,924942,MP,105,2083-10-01 04:00:00,2083-10-04 14:30:00,2083,10,1,4,2083,10,4,14,3,9
63_33,24.47,2.72,25,0,0,-999,0,942164,942213,MP,105,2084-09-27 09:30:00,2084-09-28 10:00:00,2084,9,27,9,2084,9,28,10,1,9
64_31,41.725,2.84,54,0,0,-999,0,955688,955795,MP,105,2085-07-06 03:30:00,2085-07-08 09:00:00,2085,7,6,3,2085,7,8,9,3,1
65_27,38.595,4.95,27.5,15,12.5,-999,0,977375,977429,MP,105,2086-09-30 23:00:00,2086-10-02 02:00:00,2086,9,30,23,2086,10,2,2,1,9
66_27,21.855,3.73,28.5,0,0,-999,0,996428,996484,MP,105,2087-11-01 21:30:00,2087-11-03 01:30:00,2087,11,1,21,2087,11,3,1,3,4
67_25,32.275,2.53,70.5,0,0,-999,0,996744,996884,MP,105,2087-11-08 11:30:00,2087-11-11 09:30:00,2087,11,8,11,2087,11,11,9,3,4
68_22,62.08,6.27,122.5,0,0,-999,0,1009742,1009986,MP,105,2088-08-05 06:30:00,2088-08-10 08:30:00,2088,8,5,6,2088,8,10,8,1,2
69_20,22.905,4.42,46,0,0,-999,0,1045329,1045420,MP,105,2090-08-16 16:00:00,2090-08-18 13:30:00,2090,8,16,16,2090,8,18,13,1,9
1_41,68.88,5.96,47.5,31,25.5,-999,0,9978,10072,MP,106,2031-07-27 20:30:00,2031-07-29 19:30:00,2031,7,27,20,2031,7,29,19,3,6
2_41,56.19,4.7,99.5,0,0,-999,0,31317,31515,MP,106,2032-10-14 10:00:00,2032-10-18 13:00:00,2032,10,14,10,2032,10,18,13,2,6
3_41,62.115,4.44,44.5,0,29.5,-999,0,46263,46351,MP,106,2033-08-21 19:00:00,2033-08-23 15:00:00,2033,8,21,19,2033,8,23,15,2,1
4_41,23.795,2.59,55.5,0,0,-999,0,83139,83249,MP,106,2035-09-29 01:00:00,2035-10-01 08:00:00,2035,9,29,1,2035,10,1,8,3,1
5_41,40.295,3.26,29.5,0,0,-999,0,83392,83450,MP,106,2035-10-04 07:30:00,2035-10-05 12:30:00,2035,10,4,7,2035,10,5,12,3,1
6_41,42.85,4.26,62.5,0,8,-999,0,83492,83616,MP,106,2035-10-06 09:30:00,2035-10-08 23:30:00,2035,10,6,9,2035,10,8,23,3,1
7_41,39.49,3.74,57.5,4.5,32.5,-999,0,98084,98198,MP,106,2036-08-05 09:30:00,2036-08-07 18:30:00,2036,8,5,9,2036,8,7,18,3,6
8_41,33.45,7,30,0,0,-999,0,120642,120701,MP,106,2037-11-18 08:30:00,2037-11-19 14:00:00,2037,11,18,8,2037,11,19,14,1,2
9_41,37.415,1.8,89,11,49.5,-999,0,135377,135554,MP,106,2038-09-21 08:00:00,2038-09-25 00:30:00,2038,9,21,8,2038,9,25,0,2,2
10_41,39.74,2.42,119,15.5,29,-999,0,150820,151057,MP,106,2039-08-09 01:30:00,2039-08-14 00:00:00,2039,8,9,1,2039,8,14,0,2,4
11_41,94.55,7.06,49,0,0,-999,0,169832,169929,MP,106,2040-09-08 03:30:00,2040-09-10 04:00:00,2040,9,8,3,2040,9,10,4,2,6
12_41,31.605,1.77,54.5,0,0,-999,0,189138,189246,MP,106,2041-10-15 08:30:00,2041-10-17 14:30:00,2041,10,15,8,2041,10,17,14,2,4
13_41,34.915,5.53,32.5,0,0,-999,0,206363,206427,MP,106,2042-10-09 05:00:00,2042-10-10 13:00:00,2042,10,9,5,2042,10,10,13,1,3
14_41,28.86,2.46,46,0,0,-999,0,219551,219642,MP,106,2043-07-10 23:00:00,2043-07-12 20:30:00,2043,7,10,23,2043,7,12,20,3,8
15_41,24.065,4.18,21,0,0,-999,0,238010,238051,MP,106,2044-07-29 12:30:00,2044-07-30 09:00:00,2044,7,29,12,2044,7,30,9,1,9
16_41,29.935,2.8,59.5,0,0,-999,0,257723,257841,MP,106,2045-09-13 05:00:00,2045-09-15 16:00:00,2045,9,13,5,2045,9,15,16,2,1
17_41,34.66,1.13,96.5,46,57.5,-999,0,258003,258195,MP,106,2045-09-19 01:00:00,2045-09-23 01:00:00,2045,9,19,1,2045,9,23,1,2,1
18_41,27.335,1.72,62,0,0,-999,0,274129,274252,MP,106,2046-08-21 00:00:00,2046-08-23 13:30:00,2046,8,21,0,2046,8,23,13,2,9
19_41,21.715,0.99,83,0,0,-999,0,295673,295838,MP,106,2047-11-12 20:00:00,2047-11-16 06:30:00,2047,11,12,20,2047,11,16,6,2,8
20_41,49.39,3.19,91.5,0,0,-999,0,311023,311205,MP,106,2048-09-27 15:00:00,2048-10-01 10:00:00,2048,9,27,15,2048,10,1,10,3,10
21_41,59.74,2.58,67.5,0,0,-999,0,326452,326586,MP,106,2049-08-15 01:30:00,2049-08-17 20:30:00,2049,8,15,1,2049,8,17,20,2,1
22_41,25.085,2.72,35,0,0,-999,0,343349,343418,MP,106,2050-08-02 02:00:00,2050-08-03 12:30:00,2050,8,2,2,2050,8,3,12,3,9
23_41,46.17,3.42,51.5,0,0,-999,0,363726,363828,MP,106,2051-09-30 14:30:00,2051-10-02 17:30:00,2051,9,30,14,2051,10,2,17,2,5
24_41,40.395,3.88,80.5,12,68.5,-999,0,379428,379588,MP,106,2052-08-22 17:30:00,2052-08-26 01:30:00,2052,8,22,17,2052,8,26,1,2,7
25_41,25.52,5.25,76,0,0,-999,0,401548,401699,MP,106,2053-11-26 13:30:00,2053-11-29 17:00:00,2053,11,26,13,2053,11,29,17,1,8
26_41,53.805,6.16,36,21,15,-999,0,415004,415075,MP,106,2054-09-02 21:30:00,2054-09-04 09:00:00,2054,9,2,21,2054,9,4,9,3,9
27_41,24.485,3.09,41.5,0,0,-999,0,433699,433781,MP,106,2055-09-27 09:00:00,2055-09-29 02:00:00,2055,9,27,9,2055,9,29,2,1,5
28_41,62.305,6.02,51,0,0,-999,0,434048,434149,MP,106,2055-10-04 15:30:00,2055-10-06 18:00:00,2055,10,4,15,2055,10,6,18,1,5
29_41,22.605,2.65,33,0,0,-999,0,450307,450372,MP,106,2056-09-07 09:00:00,2056-09-08 17:30:00,2056,9,7,9,2056,9,8,17,3,6
30_41,45.715,5.59,85,0,0,-999,0,450609,450778,MP,106,2056-09-13 16:00:00,2056-09-17 04:30:00,2056,9,13,16,2056,9,17,4,3,6
31_41,24.115,3.71,74.5,0,40,-999,0,466566,466714,MP,106,2057-08-12 02:30:00,2057-08-15 04:30:00,2057,8,12,2,2057,8,15,4,2,7
32_41,55.455,2.17,50,0,0,-999,0,467029,467128,MP,106,2057-08-21 18:00:00,2057-08-23 19:30:00,2057,8,21,18,2057,8,23,19,2,7
33_41,29.515,5.16,56,4,13,-999,0,486778,486889,MP,106,2058-10-07 04:30:00,2058-10-09 12:00:00,2058,10,7,4,2058,10,9,12,1,7
34_41,66.955,10.47,30.5,20,10.5,-999,0,500137,500197,MP,106,2059-07-12 12:00:00,2059-07-13 18:00:00,2059,7,12,12,2059,7,13,18,1,6
35_41,53.575,5.09,39,0,0,-999,0,519995,520072,MP,106,2060-08-29 05:00:00,2060-08-30 19:30:00,2060,8,29,5,2060,8,30,19,3,9
36_41,32.85,2.38,35.5,0,30.5,-999,0,520141,520211,MP,106,2060-09-01 06:00:00,2060-09-02 17:00:00,2060,9,1,6,2060,9,2,17,3,9
37_41,37.4,4.46,65,35,30,-999,0,534981,535110,MP,106,2061-07-07 10:00:00,2061-07-10 02:30:00,2061,7,7,10,2061,7,10,2,3,7
38_41,46.56,4.64,25,14.5,10.5,-999,0,535392,535441,MP,106,2061-07-15 23:30:00,2061-07-17 00:00:00,2061,7,15,23,2061,7,17,0,3,7
39_41,38.56,3.04,93.5,0,0,-999,0,552473,552659,MP,106,2062-07-06 20:00:00,2062-07-10 17:00:00,2062,7,6,20,2062,7,10,17,2,6
40_41,23.23,4.61,26,0,0,-999,0,573843,573894,MP,106,2063-09-25 01:00:00,2063-09-26 02:30:00,2063,9,25,1,2063,9,26,2,3,10
41_41,25.575,2.73,42,0,0,-999,0,574305,574388,MP,106,2063-10-04 16:00:00,2063-10-06 09:30:00,2063,10,4,16,2063,10,6,9,3,10
42_41,151.195,11.87,142,0,19.5,-999,0,589894,590177,MP,106,2064-08-24 10:30:00,2064-08-30 08:00:00,2064,8,24,10,2064,8,30,8,3,6
43_41,21.42,3.49,33,0,0,-999,0,608999,609064,MP,106,2065-09-26 11:00:00,2065-09-27 19:30:00,2065,9,26,11,2065,9,27,19,3,5
44_41,63.82,6.72,21,0,0,-999,0,609442,609483,MP,106,2065-10-05 16:30:00,2065-10-06 13:00:00,2065,10,5,16,2065,10,6,13,3,5
45_41,48.415,2.11,121.5,0,0,-999,0,623666,623908,MP,106,2066-07-29 00:30:00,2066-08-03 01:30:00,2066,7,29,0,2066,8,3,1,2,1
46_41,70.265,3.59,86,0,0,-999,0,623926,624097,MP,106,2066-08-03 10:30:00,2066-08-07 00:00:00,2066,8,3,10,2066,8,7,0,2,1
47_41,45.625,3.19,73,21.5,51.5,-999,0,642079,642224,MP,106,2067-08-16 15:00:00,2067-08-19 15:30:00,2067,8,16,15,2067,8,19,15,2,8
48_41,45.8,5.86,29.5,0,0,-999,0,660214,660272,MP,106,2068-08-28 10:30:00,2068-08-29 15:30:00,2068,8,28,10,2068,8,29,15,1,7
49_41,20.575,1.87,36.5,0,0,-999,0,679888,679960,MP,106,2069-10-12 07:30:00,2069-10-13 19:30:00,2069,10,12,7,2069,10,13,19,3,8
50_41,42.86,3.28,67.5,0,0,-999,0,694839,694973,MP,106,2070-08-19 19:00:00,2070-08-22 14:00:00,2070,8,19,19,2070,8,22,14,2,6
51_41,36.29,1.4,144.5,0,18,-999,0,694993,695281,MP,106,2070-08-23 00:00:00,2070-08-29 00:00:00,2070,8,23,0,2070,8,29,0,2,6
52_41,60.535,5.69,81,81,0,-999,0,710575,710736,MP,106,2071-07-13 15:00:00,2071-07-16 23:30:00,2071,7,13,15,2071,7,16,23,3,10
53_41,56.465,5.67,117.5,0,0,-999,0,751735,751969,MP,106,2073-11-17 03:00:00,2073-11-22 00:00:00,2073,11,17,3,2073,11,22,0,1,2
54_41,71.07,4.99,70,21.5,30,-999,0,767911,768050,MP,106,2074-10-20 03:00:00,2074-10-23 00:30:00,2074,10,20,3,2074,10,23,0,3,8
55_41,45.71,7.65,28,0,0,-999,0,785534,785589,MP,106,2075-10-22 06:30:00,2075-10-23 10:00:00,2075,10,22,6,2075,10,23,10,1,6
56_41,41.1,3.29,41.5,0,0,-999,0,799409,799491,MP,106,2076-08-06 08:00:00,2076-08-08 01:00:00,2076,8,6,8,2076,8,8,1,3,7
57_41,32.58,2.54,36.5,0,14.5,-999,0,818271,818343,MP,106,2077-09-03 07:00:00,2077-09-04 19:00:00,2077,9,3,7,2077,9,4,19,2,6
58_41,180.555,11.85,72,35,29,-999,0,818751,818894,MP,106,2077-09-13 07:00:00,2077-09-16 06:30:00,2077,9,13,7,2077,9,16,6,2,6
59_39,34.275,5.76,24.5,0,0,-999,0,835574,835622,MP,106,2078-08-29 18:30:00,2078-08-30 18:30:00,2078,8,29,18,2078,8,30,18,1,1
60_39,29.82,4.02,33,0,0,-999,0,873459,873524,MP,106,2080-10-27 01:00:00,2080-10-28 09:30:00,2080,10,27,1,2080,10,28,9,1,2
61_38,35.03,5.88,29.5,0,0,-999,0,887705,887763,MP,106,2081-08-19 20:00:00,2081-08-21 01:00:00,2081,8,19,20,2081,8,21,1,1,6
62_36,72.48,3.87,63.5,0,0,-999,0,905382,905508,MP,106,2082-08-23 02:30:00,2082-08-25 17:30:00,2082,8,23,2,2082,8,25,17,2,9
63_34,77.105,3.26,105.5,0,0,-999,0,922755,922965,MP,106,2083-08-20 01:00:00,2083-08-24 10:00:00,2083,8,20,1,2083,8,24,10,2,9
64_32,70.2,2.09,110.5,0,0,-999,0,940818,941038,MP,106,2084-08-30 08:30:00,2084-09-03 22:30:00,2084,8,30,8,2084,9,3,22,2,2
65_28,22.54,3.19,42,0,0,-999,0,958695,958778,MP,106,2085-09-06 19:00:00,2085-09-08 12:30:00,2085,9,6,19,2085,9,8,12,2,8
66_28,36.665,2.29,63.5,0,0,-999,0,972498,972624,MP,106,2086-06-21 08:30:00,2086-06-23 23:30:00,2086,6,21,8,2086,6,23,23,2,9
67_26,24.73,1.9,55,0,10.5,-999,0,994221,994330,MP,106,2087-09-16 22:00:00,2087-09-19 04:30:00,2087,9,16,22,2087,9,19,4,2,8
68_23,26.4,1.88,41,0,0,-999,0,994604,994685,MP,106,2087-09-24 21:30:00,2087-09-26 14:00:00,2087,9,24,21,2087,9,26,14,2,8
69_21,24.67,4.5,74.5,35,22.5,-999,0,1009962,1010110,MP,106,2088-08-09 20:30:00,2088-08-12 22:30:00,2088,8,9,20,2088,8,12,22,1,1
70_18,27.635,6.62,38,0,0,-999,0,1028666,1028741,MP,106,2089-09-03 12:30:00,2089-09-05 02:00:00,2089,9,3,12,2089,9,5,2,1,8
71_13,54.91,4.65,68,0,5,-999,0,1028817,1028952,MP,106,2089-09-06 16:00:00,2089-09-09 11:30:00,2089,9,6,16,2089,9,9,11,1,8
72_11,26.385,3.69,28,20.5,7.5,-999,0,1044897,1044952,MP,106,2090-08-07 16:00:00,2090-08-08 19:30:00,2090,8,7,16,2090,8,8,19,3,8
1_42,42.35,5.32,27.5,0,0,-999,0,15105,15159,MP,107,2031-11-11 16:00:00,2031-11-12 19:00:00,2031,11,11,16,2031,11,12,19,1,5
2_42,66.095,5.25,67,20,42.5,-999,0,28893,29026,MP,107,2032-08-24 22:00:00,2032-08-27 16:30:00,2032,8,24,22,2032,8,27,16,3,9
3_42,30.335,5.04,23,0,0,-999,0,48541,48586,MP,107,2033-10-08 06:00:00,2033-10-09 04:30:00,2033,10,8,6,2033,10,9,4,1,9
4_42,22.325,2.53,46,0,0,-999,0,62948,63039,MP,107,2034-08-04 09:30:00,2034-08-06 07:00:00,2034,8,4,9,2034,8,6,7,1,5
5_42,31.835,1.79,117.5,6,120,-999,0,63194,63428,MP,107,2034-08-09 12:30:00,2034-08-14 09:30:00,2034,8,9,12,2034,8,14,9,1,5
6_42,73.57,11.17,20.5,0,13.5,-999,0,63527,63567,MP,107,2034-08-16 11:00:00,2034-08-17 07:00:00,2034,8,16,11,2034,8,17,7,1,5
7_42,33.24,1.59,78.5,0,44,-999,0,79618,79774,MP,107,2035-07-17 16:30:00,2035-07-20 22:30:00,2035,7,17,16,2035,7,20,22,2,8
8_42,121.555,5.83,120.5,0,0,-999,0,79890,80130,MP,107,2035-07-23 08:30:00,2035-07-28 08:30:00,2035,7,23,8,2035,7,28,8,2,8
9_42,63.33,8.76,45.5,11.5,27,-999,0,99141,99231,MP,107,2036-08-27 10:00:00,2036-08-29 07:00:00,2036,8,27,10,2036,8,29,7,1,6
10_42,53.78,3.42,57.5,24.5,28,-999,0,134692,134806,MP,107,2038-09-07 01:30:00,2038-09-09 10:30:00,2038,9,7,1,2038,9,9,10,2,6
11_42,79.205,7.84,36,20.5,15.5,-999,0,153272,153343,MP,107,2039-09-29 03:30:00,2039-09-30 15:00:00,2039,9,29,3,2039,9,30,15,3,9
12_42,56.305,5.98,68.5,0,25,-999,0,170203,170339,MP,107,2040-09-15 21:00:00,2040-09-18 17:00:00,2040,9,15,21,2040,9,18,17,3,6
13_42,37.69,7.02,25,0,0,-999,0,183591,183640,MP,107,2041-06-21 19:00:00,2041-06-22 19:30:00,2041,6,21,19,2041,6,22,19,1,5
14_42,97.07,4.51,91.5,12,102,-999,0,203554,203736,MP,107,2042-08-11 16:30:00,2042-08-15 11:30:00,2042,8,11,16,2042,8,15,11,2,2
15_42,89.28,11.1,33,12.5,20.5,-999,0,224146,224211,MP,107,2043-10-14 16:30:00,2043-10-16 01:00:00,2043,10,14,16,2043,10,16,1,1,9
16_42,36.785,5.79,21.5,0,0,-999,0,239568,239610,MP,107,2044-08-30 23:30:00,2044-08-31 20:30:00,2044,8,30,23,2044,8,31,20,1,6
17_42,52.505,6.07,29,0,0,-999,0,258382,258439,MP,107,2045-09-26 22:30:00,2045-09-28 03:00:00,2045,9,26,22,2045,9,28,3,1,9
18_42,37.3,4.11,38.5,0,0,-999,0,274896,274972,MP,107,2046-09-05 23:30:00,2046-09-07 13:30:00,2046,9,5,23,2046,9,7,13,2,8
19_42,43.925,3.49,78,36,33.5,-999,0,275359,275514,MP,107,2046-09-15 15:00:00,2046-09-18 20:30:00,2046,9,15,15,2046,9,18,20,2,8
20_42,36.53,4.23,46.5,10.5,36,-999,0,292109,292201,MP,107,2047-08-30 14:00:00,2047-09-01 12:00:00,2047,8,30,14,2047,9,1,12,3,2
21_42,23.135,2.89,23,0,0,-999,0,309579,309624,MP,107,2048-08-28 13:00:00,2048-08-29 11:30:00,2048,8,28,13,2048,8,29,11,1,8
22_42,48.685,8.49,90.5,19,38.5,-999,0,309947,310127,MP,107,2048-09-05 05:00:00,2048-09-08 23:00:00,2048,9,5,5,2048,9,8,23,1,8
23_42,67.44,5.35,71.5,11,17,-999,0,328218,328360,MP,107,2049-09-20 20:30:00,2049-09-23 19:30:00,2049,9,20,20,2049,9,23,19,2,6
24_42,28.31,2.12,53.5,10,42.5,-999,0,344747,344853,MP,107,2050-08-31 05:00:00,2050-09-02 10:00:00,2050,8,31,5,2050,9,2,10,2,9
25_42,58.69,3.42,106.5,0,0,-999,0,376495,376707,MP,107,2052-06-22 15:00:00,2052-06-27 01:00:00,2052,6,22,15,2052,6,27,1,2,6
26_42,32.635,7.57,24,0,0,-999,0,397508,397555,MP,107,2053-09-03 09:30:00,2053-09-04 09:00:00,2053,9,3,9,2053,9,4,9,1,10
27_42,31.59,3.75,34.5,0,0,-999,0,397975,398043,MP,107,2053-09-13 03:00:00,2053-09-14 13:00:00,2053,9,13,3,2053,9,14,13,1,10
28_42,46.955,2.51,53,23.5,28,-999,0,415770,415875,MP,107,2054-09-18 20:30:00,2054-09-21 01:00:00,2054,9,18,20,2054,9,21,1,2,6
29_42,31.13,2.96,63.5,0,0,-999,0,428172,428298,MP,107,2055-06-04 05:30:00,2055-06-06 20:30:00,2055,6,4,5,2055,6,6,20,3,8
30_42,32.3,7.47,18.5,0,0,-999,0,450134,450170,MP,107,2056-09-03 18:30:00,2056-09-04 12:30:00,2056,9,3,18,2056,9,4,12,1,9
31_42,80.075,4.74,46.5,0,0,-999,0,467767,467859,MP,107,2057-09-06 03:00:00,2057-09-08 01:00:00,2057,9,6,3,2057,9,8,1,2,3
32_42,78.045,5.89,110.5,0,0,-999,0,501653,501873,MP,107,2059-08-13 02:00:00,2059-08-17 16:00:00,2059,8,13,2,2059,8,17,16,2,7
33_42,118.06,7.55,243,30.5,64,-999,0,518684,519169,MP,107,2060-08-01 21:30:00,2060-08-12 00:00:00,2060,8,1,21,2060,8,12,0,2,5
34_42,45.8,6.08,58,0,0,-999,0,536320,536435,MP,107,2061-08-04 07:30:00,2061-08-06 17:00:00,2061,8,4,7,2061,8,6,17,3,5
35_42,21.875,4.3,16.5,0,0,-999,0,536452,536484,MP,107,2061-08-07 01:30:00,2061-08-07 17:30:00,2061,8,7,1,2061,8,7,17,3,5
36_42,25.94,2.94,51,0,0,-999,0,536698,536799,MP,107,2061-08-12 04:30:00,2061-08-14 07:00:00,2061,8,12,4,2061,8,14,7,3,5
37_42,42.625,3.31,67.5,0,0,-999,0,554562,554696,MP,107,2062-08-19 08:30:00,2062-08-22 03:30:00,2062,8,19,8,2062,8,22,3,3,6
38_42,46.08,6.02,48.5,11,26.5,-999,0,571989,572085,MP,107,2063-08-17 10:00:00,2063-08-19 10:00:00,2063,8,17,10,2063,8,19,10,1,6
39_42,24.325,3.49,31,15.5,15.5,-999,0,587926,587987,MP,107,2064-07-14 10:30:00,2064-07-15 17:00:00,2064,7,14,10,2064,7,15,17,3,9
40_42,30.88,5.26,49,0,0,-999,0,611568,611665,MP,107,2065-11-18 23:30:00,2065-11-21 00:00:00,2065,11,18,23,2065,11,21,0,1,8
41_42,56.07,4.86,57.5,21.5,42.5,-999,0,623307,623421,MP,107,2066-07-21 13:00:00,2066-07-23 22:00:00,2066,7,21,13,2066,7,23,22,2,2
42_42,29.275,3.62,41,0,0,-999,0,644713,644794,MP,107,2067-10-10 12:00:00,2067-10-12 04:30:00,2067,10,10,12,2067,10,12,4,1,5
43_42,20.955,1.83,62.5,0,9,-999,0,659088,659212,MP,107,2068-08-04 23:30:00,2068-08-07 13:30:00,2068,8,4,23,2068,8,7,13,3,3
44_42,50.58,5.95,47.5,0,13.5,-999,0,677666,677760,MP,107,2069-08-27 00:30:00,2069-08-28 23:30:00,2069,8,27,0,2069,8,28,23,2,6
45_42,25.715,1.98,47,0,0,-999,0,677920,678013,MP,107,2069-09-01 07:30:00,2069-09-03 06:00:00,2069,9,1,7,2069,9,3,6,2,6
46_42,37.635,4.87,33,0,0,-999,0,678149,678214,MP,107,2069-09-06 02:00:00,2069-09-07 10:30:00,2069,9,6,2,2069,9,7,10,2,6
47_42,37.305,5.03,37.5,0,0,-999,0,678256,678330,MP,107,2069-09-08 07:30:00,2069-09-09 20:30:00,2069,9,8,7,2069,9,9,20,2,6
48_42,49.88,6.87,84.5,0,0,-999,0,693843,694011,MP,107,2070-07-30 01:00:00,2070-08-02 13:00:00,2070,7,30,1,2070,8,2,13,1,8
49_42,41.605,2.65,72.5,0,0,-999,0,728950,729094,MP,107,2072-07-30 10:30:00,2072-08-02 10:30:00,2072,7,30,10,2072,8,2,10,2,7
50_42,42.99,5.02,55,12.5,42.5,-999,0,748855,748964,MP,107,2073-09-18 03:00:00,2073-09-20 09:30:00,2073,9,18,3,2073,9,20,9,1,8
51_42,103.305,9.66,58.5,0,0,-999,0,765131,765247,MP,107,2074-08-23 05:00:00,2074-08-25 15:00:00,2074,8,23,5,2074,8,25,15,3,2
52_42,24.315,2.07,49,10.5,19.5,-999,0,783576,783673,MP,107,2075-09-11 11:30:00,2075-09-13 12:00:00,2075,9,11,11,2075,9,13,12,2,8
53_42,30.235,1.87,74.5,0,0,-999,0,796658,796806,MP,107,2076-06-10 00:30:00,2076-06-13 02:30:00,2076,6,10,0,2076,6,13,2,1,6
54_42,47.92,7.27,31,0,0,-999,0,797210,797271,MP,107,2076-06-21 12:30:00,2076-06-22 19:00:00,2076,6,21,12,2076,6,22,19,1,6
55_42,56.91,6.6,109.5,0,0,-999,0,821255,821473,MP,107,2077-11-04 11:00:00,2077-11-09 00:00:00,2077,11,4,11,2077,11,9,0,1,6
56_42,41.995,2.76,62,4,19,-999,0,837202,837325,MP,107,2078-10-02 16:30:00,2078-10-05 06:00:00,2078,10,2,16,2078,10,5,6,2,6
57_42,24.11,2.4,68,0,2,-999,0,853125,853260,MP,107,2079-08-30 10:00:00,2079-09-02 05:30:00,2079,8,30,10,2079,9,2,5,3,8
58_42,48.3,5.58,46.5,22.5,20,-999,0,853645,853737,MP,107,2079-09-10 06:00:00,2079-09-12 04:00:00,2079,9,10,6,2079,9,12,4,3,8
59_40,79,4.01,60.5,0,0,-999,0,870813,870933,MP,107,2080-09-01 22:00:00,2080-09-04 10:00:00,2080,9,1,22,2080,9,4,10,2,9
60_40,89.035,5.74,42.5,0,0,-999,0,871122,871206,MP,107,2080-09-08 08:30:00,2080-09-10 02:30:00,2080,9,8,8,2080,9,10,2,2,9
61_39,47.94,4.62,68.5,0,0,-999,0,886756,886892,MP,107,2081-07-31 01:30:00,2081-08-02 21:30:00,2081,7,31,1,2081,8,2,21,2,7
62_37,80.65,3.96,110,0,0,-999,0,886981,887200,MP,107,2081-08-04 18:00:00,2081-08-09 07:30:00,2081,8,4,18,2081,8,9,7,2,7
63_35,21.56,1.56,77,0,0,-999,0,901845,901998,MP,107,2082-06-10 10:00:00,2082-06-13 14:30:00,2082,6,10,10,2082,6,13,14,3,9
64_33,42.335,5.11,98,0,0,-999,0,927382,927577,MP,107,2083-11-24 10:30:00,2083-11-28 12:00:00,2083,11,24,10,2083,11,28,12,1,8
65_29,99.74,11.43,58.5,23.5,27.5,-999,0,939860,939976,MP,107,2084-08-10 09:30:00,2084-08-12 19:30:00,2084,8,10,9,2084,8,12,19,3,8
66_29,24.82,4.01,115,0,0,-999,0,962604,962833,MP,107,2085-11-27 05:30:00,2085-12-02 00:00:00,2085,11,27,5,2085,12,2,0,1,8
67_27,99.78,8.29,109,20,49.5,-999,0,974381,974598,MP,107,2086-07-30 14:00:00,2086-08-04 02:30:00,2086,7,30,14,2086,8,4,2,2,8
68_24,51.92,2.43,115,0,0,-999,0,994332,994561,MP,107,2087-09-19 05:30:00,2087-09-24 00:00:00,2087,9,19,5,2087,9,24,0,2,10
69_22,47.925,2.95,48.5,0,0,-999,0,1015119,1015215,MP,107,2088-11-25 07:00:00,2088-11-27 07:00:00,2088,11,25,7,2088,11,27,7,2,9
70_19,41.295,4.2,41.5,0,0,-999,0,1024176,1024258,MP,107,2089-06-01 23:30:00,2089-06-03 16:30:00,2089,6,1,23,2089,6,3,16,3,8
71_14,25.465,3.63,45,0,0,-999,0,1047176,1047265,MP,107,2090-09-24 03:30:00,2090-09-26 00:00:00,2090,9,24,3,2090,9,26,0,3,8
1_43,64.135,7.3,49.5,18.5,31,-999,16,11730,11828,MP,108,2031-09-02 08:30:00,2031-09-04 09:30:00,2031,9,2,8,2031,9,4,9,3,8
2_43,28.7,3.81,44.5,0,0,-999,0,26411,26499,MP,108,2032-07-04 05:00:00,2032-07-06 01:00:00,2032,7,4,5,2032,7,6,1,1,5
3_43,36.77,5.69,24,0,0,-999,0,26971,27018,MP,108,2032-07-15 21:00:00,2032-07-16 20:30:00,2032,7,15,21,2032,7,16,20,1,5
4_43,77.21,9.43,30.5,14,16.5,-999,0,46972,47032,MP,108,2033-09-05 13:30:00,2033-09-06 19:30:00,2033,9,5,13,2033,9,6,19,1,8
5_43,58.57,4.73,59.5,0,0,-999,0,65427,65545,MP,108,2034-09-25 01:00:00,2034-09-27 12:00:00,2034,9,25,1,2034,9,27,12,2,9
6_43,38.52,2.19,46.5,0,0,-999,0,83641,83733,MP,108,2035-10-09 12:00:00,2035-10-11 10:00:00,2035,10,9,12,2035,10,11,10,1,4
7_43,67.355,8.1,38,17.5,20.5,-999,0,116778,116853,MP,108,2037-08-29 20:30:00,2037-08-31 10:00:00,2037,8,29,20,2037,8,31,10,3,8
8_43,25.78,2.32,48,23,25,-999,0,133950,134045,MP,108,2038-08-22 14:30:00,2038-08-24 14:00:00,2038,8,22,14,2038,8,24,14,3,10
9_43,46.555,3.76,29,13,16.5,-999,0,134209,134266,MP,108,2038-08-28 00:00:00,2038-08-29 04:30:00,2038,8,28,0,2038,8,29,4,3,10
10_43,80.265,4.83,87,0,0,-999,0,169180,169353,MP,108,2040-08-25 13:30:00,2040-08-29 04:00:00,2040,8,25,13,2040,8,29,4,2,5
11_43,58.82,9.57,31,27.5,3.5,-999,0,186346,186407,MP,108,2041-08-18 04:30:00,2041-08-19 11:00:00,2041,8,18,4,2041,8,19,11,1,8
12_43,20.01,1.21,34,0,0,-999,0,207108,207175,MP,108,2042-10-24 17:30:00,2042-10-26 03:00:00,2042,10,24,17,2042,10,26,3,2,7
13_43,22.43,2.95,32.5,0,0,-999,0,207234,207298,MP,108,2042-10-27 08:30:00,2042-10-28 16:30:00,2042,10,27,8,2042,10,28,16,2,7
14_43,28.53,2.06,61.5,32,29.5,-999,0,223021,223143,MP,108,2043-09-21 06:00:00,2043-09-23 19:00:00,2043,9,21,6,2043,9,23,19,2,9
15_43,27.4,1.35,87,0,0,-999,0,235464,235637,MP,108,2044-06-06 11:30:00,2044-06-10 02:00:00,2044,6,6,11,2044,6,10,2,2,10
16_43,22.965,5.18,23.5,0,0,-999,0,256049,256095,MP,108,2045-08-09 08:00:00,2045-08-10 07:00:00,2045,8,9,8,2045,8,10,7,1,9
17_43,25,5.19,26.5,0,0,-999,0,256480,256532,MP,108,2045-08-18 07:30:00,2045-08-19 09:30:00,2045,8,18,7,2045,8,19,9,1,9
18_43,30.625,1.63,51.5,0,0,-999,0,270871,270973,MP,108,2046-06-14 03:00:00,2046-06-16 06:00:00,2046,6,14,3,2046,6,16,6,2,7
19_43,48.54,4.09,55,0,36,-999,0,292660,292769,MP,108,2047-09-11 01:30:00,2047-09-13 08:00:00,2047,9,11,1,2047,9,13,8,2,5
20_43,24.435,3.02,45,13,22.5,-999,0,292920,293009,MP,108,2047-09-16 11:30:00,2047-09-18 08:00:00,2047,9,16,11,2047,9,18,8,2,5
21_43,62.105,3.88,47,0,8.5,-999,0,310481,310574,MP,108,2048-09-16 08:00:00,2048-09-18 06:30:00,2048,9,16,8,2048,9,18,6,2,7
22_43,28.545,2.64,20.5,0,0,-999,0,326767,326807,MP,108,2049-08-21 15:00:00,2049-08-22 11:00:00,2049,8,21,15,2049,8,22,11,3,6
23_43,50.15,2.38,79.5,23,58.5,-999,0,344996,345154,MP,108,2050-09-05 09:30:00,2050-09-08 16:30:00,2050,9,5,9,2050,9,8,16,2,2
24_43,45.025,4.42,21,12.5,8.5,-999,0,364367,364408,MP,108,2051-10-13 23:00:00,2051-10-14 19:30:00,2051,10,13,23,2051,10,14,19,3,9
25_43,41.3,4.33,59.5,0,0,-999,0,378849,378967,MP,108,2052-08-10 16:00:00,2052-08-13 03:00:00,2052,8,10,16,2052,8,13,3,2,1
26_43,48.44,4.52,30.5,0,0,-999,0,394756,394816,MP,108,2053-07-08 01:30:00,2053-07-09 07:30:00,2053,7,8,1,2053,7,9,7,2,7
27_43,58.225,7.03,67.5,18.5,31.5,-999,0,413934,414068,MP,108,2054-08-11 14:30:00,2054-08-14 09:30:00,2054,8,11,14,2054,8,14,9,1,6
28_43,29.975,2.17,53.5,0,0,-999,0,433359,433465,MP,108,2055-09-20 07:00:00,2055-09-22 12:00:00,2055,9,20,7,2055,9,22,12,2,2
29_43,33.315,4.77,27,0,0,-999,0,453893,453946,MP,108,2056-11-21 02:00:00,2056-11-22 04:30:00,2056,11,21,2,2056,11,22,4,1,2
30_43,21.4,2.57,30.5,0,30.5,-999,0,468547,468607,MP,108,2057-09-22 09:00:00,2057-09-23 15:00:00,2057,9,22,9,2057,9,23,15,3,9
31_43,27.985,3.13,29,0,0,-999,0,482613,482670,MP,108,2058-07-12 10:00:00,2058-07-13 14:30:00,2058,7,12,10,2058,7,13,14,3,5
32_43,59.845,5.91,41,26.5,14.5,-999,0,503313,503394,MP,108,2059-09-16 16:00:00,2059-09-18 08:30:00,2059,9,16,16,2059,9,18,8,3,5
33_43,20.83,1.51,27.5,0,0,-999,0,520295,520349,MP,108,2060-09-04 11:00:00,2060-09-05 14:00:00,2060,9,4,11,2060,9,5,14,2,6
34_43,79.875,6.46,94.5,0,16.5,-999,0,520465,520653,MP,108,2060-09-08 00:00:00,2060-09-11 22:00:00,2060,9,8,0,2060,9,11,22,2,6
35_43,20.36,1.49,30.5,0,0,-999,0,538142,538202,MP,108,2061-09-11 06:30:00,2061-09-12 12:30:00,2061,9,11,6,2061,9,12,12,3,2
36_43,52.185,4.65,29.5,1.5,11.5,-999,0,538295,538353,MP,108,2061-09-14 11:00:00,2061-09-15 16:00:00,2061,9,14,11,2061,9,15,16,3,2
37_43,29.435,3.07,59,57.5,1.5,-999,0,554115,554232,MP,108,2062-08-10 01:00:00,2062-08-12 11:30:00,2062,8,10,1,2062,8,12,11,3,1
38_43,129.925,8.36,84,0,84,-999,0,554544,554711,MP,108,2062-08-18 23:30:00,2062-08-22 11:00:00,2062,8,18,23,2062,8,22,11,3,1
39_43,41.205,4.15,50.5,0,14.5,-999,0,573828,573928,MP,108,2063-09-24 17:30:00,2063-09-26 19:30:00,2063,9,24,17,2063,9,26,19,3,8
40_43,55.41,4.35,50.5,0,0,-999,0,574224,574324,MP,108,2063-10-02 23:30:00,2063-10-05 01:30:00,2063,10,2,23,2063,10,5,1,3,8
41_43,21.47,2.02,50,0,0,-999,0,587725,587824,MP,108,2064-07-10 06:00:00,2064-07-12 07:30:00,2064,7,10,6,2064,7,12,7,2,3
42_43,23.985,1.18,90,0,0,-999,0,587997,588176,MP,108,2064-07-15 22:00:00,2064-07-19 15:30:00,2064,7,15,22,2064,7,19,15,2,3
43_43,38.13,2.48,98.5,0,0,-999,0,604838,605034,MP,108,2065-07-01 18:30:00,2065-07-05 20:30:00,2065,7,1,18,2065,7,5,20,3,8
44_43,62.18,5.7,29.5,0,0,-999,0,625503,625561,MP,108,2066-09-05 07:00:00,2066-09-06 12:00:00,2066,9,5,7,2066,9,6,12,3,9
45_43,72.47,6.47,106,0,0,-999,0,643543,643754,MP,108,2067-09-16 03:00:00,2067-09-20 12:30:00,2067,9,16,3,2067,9,20,12,3,8
46_43,32.33,1.25,102,0,0,-999,0,657058,657261,MP,108,2068-06-23 16:30:00,2068-06-27 22:00:00,2068,6,23,16,2068,6,27,22,3,8
47_43,21.78,2.11,56,0,0,-999,0,676869,676980,MP,108,2069-08-10 10:00:00,2069-08-12 17:30:00,2069,8,10,10,2069,8,12,17,3,1
48_43,51.89,5.85,46,0,0,-999,0,677111,677202,MP,108,2069-08-15 11:00:00,2069-08-17 08:30:00,2069,8,15,11,2069,8,17,8,3,1
49_43,26.91,1.94,50.5,0,49,-999,0,710018,710118,MP,108,2071-07-02 00:30:00,2071-07-04 02:30:00,2071,7,2,0,2071,7,4,2,3,7
50_43,79.615,6.51,65,1,34.5,-999,0,710528,710657,MP,108,2071-07-12 15:30:00,2071-07-15 08:00:00,2071,7,12,15,2071,7,15,8,3,7
51_43,101.015,9.88,45,30.5,14.5,-999,0,728245,728334,MP,108,2072-07-15 18:00:00,2072-07-17 14:30:00,2072,7,15,18,2072,7,17,14,3,6
52_43,41.365,2.97,32.5,22,10.5,-999,0,748795,748859,MP,108,2073-09-16 21:00:00,2073-09-18 05:00:00,2073,9,16,21,2073,9,18,5,3,6
53_43,26.15,1.6,54.5,0,60,-999,0,766420,766528,MP,108,2074-09-19 01:30:00,2074-09-21 07:30:00,2074,9,19,1,2074,9,21,7,2,2
54_43,87.57,4.65,101.5,1.5,21.5,-999,0,766792,766994,MP,108,2074-09-26 19:30:00,2074-10-01 00:30:00,2074,9,26,19,2074,10,1,0,2,2
55_43,33.62,1.12,88.5,0,0,-999,0,783216,783392,MP,108,2075-09-03 23:30:00,2075-09-07 15:30:00,2075,9,3,23,2075,9,7,15,2,9
56_43,120.005,4.49,120.5,0,41,-999,0,783518,783758,MP,108,2075-09-10 06:30:00,2075-09-15 06:30:00,2075,9,10,6,2075,9,15,6,2,9
57_43,63.025,2.51,70,0,68,-999,0,801224,801363,MP,108,2076-09-13 03:30:00,2076-09-16 01:00:00,2076,9,13,3,2076,9,16,1,2,10
58_43,54.69,7.74,45,2.5,21,-999,0,817782,817871,MP,108,2077-08-24 02:30:00,2077-08-25 23:00:00,2077,8,24,2,2077,8,25,23,1,8
59_41,40.425,1.19,121.5,0,0,-999,0,867668,867910,MP,108,2080-06-28 09:30:00,2080-07-03 10:30:00,2080,6,28,9,2080,7,3,10,2,5
60_41,36.415,2.07,61.5,0,23.5,-999,0,903331,903453,MP,108,2082-07-11 09:00:00,2082-07-13 22:00:00,2082,7,11,9,2082,7,13,22,1,1
61_40,27.545,4.12,26,0,0,-999,0,923446,923497,MP,108,2083-09-03 10:30:00,2083-09-04 12:00:00,2083,9,3,10,2083,9,4,12,2,6
62_38,64.895,4.98,52.5,20.5,26.5,-999,0,923644,923748,MP,108,2083-09-07 13:30:00,2083-09-09 17:30:00,2083,9,7,13,2083,9,9,17,2,6
63_36,70.22,10.5,50.5,0,37,-999,0,940232,940332,MP,108,2084-08-18 03:30:00,2084-08-20 05:30:00,2084,8,18,3,2084,8,20,5,2,2
64_34,23.305,4.05,29.5,0,0,-999,0,956506,956564,MP,108,2085-07-23 04:30:00,2085-07-24 09:30:00,2085,7,23,4,2085,7,24,9,2,1
65_30,46.705,4.3,41,0,41,-999,0,976424,976505,MP,108,2086-09-11 03:30:00,2086-09-12 20:00:00,2086,9,11,3,2086,9,12,20,3,10
66_30,58.22,5.36,71.5,0,0,-999,0,993393,993535,MP,108,2087-08-30 16:00:00,2087-09-02 15:00:00,2087,8,30,16,2087,9,2,15,2,5
67_28,37.175,4.9,88,0,0,-999,0,1011516,1011691,MP,108,2088-09-11 05:30:00,2088-09-14 21:00:00,2088,9,11,5,2088,9,14,21,1,7
68_25,52.415,4.45,42,15,27,-999,0,1029609,1029692,MP,108,2089-09-23 04:00:00,2089-09-24 21:30:00,2089,9,23,4,2089,9,24,21,3,6
1_44,59.48,4.98,101,38,47.5,-999,0,9708,9909,MP,109,2031-07-22 05:30:00,2031-07-26 10:00:00,2031,7,22,5,2031,7,26,10,3,1
2_44,48.615,1.54,165,33.5,42,-999,0,28137,28466,MP,109,2032-08-09 04:00:00,2032-08-16 00:30:00,2032,8,9,4,2032,8,16,0,2,6
3_44,111,8.68,96,0,23,-999,0,45942,46133,MP,109,2033-08-15 02:30:00,2033-08-19 02:00:00,2033,8,15,2,2033,8,19,2,2,6
4_44,81.715,4.6,50,29.5,20.5,-999,0,46174,46273,MP,109,2033-08-19 22:30:00,2033-08-22 00:00:00,2033,8,19,22,2033,8,22,0,2,6
5_44,45.26,2.58,63.5,0,0,-999,0,62867,62993,MP,109,2034-08-02 17:00:00,2034-08-05 08:00:00,2034,8,2,17,2034,8,5,8,3,7
6_44,21.795,2.08,31.5,18,13.5,-999,0,81799,81861,MP,109,2035-09-01 03:00:00,2035-09-02 10:00:00,2035,9,1,3,2035,9,2,10,3,2
7_44,48.12,5.07,27,16,11,-999,0,99780,99833,MP,109,2036-09-09 17:30:00,2036-09-10 20:00:00,2036,9,9,17,2036,9,10,20,3,6
8_44,33.61,5.18,30,0,0,-999,0,113621,113680,MP,109,2037-06-25 02:00:00,2037-06-26 07:30:00,2037,6,25,2,2037,6,26,7,3,6
9_44,45.945,7.63,29.5,25,4.5,-999,0,134837,134895,MP,109,2038-09-10 02:00:00,2038-09-11 07:00:00,2038,9,10,2,2038,9,11,7,1,9
10_44,35.445,3.55,60,0,0,-999,0,150247,150366,MP,109,2039-07-28 03:00:00,2039-07-30 14:30:00,2039,7,28,3,2039,7,30,14,3,10
11_44,38.175,2.73,115,0,0,-999,0,168319,168548,MP,109,2040-08-07 15:00:00,2040-08-12 09:30:00,2040,8,7,15,2040,8,12,9,2,4
12_44,26.75,3.33,52.5,15.5,30,-999,0,184283,184387,MP,109,2041-07-06 05:00:00,2041-07-08 09:00:00,2041,7,6,5,2041,7,8,9,2,9
13_44,199.155,9.93,69.5,21,48.5,-999,0,184749,184887,MP,109,2041-07-15 22:00:00,2041-07-18 19:00:00,2041,7,15,22,2041,7,18,19,2,9
14_44,48.715,4.1,46.5,0,0,-999,0,203624,203716,MP,109,2042-08-13 03:30:00,2042-08-15 01:30:00,2042,8,13,3,2042,8,15,1,3,6
15_44,27.805,3.63,21.5,0,0,-999,0,223388,223430,MP,109,2043-09-28 21:30:00,2043-09-29 18:30:00,2043,9,28,21,2043,9,29,18,2,2
16_44,22.47,2.2,27,0,0,-999,0,223850,223903,MP,109,2043-10-08 12:30:00,2043-10-09 15:00:00,2043,10,8,12,2043,10,9,15,2,2
17_44,63.28,8.54,81.5,1.5,35,-999,0,238906,239068,MP,109,2044-08-17 04:30:00,2044-08-20 13:30:00,2044,8,17,4,2044,8,20,13,1,1
18_44,28.185,1.83,47,0,0,-999,0,257112,257205,MP,109,2045-08-31 11:30:00,2045-09-02 10:00:00,2045,8,31,11,2045,9,2,10,2,3
19_44,83.515,5.23,85.5,0,35,-999,0,271225,271395,MP,109,2046-06-21 12:00:00,2046-06-25 01:00:00,2046,6,21,12,2046,6,25,1,3,9
20_44,85.705,2.7,81,18,20.5,-999,0,292748,292909,MP,109,2047-09-12 21:30:00,2047-09-16 06:00:00,2047,9,12,21,2047,9,16,6,2,5
21_44,85.57,6.39,85,10,44.5,-999,0,310798,310967,MP,109,2048-09-22 22:30:00,2048-09-26 11:00:00,2048,9,22,22,2048,9,26,11,3,9
22_44,24.185,1.91,62,0,60.5,-999,0,327760,327883,MP,109,2049-09-11 07:30:00,2049-09-13 21:00:00,2049,9,11,7,2049,9,13,21,2,5
23_44,74.595,6.92,122,0,23.5,-999,0,327902,328145,MP,109,2049-09-14 06:30:00,2049-09-19 08:00:00,2049,9,14,6,2049,9,19,8,2,5
24_44,30.015,4.06,102,0,0,-999,0,343153,343356,MP,109,2050-07-29 00:00:00,2050-08-02 05:30:00,2050,7,29,0,2050,8,2,5,3,1
25_44,47.62,3.23,44.5,0,5.5,-999,0,343401,343489,MP,109,2050-08-03 04:00:00,2050-08-05 00:00:00,2050,8,3,4,2050,8,5,0,3,1
26_44,25.895,2.81,27.5,0,0,-999,0,364441,364495,MP,109,2051-10-15 12:00:00,2051-10-16 15:00:00,2051,10,15,12,2051,10,16,15,3,2
27_44,20.52,2.8,23,0,0,-999,0,380191,380236,MP,109,2052-09-07 15:00:00,2052-09-08 13:30:00,2052,9,7,15,2052,9,8,13,1,9
28_44,78.925,6.52,85.5,38.5,79,-999,0,380378,380548,MP,109,2052-09-11 12:30:00,2052-09-15 01:30:00,2052,9,11,12,2052,9,15,1,1,9
29_44,27.165,3.09,36,0,28,-999,0,397674,397745,MP,109,2053-09-06 20:30:00,2053-09-08 08:00:00,2053,9,6,20,2053,9,8,8,3,8
30_44,25.885,4.15,28,0,0,-999,0,416978,417033,MP,109,2054-10-14 00:30:00,2054-10-15 04:00:00,2054,10,14,0,2054,10,15,4,2,9
31_44,64.17,2.99,105.5,0,0,-999,0,417487,417697,MP,109,2054-10-24 15:00:00,2054-10-29 00:00:00,2054,10,24,15,2054,10,29,0,2,9
32_44,22.565,2.4,39.5,0,0,-999,0,433308,433386,MP,109,2055-09-19 05:30:00,2055-09-20 20:30:00,2055,9,19,5,2055,9,20,20,3,7
33_44,67.105,6.57,23.5,0,0,-999,0,433704,433750,MP,109,2055-09-27 11:30:00,2055-09-28 10:30:00,2055,9,27,11,2055,9,28,10,3,7
34_44,80.16,7.11,53,1.5,17,-999,0,467087,467192,MP,109,2057-08-22 23:00:00,2057-08-25 03:30:00,2057,8,22,23,2057,8,25,3,3,9
35_44,50.47,12.82,31,19,12,-999,0,484963,485024,MP,109,2058-08-30 09:00:00,2058-08-31 15:30:00,2058,8,30,9,2058,8,31,15,1,1
36_44,131.275,6.16,210.5,33.5,87,-999,0,500625,501045,MP,109,2059-07-22 16:00:00,2059-07-31 10:00:00,2059,7,22,16,2059,7,31,10,2,9
37_44,50.415,4.1,58.5,0,26.5,-999,0,519070,519186,MP,109,2060-08-09 22:30:00,2060-08-12 08:30:00,2060,8,9,22,2060,8,12,8,3,6
38_44,30.445,3.66,22.5,0,0,-999,0,540310,540354,MP,109,2061-10-26 10:30:00,2061-10-27 08:30:00,2061,10,26,10,2061,10,27,8,3,2
39_44,20.695,1.51,56.5,0,0,-999,0,553446,553558,MP,109,2062-07-27 02:30:00,2062-07-29 10:30:00,2062,7,27,2,2062,7,29,10,3,5
40_44,43.025,4.49,40,15,23.5,-999,0,554016,554095,MP,109,2062-08-07 23:30:00,2062-08-09 15:00:00,2062,8,7,23,2062,8,9,15,3,5
41_44,23.56,3.59,31,0,0,-999,0,573897,573958,MP,109,2063-09-26 04:00:00,2063-09-27 10:30:00,2063,9,26,4,2063,9,27,10,1,1
42_44,21.955,2.59,78,0,0,-999,0,593990,594145,MP,109,2064-11-17 18:30:00,2064-11-21 00:00:00,2064,11,17,18,2064,11,21,0,3,8
43_44,29.125,3.51,45.5,0,0,-999,0,605401,605491,MP,109,2065-07-13 12:00:00,2065-07-15 09:00:00,2065,7,13,12,2065,7,15,9,2,7
44_44,63.735,3.06,121.5,0,31,-999,0,620952,621194,MP,109,2066-06-02 11:30:00,2066-06-07 12:30:00,2066,6,2,11,2066,6,7,12,2,8
45_44,37.915,3.75,179,1,24,-999,0,646448,646805,MP,109,2067-11-15 15:30:00,2067-11-23 02:00:00,2067,11,15,15,2067,11,23,2,1,8
46_44,27.495,1.3,58.5,0,0,-999,0,660405,660521,MP,109,2068-09-01 10:00:00,2068-09-03 20:00:00,2068,9,1,10,2068,9,3,20,1,10
47_44,27.005,2.7,37.5,0,0,-999,0,660849,660923,MP,109,2068-09-10 16:00:00,2068-09-12 05:00:00,2068,9,10,16,2068,9,12,5,1,10
48_44,25.42,1.91,47.5,0,0,-999,0,678379,678473,MP,109,2069-09-10 21:00:00,2069-09-12 20:00:00,2069,9,10,21,2069,9,12,20,3,8
49_44,40.22,4.12,28,0,0,-999,0,678588,678643,MP,109,2069-09-15 05:30:00,2069-09-16 09:00:00,2069,9,15,5,2069,9,16,9,3,8
50_44,43.01,7.1,40,0,0,-999,0,695490,695569,MP,109,2070-09-02 08:30:00,2070-09-04 00:00:00,2070,9,2,8,2070,9,4,0,1,9
51_44,46.355,5.72,57.5,0,0,-999,0,710306,710420,MP,109,2071-07-08 00:30:00,2071-07-10 09:30:00,2071,7,8,0,2071,7,10,9,1,2
52_44,37.265,2.92,70,55.5,14.5,-999,0,710484,710623,MP,109,2071-07-11 17:30:00,2071-07-14 15:00:00,2071,7,11,17,2071,7,14,15,1,2
53_44,21.27,2.49,63,0,0,-999,0,729908,730033,MP,109,2072-08-19 09:30:00,2072-08-22 00:00:00,2072,8,19,9,2072,8,22,0,1,8
54_44,38.075,2.29,51,0,0,-999,0,748233,748334,MP,109,2073-09-05 04:00:00,2073-09-07 06:30:00,2073,9,5,4,2073,9,7,6,2,7
55_44,36.76,7.31,21,0,0,-999,0,765508,765549,MP,109,2074-08-31 01:30:00,2074-08-31 22:00:00,2074,8,31,1,2074,8,31,22,2,5
56_44,64.915,3.56,50.5,0,0,-999,0,765805,765905,MP,109,2074-09-06 06:00:00,2074-09-08 08:00:00,2074,9,6,6,2074,9,8,8,2,5
57_44,93.78,5.21,122.5,0,0,-999,0,781129,781373,MP,109,2075-07-22 12:00:00,2075-07-27 14:00:00,2075,7,22,12,2075,7,27,14,2,5
58_44,71.285,5.03,57,18,19.5,-999,0,801306,801419,MP,109,2076-09-14 20:30:00,2076-09-17 05:00:00,2076,9,14,20,2076,9,17,5,2,1
59_42,41.295,6.74,32.5,0,0,-999,0,836569,836633,MP,109,2078-09-19 12:00:00,2078-09-20 20:00:00,2078,9,19,12,2078,9,20,20,1,8
60_42,34.515,4.37,45.5,11.5,23.5,-999,0,854010,854100,MP,109,2079-09-17 20:30:00,2079-09-19 17:30:00,2079,9,17,20,2079,9,19,17,1,6
61_41,49.06,9.67,23,0,7,-999,0,887400,887445,MP,109,2081-08-13 11:30:00,2081-08-14 10:00:00,2081,8,13,11,2081,8,14,10,1,2
62_39,32.14,3.54,59.5,23,21.5,-999,0,923517,923635,MP,109,2083-09-04 22:00:00,2083-09-07 09:00:00,2083,9,4,22,2083,9,7,9,1,9
63_37,51.575,2.42,114.5,0,73.5,-999,0,941202,941430,MP,109,2084-09-07 08:30:00,2084-09-12 02:30:00,2084,9,7,8,2084,9,12,2,2,9
64_35,33.585,2.99,30,16.5,13.5,-999,0,956828,956887,MP,109,2085-07-29 21:30:00,2085-07-31 03:00:00,2085,7,29,21,2085,7,31,3,3,7
65_31,39.785,2.39,63,0,36.5,-999,0,978014,978139,MP,109,2086-10-14 06:30:00,2086-10-16 21:00:00,2086,10,14,6,2086,10,16,21,3,9
66_31,37.29,2.91,38.5,0,2,-999,0,993554,993630,MP,109,2087-09-03 00:30:00,2087-09-04 14:30:00,2087,9,3,0,2087,9,4,14,1,6
67_29,28.43,7.76,16.5,0,0,-999,0,994014,994046,MP,109,2087-09-12 14:30:00,2087-09-13 06:30:00,2087,9,12,14,2087,9,13,6,1,6
68_26,24.745,2.13,61.5,0,0,-999,0,994063,994185,MP,109,2087-09-13 15:00:00,2087-09-16 04:00:00,2087,9,13,15,2087,9,16,4,1,6
69_23,22.125,1.51,63,0,0,-999,0,1008379,1008504,MP,109,2088-07-07 21:00:00,2088-07-10 11:30:00,2088,7,7,21,2088,7,10,11,1,9
70_20,43.025,4.7,44,0,0,-999,0,1008853,1008940,MP,109,2088-07-17 18:00:00,2088-07-19 13:30:00,2088,7,17,18,2088,7,19,13,1,9
71_15,41.205,5.72,20.5,0,0,-999,0,1029037,1029077,MP,109,2089-09-11 06:00:00,2089-09-12 02:00:00,2089,9,11,6,2089,9,12,2,1,5
72_12,23.395,5.2,28,23,23.5,-999,0,1045474,1045529,MP,109,2090-08-19 16:30:00,2090-08-20 20:00:00,2090,8,19,16,2090,8,20,20,2,6
73_10,52.755,4.78,49.5,0,31.5,-999,0,1045595,1045693,MP,109,2090-08-22 05:00:00,2090-08-24 06:00:00,2090,8,22,5,2090,8,24,6,2,6
1_45,47.965,6.43,52.5,23,29.5,24,0,12304,12408,MR,101,2031-09-14 07:30:00,2031-09-16 11:30:00,2031,9,14,7,2031,9,16,11,1,5
2_45,20.205,6.53,22,0,0,0,0,24434,24477,MR,101,2032-05-24 00:30:00,2032-05-24 22:00:00,2032,5,24,0,2032,5,24,22,2,7
3_45,29.03,1.35,69.5,0,0,0,0,24875,25013,MR,101,2032-06-02 05:00:00,2032-06-05 02:00:00,2032,6,2,5,2032,6,5,2,2,7
4_45,31.78,1.99,76,41.5,20.5,0,0,44614,44765,MR,101,2033-07-18 10:30:00,2033-07-21 14:00:00,2033,7,18,10,2033,7,21,14,3,6
5_45,85.605,10.28,38,29.5,8.5,6,0,63365,63440,MR,101,2034-08-13 02:00:00,2034-08-14 15:30:00,2034,8,13,2,2034,8,14,15,3,9
6_45,30.815,2.64,36.5,0,0,12,0,63497,63569,MR,101,2034-08-15 20:00:00,2034-08-17 08:00:00,2034,8,15,20,2034,8,17,8,3,9
7_45,51.64,7.56,18,2,6.5,18,0,81705,81740,MR,101,2035-08-30 04:00:00,2035-08-30 21:30:00,2035,8,30,4,2035,8,30,21,1,5
8_45,35.41,6.7,30.5,0,0,18,0,116015,116075,MR,101,2037-08-13 23:00:00,2037-08-15 05:00:00,2037,8,13,23,2037,8,15,5,3,9
9_45,131.48,13.74,38,0,0,6,0,116229,116304,MR,101,2037-08-18 10:00:00,2037-08-19 23:30:00,2037,8,18,10,2037,8,19,23,3,9
10_45,120.145,3.6,92,0,0,12,0,137254,137437,MR,101,2038-10-30 10:30:00,2038-11-03 06:00:00,2038,10,30,10,2038,11,3,6,2,9
11_45,37.24,1.96,65.5,0,0,0,0,153783,153913,MR,101,2039-10-09 19:00:00,2039-10-12 12:00:00,2039,10,9,19,2039,10,12,12,2,6
12_45,30,3.39,58.5,0,0,6,0,171558,171674,MR,101,2040-10-14 02:30:00,2040-10-16 12:30:00,2040,10,14,2,2040,10,16,12,3,9
13_45,40.09,5.97,32.5,0,0,12,0,189723,189787,MR,101,2041-10-27 13:00:00,2041-10-28 21:00:00,2041,10,27,13,2041,10,28,21,1,8
14_45,58.5,3.64,84,73,63.5,6,0,204944,205111,MR,101,2042-09-09 15:30:00,2042-09-13 03:00:00,2042,9,9,15,2042,9,13,3,2,9
15_45,62.54,5.01,67,23,24,12,0,223559,223692,MR,101,2043-10-02 11:00:00,2043-10-05 05:30:00,2043,10,2,11,2043,10,5,5,2,9
16_45,44.88,8.24,21.5,0,0,12,0,235491,235533,MR,101,2044-06-07 01:00:00,2044-06-07 22:00:00,2044,6,7,1,2044,6,7,22,1,2
17_45,51.555,8.41,68.5,18,20,42,0,256688,256824,MR,101,2045-08-22 15:30:00,2045-08-25 11:30:00,2045,8,22,15,2045,8,25,11,1,2
18_45,49.58,4.22,48.5,32.5,16,18,0,273077,273173,MR,101,2046-07-30 02:00:00,2046-08-01 02:00:00,2046,7,30,2,2046,8,1,2,3,6
19_45,46.75,4.23,91.5,0,84.5,24,0,292943,293125,MR,101,2047-09-16 23:00:00,2047-09-20 18:00:00,2047,9,16,23,2047,9,20,18,2,6
20_45,21.605,1.91,43.5,0,0,36,0,310107,310193,MR,101,2048-09-08 13:00:00,2048-09-10 08:00:00,2048,9,8,13,2048,9,10,8,1,4
21_45,74.11,10.18,58,1,35,18,0,327271,327386,MR,101,2049-09-01 03:00:00,2049-09-03 12:30:00,2049,9,1,3,2049,9,3,12,1,8
22_45,24.965,2.38,41.5,0,0,24,0,345301,345383,MR,101,2050-09-11 18:00:00,2050-09-13 11:00:00,2050,9,11,18,2050,9,13,11,1,2
23_45,34.845,4.36,34.5,0,8,24,0,345766,345834,MR,101,2050-09-21 10:30:00,2050-09-22 20:30:00,2050,9,21,10,2050,9,22,20,1,2
24_45,27.925,1.37,66,0,0,0,0,359417,359548,MR,101,2051-07-02 20:00:00,2051-07-05 13:30:00,2051,7,2,20,2051,7,5,13,2,6
25_45,44.97,2.37,59,15,22.5,12,0,380854,380971,MR,101,2052-09-21 10:30:00,2052-09-23 21:00:00,2052,9,21,10,2052,9,23,21,2,6
26_45,29.825,3.27,31,0,0,6,0,398191,398252,MR,101,2053-09-17 15:00:00,2053-09-18 21:30:00,2053,9,17,15,2053,9,18,21,2,7
27_45,21.245,2.14,54,7.5,38.5,12,0,417615,417722,MR,101,2054-10-27 07:00:00,2054-10-29 12:30:00,2054,10,27,7,2054,10,29,12,3,9
28_45,32.085,3.2,52,0,0,0,0,436367,436470,MR,101,2055-11-21 23:00:00,2055-11-24 02:30:00,2055,11,21,23,2055,11,24,2,3,6
29_45,48.065,5.02,28.5,0,0,30,0,450170,450226,MR,101,2056-09-04 12:30:00,2056-09-05 16:30:00,2056,9,4,12,2056,9,5,16,1,1
30_45,48.19,2.61,122,0.5,13.5,12,0,487726,487969,MR,101,2058-10-26 22:30:00,2058-11-01 00:00:00,2058,10,26,22,2058,11,1,0,2,8
31_45,22.14,3.18,23.5,0,0,0,0,501083,501129,MR,101,2059-08-01 05:00:00,2059-08-02 04:00:00,2059,8,1,5,2059,8,2,4,1,5
32_45,39.645,1.49,119.5,21.5,24.5,12,0,516330,516568,MR,101,2060-06-13 20:30:00,2060-06-18 19:30:00,2060,6,13,20,2060,6,18,19,2,10
33_45,56.94,5.55,62.5,0,0,24,0,537834,537958,MR,101,2061-09-04 20:30:00,2061-09-07 10:30:00,2061,9,4,20,2061,9,7,10,3,5
34_45,31.56,3.43,113.5,0,0,24,0,555687,555913,MR,101,2062-09-11 19:00:00,2062-09-16 12:00:00,2062,9,11,19,2062,9,16,12,1,5
35_45,46.37,3.78,72.5,0,0,6,0,574690,574834,MR,101,2063-10-12 16:30:00,2063-10-15 16:30:00,2063,10,12,16,2063,10,15,16,3,2
36_45,43.49,7.72,26,0,0,30,0,589637,589688,MR,101,2064-08-19 02:00:00,2064-08-20 03:30:00,2064,8,19,2,2064,8,20,3,1,9
37_45,27.58,3.42,20.5,0,0,0,0,609794,609834,MR,101,2065-10-13 00:30:00,2065-10-13 20:30:00,2065,10,13,0,2065,10,13,20,3,2
38_45,28.73,3.53,80.5,0,0,6,0,610302,610462,MR,101,2065-10-23 14:30:00,2065-10-26 22:30:00,2065,10,23,14,2065,10,26,22,3,2
39_45,40.56,2.52,72,12.5,27.5,18,0,625155,625298,MR,101,2066-08-29 01:00:00,2066-09-01 00:30:00,2066,8,29,1,2066,9,1,0,2,7
40_45,26.91,1.91,63.5,41.5,19,6,0,639949,640075,MR,101,2067-07-03 06:00:00,2067-07-05 21:00:00,2067,7,3,6,2067,7,5,21,2,6
41_45,89.095,3.46,123,0,9.5,18,0,661676,661921,MR,101,2068-09-27 21:30:00,2068-10-03 00:00:00,2068,9,27,21,2068,10,3,0,2,6
42_45,42.67,3.85,81,0,45.5,24,0,695118,695279,MR,101,2070-08-25 14:30:00,2070-08-28 23:00:00,2070,8,25,14,2070,8,28,23,2,9
43_45,32.985,3.49,71.5,20.5,33,12,0,712115,712257,MR,101,2071-08-14 17:00:00,2071-08-17 16:00:00,2071,8,14,17,2071,8,17,16,2,2
44_45,88.44,8.28,55,0,22,42,0,730536,730645,MR,101,2072-09-01 11:30:00,2072-09-03 18:00:00,2072,9,1,11,2072,9,3,18,2,9
45_45,87.65,6.3,59.5,4.5,22,24,0,748997,749115,MR,101,2073-09-21 02:00:00,2073-09-23 13:00:00,2073,9,21,2,2073,9,23,13,3,8
46_45,153.995,6.74,115,12,29,72,0,765833,766062,MR,101,2074-09-06 20:00:00,2074-09-11 14:30:00,2074,9,6,20,2074,9,11,14,2,5
47_45,82.75,5.9,124.5,0,66,24,0,782153,782401,MR,101,2075-08-12 20:00:00,2075-08-18 00:00:00,2075,8,12,20,2075,8,18,0,2,6
48_45,24.65,2.91,68.5,0,0,0,0,801719,801855,MR,101,2076-09-23 11:00:00,2076-09-26 07:00:00,2076,9,23,11,2076,9,26,7,3,10
49_45,26.9,4.18,21.5,0,21.5,18,0,818635,818677,MR,101,2077-09-10 21:00:00,2077-09-11 18:00:00,2077,9,10,21,2077,9,11,18,1,6
50_45,24.33,1.68,52,0,0,0,0,832092,832195,MR,101,2078-06-18 05:30:00,2078-06-20 09:00:00,2078,6,18,5,2078,6,20,9,3,9
51_45,20.625,3.89,12.5,0,0,18,0,853313,853337,MR,101,2079-09-03 08:00:00,2079-09-03 20:00:00,2079,9,3,8,2079,9,3,20,1,10
52_45,23.45,3.94,38,0,0,0,0,870840,870915,MR,101,2080-09-02 11:30:00,2080-09-04 01:00:00,2080,9,2,11,2080,9,4,1,1,2
53_45,42.51,7.11,59,0,0,24,0,871052,871169,MR,101,2080-09-06 21:30:00,2080-09-09 08:00:00,2080,9,6,21,2080,9,9,8,1,2
54_45,45.835,4.74,30,0,0.5,6,0,890350,890409,MR,101,2081-10-13 22:30:00,2081-10-15 04:00:00,2081,10,13,22,2081,10,15,4,2,5
55_45,31.76,5.01,18,14.5,3.5,6,0,906578,906613,MR,101,2082-09-17 00:30:00,2082-09-17 18:00:00,2082,9,17,0,2082,9,17,18,1,6
56_45,131.835,9.07,41,13,28,6,0,922559,922640,MR,101,2083-08-15 23:00:00,2083-08-17 15:30:00,2083,8,15,23,2083,8,17,15,3,1
57_45,39.035,5.21,49,0,0,0,0,939164,939261,MR,101,2084-07-26 21:30:00,2084-07-28 22:00:00,2084,7,26,21,2084,7,28,22,1,6
58_45,80.62,7.45,65,0,0.5,12,0,956868,956997,MR,101,2085-07-30 17:30:00,2085-08-02 10:00:00,2085,7,30,17,2085,8,2,10,3,8
59_43,25.52,3.79,34,1.5,15.5,12,0,978216,978283,MR,101,2086-10-18 11:30:00,2086-10-19 21:00:00,2086,10,18,11,2086,10,19,21,1,8
60_43,36.63,4.42,70,0,0,6,0,995230,995369,MR,101,2087-10-07 22:30:00,2087-10-10 20:00:00,2087,10,7,22,2087,10,10,20,1,8
61_42,101.355,11.79,68.5,0,24.5,30,0,1009785,1009921,MR,101,2088-08-06 04:00:00,2088-08-09 00:00:00,2088,8,6,4,2088,8,9,0,1,5
62_40,39.27,6.29,42,0,0,0,0,1029169,1029252,MR,101,2089-09-14 00:00:00,2089-09-15 17:30:00,2089,9,14,0,2089,9,15,17,1,9
1_46,76.25,3.76,76,0,0,0,0,9455,9606,MR,102,2031-07-16 23:00:00,2031-07-20 02:30:00,2031,7,16,23,2031,7,20,2,2,6
2_46,75.53,2.7,80.5,0,0,0,0,9622,9782,MR,102,2031-07-20 10:30:00,2031-07-23 18:30:00,2031,7,20,10,2031,7,23,18,2,6
3_46,25.555,4.85,32,0,0,0,0,28472,28535,MR,102,2032-08-16 03:30:00,2032-08-17 11:00:00,2032,8,16,3,2032,8,17,11,3,9
4_46,22.07,2.04,24.5,0,0,0,0,28842,28890,MR,102,2032-08-23 20:30:00,2032-08-24 20:30:00,2032,8,23,20,2032,8,24,20,3,9
5_46,41.64,4.17,30.5,0,15.5,0,0,28954,29014,MR,102,2032-08-26 04:30:00,2032-08-27 10:30:00,2032,8,26,4,2032,8,27,10,3,9
6_46,74.445,7.95,43.5,0,6.5,18,0,64741,64827,MR,102,2034-09-10 18:00:00,2034-09-12 13:00:00,2034,9,10,18,2034,9,12,13,1,6
7_46,37.05,3.75,54.5,17,43,24,0,83055,83163,MR,102,2035-09-27 07:00:00,2035-09-29 13:00:00,2035,9,27,7,2035,9,29,13,1,7
8_46,34.445,4.84,101,0,0,0,0,120649,120850,MR,102,2037-11-18 12:00:00,2037-11-22 16:30:00,2037,11,18,12,2037,11,22,16,1,8
9_46,31.275,3.8,25,16,9,0,0,135105,135154,MR,102,2038-09-15 16:00:00,2038-09-16 16:30:00,2038,9,15,16,2038,9,16,16,1,9
10_46,46.41,5.74,45,0,0,6,0,135401,135490,MR,102,2038-09-21 20:00:00,2038-09-23 16:30:00,2038,9,21,20,2038,9,23,16,1,9
11_46,58.99,3.54,50.5,0,22.5,0,0,149975,150075,MR,102,2039-07-22 11:00:00,2039-07-24 13:00:00,2039,7,22,11,2039,7,24,13,2,9
12_46,38.395,6.62,33,12.5,20.5,0,0,170366,170431,MR,102,2040-09-19 06:30:00,2040-09-20 15:00:00,2040,9,19,6,2040,9,20,15,1,8
13_46,48.175,2.73,94,0,44.5,24,0,189623,189810,MR,102,2041-10-25 11:00:00,2041-10-29 08:30:00,2041,10,25,11,2041,10,29,8,3,2
14_46,62.51,2.69,54.5,0,0,30,0,205180,205288,MR,102,2042-09-14 13:30:00,2042-09-16 19:30:00,2042,9,14,13,2042,9,16,19,2,8
15_46,77.92,4.66,107,0,0,0,0,237654,237867,MR,102,2044-07-22 02:30:00,2044-07-26 13:00:00,2044,7,22,2,2044,7,26,13,2,9
16_46,29.63,3.2,29.5,0,0,18,0,256262,256320,MR,102,2045-08-13 18:30:00,2045-08-14 23:30:00,2045,8,13,18,2045,8,14,23,1,9
17_46,29.805,3.2,81.5,0,0,0,0,256586,256748,MR,102,2045-08-20 12:30:00,2045-08-23 21:30:00,2045,8,20,12,2045,8,23,21,1,9
18_46,58.585,2.91,68,36,32,0,0,276730,276865,MR,102,2046-10-14 04:30:00,2046-10-17 00:00:00,2046,10,14,4,2046,10,17,0,2,9
19_46,49.3,4.42,70,21,35,18,0,293583,293722,MR,102,2047-09-30 07:00:00,2047-10-03 04:30:00,2047,9,30,7,2047,10,3,4,3,9
20_46,45.995,4.76,26,0,0,12,0,327358,327409,MR,102,2049-09-02 22:30:00,2049-09-04 00:00:00,2049,9,2,22,2049,9,4,0,3,8
21_46,37.55,2.27,53.5,0,0,24,0,344402,344508,MR,102,2050-08-24 00:30:00,2050-08-26 05:30:00,2050,8,24,0,2050,8,26,5,1,9
22_46,59.52,7.96,48,0,37.5,0,0,344932,345027,MR,102,2050-09-04 01:30:00,2050-09-06 01:00:00,2050,9,4,1,2050,9,6,1,1,9
23_46,33.78,3.02,62.5,27,35.5,24,0,362254,362378,MR,102,2051-08-30 22:30:00,2051-09-02 12:30:00,2051,8,30,22,2051,9,2,12,2,5
24_46,42.53,3.67,70,0,0,0,0,380878,381017,MR,102,2052-09-21 22:30:00,2052-09-24 20:00:00,2052,9,21,22,2052,9,24,20,3,6
25_46,47.57,2.49,49,1.5,28.5,18,0,398145,398242,MR,102,2053-09-16 16:00:00,2053-09-18 16:30:00,2053,9,16,16,2053,9,18,16,2,1
26_46,32.28,4.58,57.5,0,0,30,0,434705,434819,MR,102,2055-10-18 08:00:00,2055-10-20 17:00:00,2055,10,18,8,2055,10,20,17,1,2
27_46,29.68,1.13,61,0,0,0,0,446594,446715,MR,102,2056-06-22 00:30:00,2056-06-24 13:00:00,2056,6,22,0,2056,6,24,13,1,10
28_46,43.735,4.62,93.5,52,8,6,0,446978,447164,MR,102,2056-06-30 00:30:00,2056-07-03 21:30:00,2056,6,30,0,2056,7,3,21,1,10
29_46,27.64,3.87,20,9,11,0,0,468118,468157,MR,102,2057-09-13 10:30:00,2057-09-14 06:00:00,2057,9,13,10,2057,9,14,6,1,10
30_46,28.89,1.88,54,0,0,0,0,481607,481714,MR,102,2058-06-21 11:00:00,2058-06-23 16:30:00,2058,6,21,11,2058,6,23,16,3,9
31_46,80.675,5.19,91.5,0,4.5,18,0,503441,503623,MR,102,2059-09-19 08:00:00,2059-09-23 03:00:00,2059,9,19,8,2059,9,23,3,2,8
32_46,66.635,6.9,74,9.5,48.5,12,0,520290,520437,MR,102,2060-09-04 08:30:00,2060-09-07 10:00:00,2060,9,4,8,2060,9,7,10,3,1
33_46,43.93,6.53,86.5,0,0,18,0,539275,539447,MR,102,2061-10-04 21:00:00,2061-10-08 11:00:00,2061,10,4,21,2061,10,8,11,1,8
34_46,37.07,4.07,39.5,0,19,6,0,553548,553626,MR,102,2062-07-29 05:30:00,2062-07-30 20:30:00,2062,7,29,5,2062,7,30,20,3,5
35_46,35.835,4.54,99.5,0,0,0,0,576928,577126,MR,102,2063-11-28 07:30:00,2063-12-02 10:30:00,2063,11,28,7,2063,12,2,10,1,7
36_46,34.855,3.74,113.5,0,0,0,0,593727,593953,MR,102,2064-11-12 07:00:00,2064-11-17 00:00:00,2064,11,12,7,2064,11,17,0,1,4
37_46,20.25,3.34,47.5,0,0,0,0,610130,610224,MR,102,2065-10-20 00:30:00,2065-10-21 23:30:00,2065,10,20,0,2065,10,21,23,1,6
38_46,31.635,4.14,39.5,28.5,11,24,0,623755,623833,MR,102,2066-07-30 21:00:00,2066-08-01 12:00:00,2066,7,30,21,2066,8,1,12,3,8
39_46,56.2,6.91,77.5,25,52.5,12,0,624200,624354,MR,102,2066-08-09 03:30:00,2066-08-12 08:30:00,2066,8,9,3,2066,8,12,8,3,8
40_46,20.42,1.53,40,0,0,18,0,643254,643333,MR,102,2067-09-10 02:30:00,2067-09-11 18:00:00,2067,9,10,2,2067,9,11,18,3,10
41_46,44.43,4.47,57,0,0,0,0,643456,643569,MR,102,2067-09-14 07:30:00,2067-09-16 16:00:00,2067,9,14,7,2067,9,16,16,3,10
42_46,69.76,6.61,43,11.5,31.5,24,0,661576,661661,MR,102,2068-09-25 19:30:00,2068-09-27 14:00:00,2068,9,25,19,2068,9,27,14,3,9
43_46,20.015,2.85,34.5,0,0,18,0,697442,697510,MR,102,2070-10-13 00:30:00,2070-10-14 10:30:00,2070,10,13,0,2070,10,14,10,3,1
44_46,25.945,2.76,79.5,0,30,6,0,711542,711700,MR,102,2071-08-02 18:30:00,2071-08-06 01:30:00,2071,8,2,18,2071,8,6,1,1,8
45_46,43.905,6.78,25.5,0,0,0,0,711945,711995,MR,102,2071-08-11 04:00:00,2071-08-12 05:00:00,2071,8,11,4,2071,8,12,5,1,8
46_46,44.89,5.5,26,0,26,12,0,731705,731756,MR,102,2072-09-25 20:00:00,2072-09-26 21:30:00,2072,9,25,20,2072,9,26,21,3,5
47_46,48.04,1.34,83.5,0,0,0,0,746967,747133,MR,102,2073-08-09 19:00:00,2073-08-13 06:00:00,2073,8,9,19,2073,8,13,6,1,6
48_46,56.44,5.96,53.5,29,24.5,6,0,747202,747308,MR,102,2073-08-14 16:30:00,2073-08-16 21:30:00,2073,8,14,16,2073,8,16,21,1,6
49_46,45.625,7.32,71,0,0,6,0,768163,768304,MR,102,2074-10-25 09:00:00,2074-10-28 07:30:00,2074,10,25,9,2074,10,28,7,1,7
50_46,20.165,3.37,75.5,0,0,0,0,786675,786825,MR,102,2075-11-15 01:00:00,2075-11-18 04:00:00,2075,11,15,1,2075,11,18,4,1,5
51_46,52.57,2.63,123.5,0,0,0,0,798316,798562,MR,102,2076-07-14 13:30:00,2076-07-19 16:30:00,2076,7,14,13,2076,7,19,16,2,6
52_46,63.105,5.98,63,22,30,12,0,818714,818839,MR,102,2077-09-12 12:30:00,2077-09-15 03:00:00,2077,9,12,12,2077,9,15,3,3,10
53_46,51.37,3.15,68,0,0,30,0,836306,836441,MR,102,2078-09-14 00:30:00,2078-09-16 20:00:00,2078,9,14,0,2078,9,16,20,2,8
54_46,36.625,4.61,38,0,0,24,0,852922,852997,MR,102,2079-08-26 04:30:00,2079-08-27 18:00:00,2079,8,26,4,2079,8,27,18,3,6
55_46,39.065,4.06,39,9,30,18,0,868549,868626,MR,102,2080-07-16 18:00:00,2080-07-18 08:30:00,2080,7,16,18,2080,7,18,8,3,1
56_46,21.68,1.61,39,0,0,36,0,888308,888385,MR,102,2081-09-01 09:30:00,2081-09-03 00:00:00,2081,9,1,9,2081,9,3,0,1,8
57_46,40.21,4.97,26.5,0,0,6,0,888551,888603,MR,102,2081-09-06 11:00:00,2081-09-07 13:00:00,2081,9,6,11,2081,9,7,13,1,8
58_46,45.985,3.56,45.5,0,0,12,0,906669,906759,MR,102,2082-09-18 22:00:00,2082-09-20 19:00:00,2082,9,18,22,2082,9,20,19,3,6
59_44,28.12,3.25,29.5,0,29.5,24,0,922951,923009,MR,102,2083-08-24 03:00:00,2083-08-25 08:00:00,2083,8,24,3,2083,8,25,8,3,7
60_44,28.625,2.63,35.5,0,0,12,0,940207,940277,MR,102,2084-08-17 15:00:00,2084-08-19 02:00:00,2084,8,17,15,2084,8,19,2,3,6
61_43,101.785,8.96,141,64.5,51,18,0,974984,975265,MR,102,2086-08-12 03:30:00,2086-08-18 00:00:00,2086,8,12,3,2086,8,18,0,3,8
62_41,39.56,4.43,31.5,0,0,6,0,995043,995105,MR,102,2087-10-04 01:00:00,2087-10-05 08:00:00,2087,10,4,1,2087,10,5,8,3,9
63_38,54.32,4.83,54.5,30,24.5,6,0,995573,995681,MR,102,2087-10-15 02:00:00,2087-10-17 08:00:00,2087,10,15,2,2087,10,17,8,3,9
64_36,25.78,4.03,25.5,0,25.5,18,0,1010942,1010992,MR,102,2088-08-30 06:30:00,2088-08-31 07:30:00,2088,8,30,6,2088,8,31,7,1,8
65_32,34.29,2.01,54,42.5,9.5,0,0,1011174,1011281,MR,102,2088-09-04 02:30:00,2088-09-06 08:00:00,2088,9,4,2,2088,9,6,8,1,8
66_32,36.06,2.25,53,0,27.5,30,0,1029582,1029687,MR,102,2089-09-22 14:30:00,2089-09-24 19:00:00,2089,9,22,14,2089,9,24,19,2,10
67_30,40.05,5.26,39,21,18,24,0,1043916,1043993,MR,102,2090-07-18 05:30:00,2090-07-19 20:00:00,2090,7,18,5,2090,7,19,20,2,1
68_27,82.03,4.11,111.5,33.5,107.5,12,0,1044279,1044501,MR,102,2090-07-25 19:00:00,2090-07-30 10:00:00,2090,7,25,19,2090,7,30,10,2,1
1_47,35.05,2.19,49,0,0,-999,0,8110,8207,MR,103,2031-06-18 22:30:00,2031-06-20 23:00:00,2031,6,18,22,2031,6,20,23,2,9
2_47,52.56,5.8,59.5,0,0,-999,0,28235,28353,MR,103,2032-08-11 05:00:00,2032-08-13 16:00:00,2032,8,11,5,2032,8,13,16,2,7
3_47,40.815,3.6,53,0,0,-999,0,49636,49741,MR,103,2033-10-31 01:30:00,2033-11-02 06:00:00,2033,10,31,1,2033,11,2,6,3,1
4_47,71.85,3.83,64.5,0,0,-999,0,63327,63455,MR,103,2034-08-12 07:00:00,2034-08-14 23:00:00,2034,8,12,7,2034,8,14,23,2,6
5_47,39.91,5.02,35,0,0,-999,0,85056,85125,MR,103,2035-11-07 23:30:00,2035-11-09 10:00:00,2035,11,7,23,2035,11,9,10,3,9
6_47,21.565,2.5,70,0,0,-999,0,98727,98866,MR,103,2036-08-18 19:00:00,2036-08-21 16:30:00,2036,8,18,19,2036,8,21,16,1,5
7_47,28.67,3.76,45.5,0,0,-999,0,98955,99045,MR,103,2036-08-23 13:00:00,2036-08-25 10:00:00,2036,8,23,13,2036,8,25,10,1,5
8_47,24.14,5.39,16,0,0,-999,0,115231,115262,MR,103,2037-07-28 15:00:00,2037-07-29 06:30:00,2037,7,28,15,2037,7,29,6,2,5
9_47,36.765,1.72,94,0,0,-999,0,115651,115838,MR,103,2037-08-06 09:00:00,2037-08-10 06:30:00,2037,8,6,9,2037,8,10,6,2,5
10_47,36.9,3.87,50,0,0,-999,0,135968,136067,MR,103,2038-10-03 15:30:00,2038-10-05 17:00:00,2038,10,3,15,2038,10,5,17,1,6
11_47,24.605,3.68,35.5,0,0,-999,0,151064,151134,MR,103,2039-08-14 03:30:00,2039-08-15 14:30:00,2039,8,14,3,2039,8,15,14,2,5
12_47,109.07,5.19,82.5,0,0,-999,0,151305,151469,MR,103,2039-08-19 04:00:00,2039-08-22 14:00:00,2039,8,19,4,2039,8,22,14,2,5
13_47,66.335,7.39,33.5,26,7.5,-999,0,168315,168381,MR,103,2040-08-07 13:00:00,2040-08-08 22:00:00,2040,8,7,13,2040,8,8,22,3,6
14_47,27.46,6.06,18.5,0,0,-999,0,186429,186465,MR,103,2041-08-19 22:00:00,2041-08-20 16:00:00,2041,8,19,22,2041,8,20,16,3,5
15_47,24.155,1.84,57,0,0,-999,0,186677,186790,MR,103,2041-08-25 02:00:00,2041-08-27 10:30:00,2041,8,25,2,2041,8,27,10,3,5
16_47,75.8,7.07,71.5,0,2.5,-999,0,186804,186946,MR,103,2041-08-27 17:30:00,2041-08-30 16:30:00,2041,8,27,17,2041,8,30,16,3,5
17_47,22.03,4.25,27.5,15.5,12,-999,0,205374,205428,MR,103,2042-09-18 14:30:00,2042-09-19 17:30:00,2042,9,18,14,2042,9,19,17,2,6
18_47,20.55,5.71,10,0,10,-999,0,205505,205524,MR,103,2042-09-21 08:00:00,2042-09-21 17:30:00,2042,9,21,8,2042,9,21,17,2,6
19_47,46.11,5.31,41,0,4,-999,0,222539,222620,MR,103,2043-09-11 05:00:00,2043-09-12 21:30:00,2043,9,11,5,2043,9,12,21,1,6
20_47,58.43,3.22,78.5,0,0,-999,0,243697,243853,MR,103,2044-11-25 00:00:00,2044-11-28 06:00:00,2044,11,25,0,2044,11,28,6,2,6
21_47,46.23,3.13,92.5,0,0,-999,0,253254,253438,MR,103,2045-06-12 02:30:00,2045-06-15 22:30:00,2045,6,12,2,2045,6,15,22,2,6
22_47,97.795,5.35,142.5,33.5,39,-999,0,272377,272661,MR,103,2046-07-15 12:00:00,2046-07-21 10:00:00,2046,7,15,12,2046,7,21,10,1,9
23_47,92.26,10.44,31,0,0,-999,0,310640,310701,MR,103,2048-09-19 15:30:00,2048-09-20 22:00:00,2048,9,19,15,2048,9,20,22,3,5
24_47,60.25,5.13,77.5,0,0,-999,0,327530,327684,MR,103,2049-09-06 12:30:00,2049-09-09 17:30:00,2049,9,6,12,2049,9,9,17,2,3
25_47,38.265,5.37,26,0,0,-999,0,345301,345352,MR,103,2050-09-11 18:00:00,2050-09-12 19:30:00,2050,9,11,18,2050,9,12,19,1,1
26_47,20.78,3.7,16.5,0,0,-999,0,361622,361654,MR,103,2051-08-17 18:30:00,2051-08-18 10:30:00,2051,8,17,18,2051,8,18,10,2,9
27_47,30.73,1.7,63,0,0,-999,0,361890,362015,MR,103,2051-08-23 08:30:00,2051-08-25 23:00:00,2051,8,23,8,2051,8,25,23,2,9
28_47,21.65,2.92,100,0,0,-999,0,400099,400298,MR,103,2053-10-27 09:00:00,2053-10-31 12:30:00,2053,10,27,9,2053,10,31,12,1,8
29_47,33.995,5.62,73.5,0,0,-999,0,400363,400509,MR,103,2053-11-01 21:00:00,2053-11-04 22:00:00,2053,11,1,21,2053,11,4,22,1,8
30_47,81.605,7.19,44,0,4.5,-999,0,415606,415693,MR,103,2054-09-15 10:30:00,2054-09-17 06:00:00,2054,9,15,10,2054,9,17,6,3,2
31_47,34.22,3.85,34,0,0,-999,0,436498,436565,MR,103,2055-11-24 16:30:00,2055-11-26 02:00:00,2055,11,24,16,2055,11,26,2,3,6
32_47,39.025,2.89,51.5,0,11,-999,0,450293,450395,MR,103,2056-09-07 02:00:00,2056-09-09 05:00:00,2056,9,7,2,2056,9,9,5,2,9
33_47,29.73,5.18,23.5,20.5,3,-999,0,465136,465182,MR,103,2057-07-13 07:30:00,2057-07-14 06:30:00,2057,7,13,7,2057,7,14,6,1,9
34_47,51.145,8.59,46,0,0,-999,0,465534,465625,MR,103,2057-07-21 14:30:00,2057-07-23 12:00:00,2057,7,21,14,2057,7,23,12,1,9
35_47,29.695,2.11,47,0,0,-999,0,482050,482143,MR,103,2058-06-30 16:30:00,2058-07-02 15:00:00,2058,6,30,16,2058,7,2,15,2,4
36_47,37.37,2.55,44.5,0,0,-999,0,504978,505066,MR,103,2059-10-21 08:30:00,2059-10-23 04:30:00,2059,10,21,8,2059,10,23,4,3,8
37_47,39.405,2.2,55.5,46,9.5,-999,0,519265,519375,MR,103,2060-08-14 00:00:00,2060-08-16 07:00:00,2060,8,14,0,2060,8,16,7,2,6
38_47,44.46,3.63,78,0,11.5,-999,0,519606,519761,MR,103,2060-08-21 02:30:00,2060-08-24 08:00:00,2060,8,21,2,2060,8,24,8,2,6
39_47,24.52,2.75,40,0,0,-999,0,536538,536617,MR,103,2061-08-08 20:30:00,2061-08-10 12:00:00,2061,8,8,20,2061,8,10,12,2,9
40_47,71.86,7.14,72,0,0,-999,0,536903,537046,MR,103,2061-08-16 11:00:00,2061-08-19 10:30:00,2061,8,16,11,2061,8,19,10,2,9
41_47,43.13,2.46,49,0,0,-999,0,557132,557229,MR,103,2062-10-11 21:30:00,2062-10-13 22:00:00,2062,10,11,21,2062,10,13,22,2,9
42_47,69.39,5.92,89,0,74,-999,0,574485,574662,MR,103,2063-10-08 10:00:00,2063-10-12 02:30:00,2063,10,8,10,2063,10,12,2,3,6
43_47,41.395,2.47,44,0,44,-999,0,586673,586760,MR,103,2064-06-18 08:00:00,2064-06-20 03:30:00,2064,6,18,8,2064,6,20,3,2,7
44_47,58.145,5.88,49.5,0,0,-999,0,608588,608686,MR,103,2065-09-17 21:30:00,2065-09-19 22:30:00,2065,9,17,21,2065,9,19,22,2,6
45_47,74.735,6.05,52.5,0,0,-999,0,608699,608803,MR,103,2065-09-20 05:00:00,2065-09-22 09:00:00,2065,9,20,5,2065,9,22,9,2,6
46_47,48.555,4.84,46.5,0,21.5,-999,0,625433,625525,MR,103,2066-09-03 20:00:00,2066-09-05 18:00:00,2066,9,3,20,2066,9,5,18,1,9
47_47,112.08,13.47,119.5,33,19.5,-999,0,625720,625958,MR,103,2066-09-09 19:30:00,2066-09-14 18:30:00,2066,9,9,19,2066,9,14,18,1,9
48_47,24.97,2.93,62.5,0,3,-999,0,643227,643351,MR,103,2067-09-09 13:00:00,2067-09-12 03:00:00,2067,9,9,13,2067,9,12,3,2,6
49_47,64.52,3.6,87,54,27,-999,0,643674,643847,MR,103,2067-09-18 20:30:00,2067-09-22 11:00:00,2067,9,18,20,2067,9,22,11,2,6
50_47,24.54,2.64,56,0,0,-999,0,657330,657441,MR,103,2068-06-29 08:30:00,2068-07-01 16:00:00,2068,6,29,8,2068,7,1,16,3,5
51_47,48.205,7.03,60.5,0,0,-999,0,678397,678517,MR,103,2069-09-11 06:00:00,2069-09-13 18:00:00,2069,9,11,6,2069,9,13,18,3,6
52_47,40.96,3.21,52,0,0,-999,0,697983,698086,MR,103,2070-10-24 07:00:00,2070-10-26 10:30:00,2070,10,24,7,2070,10,26,10,3,2
53_47,36.62,4.68,41.5,0,0,-999,0,698127,698209,MR,103,2070-10-27 07:00:00,2070-10-29 00:00:00,2070,10,27,7,2070,10,29,0,3,2
54_47,32.355,3.25,40,0,18.5,-999,0,712083,712162,MR,103,2071-08-14 01:00:00,2071-08-15 16:30:00,2071,8,14,1,2071,8,15,16,1,5
55_47,29.385,4.49,34,28.5,5.5,-999,0,712186,712253,MR,103,2071-08-16 04:30:00,2071-08-17 14:00:00,2071,8,16,4,2071,8,17,14,1,5
56_47,25.805,1.48,51.5,0,0,-999,0,712328,712430,MR,103,2071-08-19 03:30:00,2071-08-21 06:30:00,2071,8,19,3,2071,8,21,6,1,5
57_47,88.855,10.93,49,1,12,-999,0,712464,712561,MR,103,2071-08-21 23:30:00,2071-08-24 00:00:00,2071,8,21,23,2071,8,24,0,1,5
58_47,24.185,4.05,30.5,8.5,22,-999,0,729476,729536,MR,103,2072-08-10 09:30:00,2072-08-11 15:30:00,2072,8,10,9,2072,8,11,15,2,7
59_45,67.455,3.34,83,0,0,-999,0,729894,730059,MR,103,2072-08-19 02:30:00,2072-08-22 13:00:00,2072,8,19,2,2072,8,22,13,2,7
60_45,50.785,3.71,64,0,0,-999,0,745662,745789,MR,103,2073-07-13 14:30:00,2073-07-16 06:00:00,2073,7,13,14,2073,7,16,6,2,6
61_44,21.575,3.52,37,14.5,22.5,-999,0,764086,764159,MR,103,2074-08-01 10:30:00,2074-08-02 23:00:00,2074,8,1,10,2074,8,2,23,2,6
62_42,43.235,7.85,60,0,28,-999,0,764379,764498,MR,103,2074-08-07 13:00:00,2074-08-10 00:30:00,2074,8,7,13,2074,8,10,0,2,6
63_39,120.96,8.96,77,0,0,-999,0,781444,781597,MR,103,2075-07-29 01:30:00,2075-08-01 06:00:00,2075,7,29,1,2075,8,1,6,3,5
64_37,30.75,1.65,142.5,0,0,-999,0,800094,800378,MR,103,2076-08-20 14:30:00,2076-08-26 12:30:00,2076,8,20,14,2076,8,26,12,2,7
65_33,32.09,2.52,30,0,24.5,-999,0,818917,818976,MR,103,2077-09-16 18:00:00,2077-09-17 23:30:00,2077,9,16,18,2077,9,17,23,3,8
66_33,43.175,3.37,39.5,0,0,-999,0,853821,853899,MR,103,2079-09-13 22:00:00,2079-09-15 13:00:00,2079,9,13,22,2079,9,15,13,3,8
67_31,61.215,5.95,36,0,0,-999,0,871136,871207,MR,103,2080-09-08 15:30:00,2080-09-10 03:00:00,2080,9,8,15,2080,9,10,3,2,7
68_28,123.88,8.42,31.5,10.5,21,-999,0,887698,887760,MR,103,2081-08-19 16:30:00,2081-08-20 23:30:00,2081,8,19,16,2081,8,20,23,2,6
69_24,47.8,5.49,53.5,0,53.5,-999,0,906400,906506,MR,103,2082-09-13 07:30:00,2082-09-15 12:30:00,2082,9,13,7,2082,9,15,12,3,9
70_21,29.895,2.58,56.5,0,0,-999,0,938420,938532,MR,103,2084-07-11 09:30:00,2084-07-13 17:30:00,2084,7,11,9,2084,7,13,17,2,9
71_16,31.72,5.86,29,0,0,-999,0,960250,960307,MR,103,2085-10-09 04:30:00,2085-10-10 09:00:00,2085,10,9,4,2085,10,10,9,1,6
72_13,37.505,4.35,57,0,5.5,-999,0,976795,976908,MR,103,2086-09-18 21:00:00,2086-09-21 05:30:00,2086,9,18,21,2086,9,21,5,1,8
73_11,20.285,1.76,57,22,29,-999,0,994401,994514,MR,103,2087-09-20 16:00:00,2087-09-23 00:30:00,2087,9,20,16,2087,9,23,0,3,1
74_7,55.07,4.12,49,0,0,-999,0,994729,994826,MR,103,2087-09-27 12:00:00,2087-09-29 12:30:00,2087,9,27,12,2087,9,29,12,3,1
75_6,111.58,7.6,84,47.5,36.5,-999,0,1011525,1011692,MR,103,2088-09-11 10:00:00,2088-09-14 21:30:00,2088,9,11,10,2088,9,14,21,2,8
76_5,43.785,5.21,21.5,1,4.5,-999,0,1026123,1026165,MR,103,2089-07-12 13:00:00,2089-07-13 10:00:00,2089,7,12,13,2089,7,13,10,3,8
77_5,20.895,2.17,43,0,0,-999,0,1041692,1041777,MR,103,2090-06-01 21:30:00,2090-06-03 16:00:00,2090,6,1,21,2090,6,3,16,3,7
78_4,38.61,3.77,51.5,4.5,11,-999,0,1041895,1041997,MR,103,2090-06-06 03:00:00,2090-06-08 06:00:00,2090,6,6,3,2090,6,8,6,3,7
1_48,57.585,4.31,48.5,17.5,28,-999,0,8345,8441,MR,104,2031-06-23 20:00:00,2031-06-25 20:00:00,2031,6,23,20,2031,6,25,20,3,1
2_48,150.28,10.07,88,45.5,34.5,-999,0,29155,29330,MR,104,2032-08-30 09:00:00,2032-09-03 00:30:00,2032,8,30,9,2032,9,3,0,2,2
3_48,21.72,6.34,8,0,0,-999,0,45794,45809,MR,104,2033-08-12 00:30:00,2033-08-12 08:00:00,2033,8,12,0,2033,8,12,8,2,7
4_48,63.415,4.13,71,0,0,-999,0,46306,46447,MR,104,2033-08-22 16:30:00,2033-08-25 15:00:00,2033,8,22,16,2033,8,25,15,2,7
5_48,54.55,7.58,43,0,0,-999,0,64928,65013,MR,104,2034-09-14 15:30:00,2034-09-16 10:00:00,2034,9,14,15,2034,9,16,10,1,6
6_48,32.27,2.95,55,0,0,-999,0,79348,79457,MR,104,2035-07-12 01:30:00,2035-07-14 08:00:00,2035,7,12,1,2035,7,14,8,2,7
7_48,35.4,3.14,29,13.5,15.5,-999,0,98974,99031,MR,104,2036-08-23 22:30:00,2036-08-25 03:00:00,2036,8,23,22,2036,8,25,3,3,2
8_48,106.09,6.73,134.5,15.5,52.5,-999,0,115984,116252,MR,104,2037-08-13 07:30:00,2037-08-18 21:30:00,2037,8,13,7,2037,8,18,21,1,7
9_48,48.325,2.71,115,0,0,-999,0,133692,133921,MR,104,2038-08-17 05:30:00,2038-08-22 00:00:00,2038,8,17,5,2038,8,22,0,2,8
10_48,28.695,3.2,30,0,0,-999,0,152267,152326,MR,104,2039-09-08 05:00:00,2039-09-09 10:30:00,2039,9,8,5,2039,9,9,10,1,5
11_48,43.94,3.23,85.5,0,0,-999,0,152374,152544,MR,104,2039-09-10 10:30:00,2039-09-13 23:30:00,2039,9,10,10,2039,9,13,23,1,5
12_48,23.055,2.77,42.5,0,27,-999,0,169923,170007,MR,104,2040-09-10 01:00:00,2040-09-11 19:00:00,2040,9,10,1,2040,9,11,19,2,6
13_48,73.685,7.6,55.5,38.5,17,-999,0,184096,184206,MR,104,2041-07-02 07:30:00,2041-07-04 14:30:00,2041,7,2,7,2041,7,4,14,3,9
14_48,146.785,7.25,125,65,33,-999,0,202623,202872,MR,104,2042-07-23 07:00:00,2042-07-28 11:30:00,2042,7,23,7,2042,7,28,11,2,6
15_48,28.235,1.31,78,0,10,-999,0,222778,222933,MR,104,2043-09-16 04:30:00,2043-09-19 10:00:00,2043,9,16,4,2043,9,19,10,2,5
16_48,24.095,2.57,35,0,0,-999,0,235326,235395,MR,104,2044-06-03 14:30:00,2044-06-05 01:00:00,2044,6,3,14,2044,6,5,1,3,5
17_48,35.995,5.23,26.5,0,0,-999,0,257782,257834,MR,104,2045-09-14 10:30:00,2045-09-15 12:30:00,2045,9,14,10,2045,9,15,12,3,7
18_48,42.32,3.81,49,0,0,-999,0,274701,274798,MR,104,2046-09-01 22:00:00,2046-09-03 22:30:00,2046,9,1,22,2046,9,3,22,2,6
19_48,49.55,3.92,39,0,10,-999,0,274814,274891,MR,104,2046-09-04 06:30:00,2046-09-05 21:00:00,2046,9,4,6,2046,9,5,21,2,6
20_48,23.4,3.86,20,0,0,-999,0,292052,292091,MR,104,2047-08-29 09:30:00,2047-08-30 05:00:00,2047,8,29,9,2047,8,30,5,1,8
21_48,57.105,6.34,49,2.5,42,-999,0,292497,292594,MR,104,2047-09-07 16:00:00,2047-09-09 16:30:00,2047,9,7,16,2047,9,9,16,1,8
22_48,61.975,6.43,60.5,0,0,-999,0,309278,309398,MR,104,2048-08-22 06:30:00,2048-08-24 18:30:00,2048,8,22,6,2048,8,24,18,3,6
23_48,21.255,2.8,40.5,0,21,-999,0,326048,326128,MR,104,2049-08-06 15:30:00,2049-08-08 07:30:00,2049,8,6,15,2049,8,8,7,3,2
24_48,33.125,5.3,22.5,0,0,-999,0,345722,345766,MR,104,2050-09-20 12:30:00,2050-09-21 10:30:00,2050,9,20,12,2050,9,21,10,2,9
25_48,27.4,2.38,36,0,0,-999,0,346203,346274,MR,104,2050-09-30 13:00:00,2050-10-02 00:30:00,2050,9,30,13,2050,10,2,0,2,9
26_48,68.105,7.79,38.5,11,25,-999,0,360488,360564,MR,104,2051-07-25 03:30:00,2051-07-26 17:30:00,2051,7,25,3,2051,7,26,17,2,5
27_48,64.98,8.15,94,38,56,-999,0,379912,380099,MR,104,2052-09-01 19:30:00,2052-09-05 17:00:00,2052,9,1,19,2052,9,5,17,3,9
28_48,61.96,4.6,47.5,0,0,-999,0,397436,397530,MR,104,2053-09-01 21:30:00,2053-09-03 20:30:00,2053,9,1,21,2053,9,3,20,2,6
29_48,32.41,6.61,16.5,0,0,-999,0,415495,415527,MR,104,2054-09-13 03:00:00,2054-09-13 19:00:00,2054,9,13,3,2054,9,13,19,1,6
30_48,56.31,3.7,63.5,0,63.5,-999,0,432580,432706,MR,104,2055-09-04 01:30:00,2055-09-06 16:30:00,2055,9,4,1,2055,9,6,16,2,6
31_48,23.575,5.86,25,0,0,-999,0,449678,449727,MR,104,2056-08-25 06:30:00,2056-08-26 07:00:00,2056,8,25,6,2056,8,26,7,1,8
32_48,83.38,4.63,67,0,0,-999,0,464589,464722,MR,104,2057-07-01 22:00:00,2057-07-04 16:30:00,2057,7,1,22,2057,7,4,16,2,7
33_48,24.73,1.27,60,0,0,-999,0,482411,482530,MR,104,2058-07-08 05:00:00,2058-07-10 16:30:00,2058,7,8,5,2058,7,10,16,2,8
34_48,58.27,2.97,69.5,22.5,22,-999,0,503615,503753,MR,104,2059-09-22 23:00:00,2059-09-25 20:00:00,2059,9,22,23,2059,9,25,20,2,9
35_48,30.92,3.38,45.5,0,8,-999,0,519769,519859,MR,104,2060-08-24 12:00:00,2060-08-26 09:00:00,2060,8,24,12,2060,8,26,9,2,6
36_48,92.63,3.86,163,22,60.5,-999,0,519996,520321,MR,104,2060-08-29 05:30:00,2060-09-05 00:00:00,2060,8,29,5,2060,9,5,0,2,6
37_48,51.675,10.17,40.5,16,24.5,-999,0,555831,555911,MR,104,2062-09-14 19:00:00,2062-09-16 11:00:00,2062,9,14,19,2062,9,16,11,1,8
38_48,20.77,3.07,33,15,18,-999,0,591324,591389,MR,104,2064-09-23 05:30:00,2064-09-24 14:00:00,2064,9,23,5,2064,9,24,14,3,2
39_48,39.28,3.86,26.5,0,0,-999,0,591807,591859,MR,104,2064-10-03 07:00:00,2064-10-04 09:00:00,2064,10,3,7,2064,10,4,9,3,2
40_48,28.26,6,29,0,0,-999,0,606281,606338,MR,104,2065-07-31 20:00:00,2065-08-02 00:30:00,2065,7,31,20,2065,8,2,0,1,3
41_48,25.11,3.22,38.5,0,0,-999,0,627897,627973,MR,104,2066-10-25 04:00:00,2066-10-26 18:00:00,2066,10,25,4,2066,10,26,18,1,2
42_48,44.255,4.2,55.5,25.5,25,-999,0,660981,661091,MR,104,2068-09-13 10:00:00,2068-09-15 17:00:00,2068,9,13,10,2068,9,15,17,3,8
43_48,20.7,4.32,20,0,0,-999,0,678918,678957,MR,104,2069-09-22 02:30:00,2069-09-22 22:00:00,2069,9,22,2,2069,9,22,22,1,5
44_48,34.935,6.03,40,0,0,-999,0,696253,696332,MR,104,2070-09-18 06:00:00,2070-09-19 21:30:00,2070,9,18,6,2070,9,19,21,3,8
45_48,50.155,3.67,56,36.5,19.5,-999,0,696621,696732,MR,104,2070-09-25 22:00:00,2070-09-28 05:30:00,2070,9,25,22,2070,9,28,5,3,8
46_48,73.71,2.62,95,18.5,42.5,-999,0,711391,711580,MR,104,2071-07-30 15:00:00,2071-08-03 13:30:00,2071,7,30,15,2071,8,3,13,2,6
47_48,29.83,2.07,52,0,0,-999,0,734158,734261,MR,104,2072-11-15 22:30:00,2072-11-18 02:00:00,2072,11,15,22,2072,11,18,2,3,4
48_48,45.545,5.19,101.5,0,0,-999,0,751810,752012,MR,104,2073-11-18 16:30:00,2073-11-22 21:30:00,2073,11,18,16,2073,11,22,21,1,6
49_48,36.29,4.02,62.5,0,0,-999,0,761778,761902,MR,104,2074-06-14 08:30:00,2074-06-16 22:30:00,2074,6,14,8,2074,6,16,22,1,9
50_48,33.44,4.67,21.5,0,0,-999,0,782638,782680,MR,104,2075-08-22 22:30:00,2075-08-23 19:30:00,2075,8,22,22,2075,8,23,19,1,9
51_48,20.07,2.34,39,0,0,-999,0,799614,799691,MR,104,2076-08-10 14:30:00,2076-08-12 05:00:00,2076,8,10,14,2076,8,12,5,3,5
52_48,43.89,2.34,37.5,0,0,-999,0,818239,818313,MR,104,2077-09-02 15:00:00,2077-09-04 04:00:00,2077,9,2,15,2077,9,4,4,2,1
53_48,32.53,5.67,27.5,0,0,-999,0,835529,835583,MR,104,2078-08-28 20:00:00,2078-08-29 23:00:00,2078,8,28,20,2078,8,29,23,1,7
54_48,43.805,7.41,67,0,0,-999,0,853409,853542,MR,104,2079-09-05 08:00:00,2079-09-08 02:30:00,2079,9,5,8,2079,9,8,2,1,7
55_48,22.865,1.52,28,24,4,-999,0,871288,871343,MR,104,2080-09-11 19:30:00,2080-09-12 23:00:00,2080,9,11,19,2080,9,12,23,2,9
56_48,27.52,1.8,37.5,0,17.5,-999,0,884033,884107,MR,104,2081-06-04 08:00:00,2081-06-05 21:00:00,2081,6,4,8,2081,6,5,21,2,5
57_48,60.825,3.91,33.5,8,19,-999,0,906514,906580,MR,104,2082-09-15 16:30:00,2082-09-17 01:30:00,2082,9,15,16,2082,9,17,1,2,8
58_48,44.66,3.01,78,18,43,-999,0,923046,923201,MR,104,2083-08-26 02:30:00,2083-08-29 08:00:00,2083,8,26,2,2083,8,29,8,2,6
59_46,65.045,5.82,55.5,0,23,-999,0,923404,923514,MR,104,2083-09-02 13:30:00,2083-09-04 20:30:00,2083,9,2,13,2083,9,4,20,2,6
60_46,30.09,2.38,57.5,0,0,-999,0,943876,943990,MR,104,2084-11-02 01:30:00,2084-11-04 10:30:00,2084,11,2,1,2084,11,4,10,3,6
61_45,27.195,2.02,31.5,0,0,-999,0,957968,958030,MR,104,2085-08-22 15:30:00,2085-08-23 22:30:00,2085,8,22,15,2085,8,23,22,3,6
62_43,36.99,1.88,67,43.5,23.5,-999,0,977692,977825,MR,104,2086-10-07 13:30:00,2086-10-10 08:00:00,2086,10,7,13,2086,10,10,8,2,10
63_40,86.19,3.3,155,0,0,-999,0,994034,994343,MR,104,2087-09-13 00:30:00,2087-09-19 11:00:00,2087,9,13,0,2087,9,19,11,2,3
64_38,104.44,5.04,163.5,0,16,-999,0,1010743,1011069,MR,104,2088-08-26 03:00:00,2088-09-01 22:00:00,2088,8,26,3,2088,9,1,22,2,6
65_34,25.865,2.08,44.5,0,0,-999,0,1029497,1029585,MR,104,2089-09-20 20:00:00,2089-09-22 16:00:00,2089,9,20,20,2089,9,22,16,2,6
66_34,27.59,1.55,58,1,62.5,-999,0,1029952,1030067,MR,104,2089-09-30 07:30:00,2089-10-02 17:00:00,2089,9,30,7,2089,10,2,17,2,6
67_32,91,6.48,64.5,18.5,46,-999,0,1045114,1045242,MR,104,2090-08-12 04:30:00,2090-08-14 20:30:00,2090,8,12,4,2090,8,14,20,2,9
1_49,53.865,5.07,28.5,15.5,13,-999,0,9929,9985,MR,105,2031-07-26 20:00:00,2031-07-28 00:00:00,2031,7,26,20,2031,7,28,0,3,6
2_49,25.85,2.65,53,0,0,-999,0,26724,26829,MR,105,2032-07-10 17:30:00,2032-07-12 22:00:00,2032,7,10,17,2032,7,12,22,1,8
3_49,105,6.68,101.5,0,0,-999,0,64469,64671,MR,105,2034-09-05 02:00:00,2034-09-09 07:00:00,2034,9,5,2,2034,9,9,7,2,5
4_49,41.485,3.19,114.5,0,0,-999,0,81631,81859,MR,105,2035-08-28 15:00:00,2035-09-02 09:00:00,2035,8,28,15,2035,9,2,9,2,7
5_49,41.515,7.61,60,0,0,-999,0,100002,100121,MR,105,2036-09-14 08:30:00,2036-09-16 20:00:00,2036,9,14,8,2036,9,16,20,1,9
6_49,37.74,7.59,42,0,0,-999,0,100190,100273,MR,105,2036-09-18 06:30:00,2036-09-20 00:00:00,2036,9,18,6,2036,9,20,0,1,9
7_49,62.68,2.95,61,6.5,24,-999,0,118868,118989,MR,105,2037-10-12 09:30:00,2037-10-14 22:00:00,2037,10,12,9,2037,10,14,22,2,9
8_49,25.63,3.79,29.5,0,0,-999,0,136256,136314,MR,105,2038-10-09 15:30:00,2038-10-10 20:30:00,2038,10,9,15,2038,10,10,20,1,6
9_49,35.945,1.66,109.5,0,0,-999,0,153280,153498,MR,105,2039-09-29 07:30:00,2039-10-03 20:30:00,2039,9,29,7,2039,10,3,20,2,9
10_49,75.05,4.87,68.5,0,0,-999,0,183368,183504,MR,105,2041-06-17 03:30:00,2041-06-19 23:30:00,2041,6,17,3,2041,6,19,23,2,6
11_49,202.025,8.07,69.5,0,0,-999,0,203511,203649,MR,105,2042-08-10 19:00:00,2042-08-13 16:00:00,2042,8,10,19,2042,8,13,16,2,5
12_49,61.49,6.29,62,7.5,30,-999,0,221284,221407,MR,105,2043-08-16 01:30:00,2043-08-18 15:00:00,2043,8,16,1,2043,8,18,15,3,6
13_49,35.785,2.55,58.5,0,0,-999,0,238484,238600,MR,105,2044-08-08 09:30:00,2044-08-10 19:30:00,2044,8,8,9,2044,8,10,19,3,7
14_49,53.97,5.43,44.5,24.5,20,-999,0,238902,238990,MR,105,2044-08-17 02:30:00,2044-08-18 22:30:00,2044,8,17,2,2044,8,18,22,3,7
15_49,34.71,2.86,77.5,18,39.5,-999,0,258331,258485,MR,105,2045-09-25 21:00:00,2045-09-29 02:00:00,2045,9,25,21,2045,9,29,2,1,6
16_49,37.085,1.61,66.5,0,0,-999,0,271349,271481,MR,105,2046-06-24 02:00:00,2046-06-26 20:00:00,2046,6,24,2,2046,6,26,20,2,10
17_49,73.4,6.6,37,24,13,-999,0,292648,292721,MR,105,2047-09-10 19:30:00,2047-09-12 08:00:00,2047,9,10,19,2047,9,12,8,3,9
18_49,34.93,2.49,39,0,8,-999,0,311842,311919,MR,105,2048-10-14 16:30:00,2048-10-16 07:00:00,2048,10,14,16,2048,10,16,7,3,5
19_49,65.905,2.97,99.5,0,20,-999,0,328812,329010,MR,105,2049-10-03 05:30:00,2049-10-07 08:30:00,2049,10,3,5,2049,10,7,8,2,6
20_49,67.385,3.32,71.5,10,55.5,-999,0,345196,345338,MR,105,2050-09-09 13:30:00,2050-09-12 12:30:00,2050,9,9,13,2050,9,12,12,2,5
21_49,44.995,2.26,78,0,0,-999,0,365437,365592,MR,105,2051-11-05 06:00:00,2051-11-08 11:30:00,2051,11,5,6,2051,11,8,11,2,8
22_49,36.595,2.78,36,0,0,-999,0,382819,382890,MR,105,2052-11-01 09:00:00,2052-11-02 20:30:00,2052,11,1,9,2052,11,2,20,1,2
23_49,32.245,5.43,65,0,0,-999,0,383203,383332,MR,105,2052-11-09 09:00:00,2052-11-12 01:30:00,2052,11,9,9,2052,11,12,1,1,2
24_49,29.9,2.3,46,0,0,-999,0,395126,395217,MR,105,2053-07-15 18:30:00,2053-07-17 16:00:00,2053,7,15,18,2053,7,17,16,3,8
25_49,33.73,2.27,57,0,0,-999,0,395395,395508,MR,105,2053-07-21 09:00:00,2053-07-23 17:30:00,2053,7,21,9,2053,7,23,17,3,8
26_49,21.925,2.33,39,0,3.5,-999,0,414688,414765,MR,105,2054-08-27 07:30:00,2054-08-28 22:00:00,2054,8,27,7,2054,8,28,22,3,1
27_49,32.485,5.17,30.5,0,0,-999,0,431634,431694,MR,105,2055-08-15 08:30:00,2055-08-16 14:30:00,2055,8,15,8,2055,8,16,14,1,8
28_49,56.65,4.08,60.5,15,40.5,-999,0,447413,447533,MR,105,2056-07-09 02:00:00,2056-07-11 14:00:00,2056,7,9,2,2056,7,11,14,3,6
29_49,39.56,4.24,30.5,5,27.5,-999,0,470184,470244,MR,105,2057-10-26 11:30:00,2057-10-27 17:30:00,2057,10,26,11,2057,10,27,17,2,7
30_49,33.19,4.13,47,0,0,-999,0,483068,483161,MR,105,2058-07-21 21:30:00,2058-07-23 20:00:00,2058,7,21,21,2058,7,23,20,3,8
31_49,38.255,2.33,86,0,14.5,-999,0,504097,504268,MR,105,2059-10-03 00:00:00,2059-10-06 13:30:00,2059,10,3,0,2059,10,6,13,2,1
32_49,40.45,1.93,61.5,0,0,-999,0,517494,517616,MR,105,2060-07-08 02:30:00,2060-07-10 15:30:00,2060,7,8,2,2060,7,10,15,2,1
33_49,37.94,3.95,95.5,0,0,-999,0,541726,541916,MR,105,2061-11-24 22:30:00,2061-11-28 21:30:00,2061,11,24,22,2061,11,28,21,3,2
34_49,35.175,3.3,30,0,0,-999,0,556755,556814,MR,105,2062-10-04 01:00:00,2062-10-05 06:30:00,2062,10,4,1,2062,10,5,6,3,1
35_49,26.475,4.17,43.5,0,0,-999,0,588157,588243,MR,105,2064-07-19 06:00:00,2064-07-21 01:00:00,2064,7,19,6,2064,7,21,1,1,6
36_49,25.44,1.61,61,0,0,-999,0,608036,608157,MR,105,2065-09-06 09:30:00,2065-09-08 22:00:00,2065,9,6,9,2065,9,8,22,2,1
37_49,38.67,5.77,26.5,0,0,-999,0,608293,608345,MR,105,2065-09-11 18:00:00,2065-09-12 20:00:00,2065,9,11,18,2065,9,12,20,2,1
38_49,25.455,2.42,27,19.5,7.5,-999,0,627815,627868,MR,105,2066-10-23 11:00:00,2066-10-24 13:30:00,2066,10,23,11,2066,10,24,13,1,8
39_49,69.815,6.99,52,17,15.5,-999,0,643164,643267,MR,105,2067-09-08 05:30:00,2067-09-10 09:00:00,2067,9,8,5,2067,9,10,9,2,2
40_49,38.895,2.13,100,0,6.5,-999,0,643313,643512,MR,105,2067-09-11 08:00:00,2067-09-15 11:30:00,2067,9,11,8,2067,9,15,11,2,2
41_49,93.685,7.93,49.5,2.5,50,-999,0,643663,643761,MR,105,2067-09-18 15:00:00,2067-09-20 16:00:00,2067,9,18,15,2067,9,20,16,2,2
42_49,65.895,6.04,28,0,5,-999,0,660951,661006,MR,105,2068-09-12 19:00:00,2068-09-13 22:30:00,2068,9,12,19,2068,9,13,22,3,6
43_49,33.65,4.32,27.5,0,0,-999,0,678214,678268,MR,105,2069-09-07 10:30:00,2069-09-08 13:30:00,2069,9,7,10,2069,9,8,13,1,1
44_49,48.14,4.7,34.5,1,19,-999,0,695074,695142,MR,105,2070-08-24 16:30:00,2070-08-26 02:30:00,2070,8,24,16,2070,8,26,2,1,7
45_49,72.185,6.65,48,18,27.5,-999,0,712540,712635,MR,105,2071-08-23 13:30:00,2071-08-25 13:00:00,2071,8,23,13,2071,8,25,13,3,8
46_49,56.555,8.67,44,33,11,-999,0,730892,730979,MR,105,2072-09-08 21:30:00,2072-09-10 17:00:00,2072,9,8,21,2072,9,10,17,1,9
47_49,22.405,2.34,35,24.5,10.5,-999,0,748945,749014,MR,105,2073-09-20 00:00:00,2073-09-21 10:30:00,2073,9,20,0,2073,9,21,10,2,4
48_49,27.835,2.2,23.5,0,0,-999,0,749360,749406,MR,105,2073-09-28 15:30:00,2073-09-29 14:30:00,2073,9,28,15,2073,9,29,14,2,4
49_49,35.795,4.48,33,20,13,-999,0,749472,749537,MR,105,2073-09-30 23:30:00,2073-10-02 08:00:00,2073,9,30,23,2073,10,2,8,2,4
50_49,110.845,4.98,124.5,61.5,3.5,-999,0,764104,764352,MR,105,2074-08-01 19:30:00,2074-08-06 23:30:00,2074,8,1,19,2074,8,6,23,2,9
51_49,21.945,4.41,23,0,0,-999,0,781850,781895,MR,105,2075-08-06 12:30:00,2075-08-07 11:00:00,2075,8,6,12,2075,8,7,11,1,3
52_49,21.75,2.7,27,14,13,-999,0,803469,803522,MR,105,2076-10-29 22:00:00,2076-10-31 00:30:00,2076,10,29,22,2076,10,31,0,1,9
53_49,46.45,5.83,34,27.5,6.5,-999,0,815860,815927,MR,105,2077-07-15 01:30:00,2077-07-16 11:00:00,2077,7,15,1,2077,7,16,11,1,9
54_49,22.71,3.36,26,0,0,-999,0,836294,836345,MR,105,2078-09-13 18:30:00,2078-09-14 20:00:00,2078,9,13,18,2078,9,14,20,1,10
55_49,22.315,1.75,56,0,0,-999,0,850592,850703,MR,105,2079-07-08 15:30:00,2079-07-10 23:00:00,2079,7,8,15,2079,7,10,23,2,6
56_49,32.75,2.56,61,0,0,-999,0,870043,870164,MR,105,2080-08-16 21:00:00,2080-08-19 09:30:00,2080,8,16,21,2080,8,19,9,2,5
57_49,74.97,4.08,86,4.5,46.5,-999,0,888131,888302,MR,105,2081-08-28 17:00:00,2081-09-01 06:30:00,2081,8,28,17,2081,9,1,6,1,1
58_49,31.305,4.84,41,0,0,-999,0,906107,906188,MR,105,2082-09-07 05:00:00,2082-09-08 21:30:00,2082,9,7,5,2082,9,8,21,1,5
59_47,30.85,2.11,37.5,0,0,-999,0,924898,924972,MR,105,2083-10-03 16:30:00,2083-10-05 05:30:00,2083,10,3,16,2083,10,5,5,1,6
60_47,40.005,5.92,43,0,0,-999,0,925185,925270,MR,105,2083-10-09 16:00:00,2083-10-11 10:30:00,2083,10,9,16,2083,10,11,10,1,6
61_46,74.915,7.32,44,18.5,23.5,-999,0,942437,942524,MR,105,2084-10-03 02:00:00,2084-10-04 21:30:00,2084,10,3,2,2084,10,4,21,3,6
62_44,61.095,2.7,145.5,0,2.5,-999,0,957968,958258,MR,105,2085-08-22 15:30:00,2085-08-28 16:30:00,2085,8,22,15,2085,8,28,16,2,1
63_41,42.6,3.21,81.5,0,0,-999,0,976150,976312,MR,105,2086-09-05 10:30:00,2086-09-08 19:30:00,2086,9,5,10,2086,9,8,19,2,3
64_39,32.83,1.86,34,0,0,-999,0,994557,994624,MR,105,2087-09-23 22:00:00,2087-09-25 07:30:00,2087,9,23,22,2087,9,25,7,2,8
65_35,46.58,4.63,57.5,0,0,-999,0,1011417,1011531,MR,105,2088-09-09 04:00:00,2088-09-11 13:00:00,2088,9,9,4,2088,9,11,13,3,8
66_35,21.095,3.72,20.5,0,0,-999,0,1028249,1028289,MR,105,2089-08-25 20:00:00,2089-08-26 16:00:00,2089,8,25,20,2089,8,26,16,3,8
67_33,50.85,3.74,47,0,0,-999,0,1028634,1028727,MR,105,2089-09-02 20:30:00,2089-09-04 19:00:00,2089,9,2,20,2089,9,4,19,3,8
68_29,82,3.73,92,0,0,-999,0,1045111,1045294,MR,105,2090-08-12 03:00:00,2090-08-15 22:30:00,2090,8,12,3,2090,8,15,22,2,8
1_50,52.845,8.72,22.5,0,0,-999,0,29499,29543,MR,106,2032-09-06 13:00:00,2032-09-07 11:00:00,2032,9,6,13,2032,9,7,11,1,5
2_50,43.265,3.12,67.5,0,0,-999,0,46232,46366,MR,106,2033-08-21 03:30:00,2033-08-23 22:30:00,2033,8,21,3,2033,8,23,22,2,6
3_50,47.715,6.04,51,0,0,-999,0,46399,46500,MR,106,2033-08-24 15:00:00,2033-08-26 17:30:00,2033,8,24,15,2033,8,26,17,2,6
4_50,55.435,7.39,26.5,0,0,-999,0,63288,63340,MR,106,2034-08-11 11:30:00,2034-08-12 13:30:00,2034,8,11,11,2034,8,12,13,1,8
5_50,29.61,1.48,79.5,0,0,-999,0,79385,79543,MR,106,2035-07-12 20:00:00,2035-07-16 03:00:00,2035,7,12,20,2035,7,16,3,1,2
6_50,58.725,6.5,112,41,37,-999,0,79745,79968,MR,106,2035-07-20 08:00:00,2035-07-24 23:30:00,2035,7,20,8,2035,7,24,23,1,2
7_50,25.57,1.55,46,4.5,20.5,-999,0,103581,103672,MR,106,2036-11-27 22:00:00,2036-11-29 19:30:00,2036,11,27,22,2036,11,29,19,2,6
8_50,48.5,3.13,65.5,22,41.5,-999,0,117802,117932,MR,106,2037-09-20 04:30:00,2037-09-22 21:30:00,2037,9,20,4,2037,9,22,21,3,9
9_50,39.775,2.32,42.5,0,0,-999,0,136864,136948,MR,106,2038-10-22 07:30:00,2038-10-24 01:30:00,2038,10,22,7,2038,10,24,1,2,7
10_50,20.505,2.37,115.5,0,0,-999,0,155723,155953,MR,106,2039-11-19 05:00:00,2039-11-24 00:00:00,2039,11,19,5,2039,11,24,0,3,8
11_50,82.54,12.62,56.5,0,22,-999,0,168608,168720,MR,106,2040-08-13 15:30:00,2040-08-15 23:30:00,2040,8,13,15,2040,8,15,23,1,6
12_50,36.42,3.13,44.5,21.5,23,-999,0,188672,188760,MR,106,2041-10-05 15:30:00,2041-10-07 11:30:00,2041,10,5,15,2041,10,7,11,3,9
13_50,24.625,4.49,22.5,0,0,-999,0,205381,205425,MR,106,2042-09-18 18:00:00,2042-09-19 16:00:00,2042,9,18,18,2042,9,19,16,2,9
14_50,21.335,2.28,27,18,9,-999,0,205796,205849,MR,106,2042-09-27 09:30:00,2042-09-28 12:00:00,2042,9,27,9,2042,9,28,12,2,9
15_50,21.91,1.99,38,0,0,-999,0,205925,206000,MR,106,2042-09-30 02:00:00,2042-10-01 15:30:00,2042,9,30,2,2042,10,1,15,2,9
16_50,21.145,1.52,116.5,0,0,-999,0,225033,225265,MR,106,2043-11-02 04:00:00,2043-11-07 00:00:00,2043,11,2,4,2043,11,7,0,2,4
17_50,38.44,6.32,31,0,0,-999,0,238062,238123,MR,106,2044-07-30 14:30:00,2044-07-31 21:00:00,2044,7,30,14,2044,7,31,21,1,5
18_50,36.765,4.38,94.5,25.5,54.5,-999,0,238465,238653,MR,106,2044-08-08 00:00:00,2044-08-11 22:00:00,2044,8,8,0,2044,8,11,22,1,5
19_50,25.765,4.28,24.5,0,0,-999,0,257833,257881,MR,106,2045-09-15 12:00:00,2045-09-16 12:00:00,2045,9,15,12,2045,9,16,12,3,9
20_50,37.305,3.13,31.5,2,57,-999,0,274990,275052,MR,106,2046-09-07 22:30:00,2046-09-09 05:30:00,2046,9,7,22,2046,9,9,5,3,9
21_50,23.555,4.02,49,19,30,-999,0,292474,292571,MR,106,2047-09-07 04:30:00,2047-09-09 05:00:00,2047,9,7,4,2047,9,9,5,3,9
22_50,41.49,3.89,95,0,23.5,-999,0,292985,293174,MR,106,2047-09-17 20:00:00,2047-09-21 18:30:00,2047,9,17,20,2047,9,21,18,3,9
23_50,32.65,3.15,32.5,0,0,-999,0,311200,311264,MR,106,2048-10-01 07:30:00,2048-10-02 15:30:00,2048,10,1,7,2048,10,2,15,3,6
24_50,73.465,7.52,65,0,0,-999,0,327012,327141,MR,106,2049-08-26 17:30:00,2049-08-29 10:00:00,2049,8,26,17,2049,8,29,10,1,6
25_50,84.425,7.21,52.5,23,19.5,-999,0,344852,344956,MR,106,2050-09-02 09:30:00,2050-09-04 13:30:00,2050,9,2,9,2050,9,4,13,2,1
26_50,29.155,2.29,42.5,0,0,-999,0,362434,362518,MR,106,2051-09-03 16:30:00,2051-09-05 10:30:00,2051,9,3,16,2051,9,5,10,3,6
27_50,21.055,1.51,42,0,0,-999,0,382879,382962,MR,106,2052-11-02 15:00:00,2052-11-04 08:30:00,2052,11,2,15,2052,11,4,8,3,7
28_50,61.34,4.75,47.5,0,0,-999,0,400651,400745,MR,106,2053-11-07 21:00:00,2053-11-09 20:00:00,2053,11,7,21,2053,11,9,20,3,6
29_50,70.095,5.29,38,1.5,10,-999,0,416077,416152,MR,106,2054-09-25 06:00:00,2054-09-26 19:30:00,2054,9,25,6,2054,9,26,19,3,8
30_50,43.92,1.7,104,0,0,-999,0,429620,429827,MR,106,2055-07-04 09:30:00,2055-07-08 17:00:00,2055,7,4,9,2055,7,8,17,3,6
31_50,36.255,3.63,68.5,0,0,-999,0,430060,430196,MR,106,2055-07-13 13:30:00,2055-07-16 09:30:00,2055,7,13,13,2055,7,16,9,3,6
32_50,61.985,4.03,79.5,0,0,-999,0,447389,447547,MR,106,2056-07-08 14:00:00,2056-07-11 21:00:00,2056,7,8,14,2056,7,11,21,2,6
33_50,30.62,2.78,47.5,0,0,-999,0,467194,467288,MR,106,2057-08-25 04:30:00,2057-08-27 03:30:00,2057,8,25,4,2057,8,27,3,3,2
34_50,33.005,2.44,103.5,0,0,-999,0,483281,483487,MR,106,2058-07-26 08:00:00,2058-07-30 15:00:00,2058,7,26,8,2058,7,30,15,2,7
35_50,38.69,2.08,41,0,0,-999,0,498131,498212,MR,106,2059-05-31 17:00:00,2059-06-02 09:30:00,2059,5,31,17,2059,6,2,9,2,9
36_50,36.33,3.23,34,0,34,-999,0,518617,518684,MR,106,2060-07-31 12:00:00,2060-08-01 21:30:00,2060,7,31,12,2060,8,1,21,3,9
37_50,31.46,3.89,23.5,0,0,-999,0,536686,536732,MR,106,2061-08-11 22:30:00,2061-08-12 21:30:00,2061,8,11,22,2061,8,12,21,1,8
38_50,87.15,6.83,49.5,36.5,13,-999,0,553433,553531,MR,106,2062-07-26 20:00:00,2062-07-28 21:00:00,2062,7,26,20,2062,7,28,21,3,1
39_50,31.695,5.65,33.5,0,0,-999,0,572702,572768,MR,106,2063-09-01 06:30:00,2063-09-02 15:30:00,2063,9,1,6,2063,9,2,15,3,6
40_50,78.265,6.47,99.5,11.5,72,-999,0,573039,573237,MR,106,2063-09-08 07:00:00,2063-09-12 10:00:00,2063,9,8,7,2063,9,12,10,3,6
41_50,45.19,3.4,45,0,0,-999,0,590991,591080,MR,106,2064-09-16 07:00:00,2064-09-18 03:30:00,2064,9,16,7,2064,9,18,3,2,6
42_50,36.415,6.06,45,0,0,-999,0,606149,606238,MR,106,2065-07-29 02:00:00,2065-07-30 22:30:00,2065,7,29,2,2065,7,30,22,1,6
43_50,109.345,4.96,111,0,0,-999,0,623221,623442,MR,106,2066-07-19 18:00:00,2066-07-24 08:30:00,2066,7,19,18,2066,7,24,8,2,1
44_50,24.16,4.25,35,0,0,-999,0,642964,643033,MR,106,2067-09-04 01:30:00,2067-09-05 12:00:00,2067,9,4,1,2067,9,5,12,3,10
45_50,68.185,6.98,36,14,18,-999,0,643050,643121,MR,106,2067-09-05 20:30:00,2067-09-07 08:00:00,2067,9,5,20,2067,9,7,8,3,10
46_50,56.21,4.6,85,0,0,-999,0,658219,658388,MR,106,2068-07-17 21:00:00,2068-07-21 09:30:00,2068,7,17,21,2068,7,21,9,3,6
47_50,27.855,1.9,44.5,0,0,-999,0,677209,677297,MR,106,2069-08-17 12:00:00,2069-08-19 08:00:00,2069,8,17,12,2069,8,19,8,2,6
48_50,52.975,3.93,80,0,0,-999,0,677640,677799,MR,106,2069-08-26 11:30:00,2069-08-29 19:00:00,2069,8,26,11,2069,8,29,19,2,6
49_50,34.36,5.61,34.5,0,22.5,-999,0,693865,693933,MR,106,2070-07-30 12:00:00,2070-07-31 22:00:00,2070,7,30,12,2070,7,31,22,1,10
50_50,26.085,2.18,53,0,44.5,-999,0,713465,713570,MR,106,2071-09-11 20:00:00,2071-09-14 00:30:00,2071,9,11,20,2071,9,14,0,2,9
51_50,57.62,5.8,131.5,0,0,-999,0,733171,733433,MR,106,2072-10-26 09:00:00,2072-10-31 20:00:00,2072,10,26,9,2072,10,31,20,1,8
52_50,27.995,2.87,36.5,0,36.5,-999,0,765483,765555,MR,106,2074-08-30 13:00:00,2074-09-01 01:00:00,2074,8,30,13,2074,9,1,1,3,5
53_50,59.805,6.33,32.5,0,0,-999,0,765712,765776,MR,106,2074-09-04 07:30:00,2074-09-05 15:30:00,2074,9,4,7,2074,9,5,15,3,5
54_50,98.03,2.78,92,2,90,-999,0,782038,782221,MR,106,2075-08-10 10:30:00,2075-08-14 06:00:00,2075,8,10,10,2075,8,14,6,2,10
55_50,35.9,2.67,115,17.5,63.5,-999,0,803964,804193,MR,106,2076-11-09 05:30:00,2076-11-14 00:00:00,2076,11,9,5,2076,11,14,0,3,2
56_50,31.1,4.65,28.5,0,0,-999,0,818142,818198,MR,106,2077-08-31 14:30:00,2077-09-01 18:30:00,2077,8,31,14,2077,9,1,18,1,8
57_50,68.505,8.64,60.5,18,22,-999,0,818449,818569,MR,106,2077-09-07 00:00:00,2077-09-09 12:00:00,2077,9,7,0,2077,9,9,12,1,8
58_50,38.785,3.13,59.5,0,0,-999,0,837210,837328,MR,106,2078-10-02 20:30:00,2078-10-05 07:30:00,2078,10,2,20,2078,10,5,7,2,6
59_48,48.275,3.83,74,0,0,-999,0,869456,869603,MR,106,2080-08-04 15:30:00,2080-08-07 17:00:00,2080,8,4,15,2080,8,7,17,2,1
60_48,57.16,4.6,126,53.5,28.5,-999,0,885875,886126,MR,106,2081-07-12 17:00:00,2081-07-17 22:30:00,2081,7,12,17,2081,7,17,22,3,8
61_47,20.02,1.77,36,0,0,-999,0,904924,904995,MR,106,2082-08-13 13:30:00,2082-08-15 01:00:00,2082,8,13,13,2082,8,15,1,2,9
62_45,34.03,4.43,27.5,0,0,-999,0,922792,922846,MR,106,2083-08-20 19:30:00,2083-08-21 22:30:00,2083,8,20,19,2083,8,21,22,2,6
63_42,56.855,5.2,40.5,20.5,20,-999,0,939746,939826,MR,106,2084-08-08 00:30:00,2084-08-09 16:30:00,2084,8,8,0,2084,8,9,16,2,6
64_40,33.535,3.08,63,6,18.5,-999,0,953773,953898,MR,106,2085-05-27 06:00:00,2085-05-29 20:30:00,2085,5,27,6,2085,5,29,20,3,6
65_36,25.605,3,70,0,0,-999,0,953980,954119,MR,106,2085-05-31 13:30:00,2085-06-03 11:00:00,2085,5,31,13,2085,6,3,11,3,6
66_36,29.615,3.27,26,14.5,11.5,-999,0,977221,977272,MR,106,2086-09-27 18:00:00,2086-09-28 19:30:00,2086,9,27,18,2086,9,28,19,3,8
67_34,25.975,2.3,24,0,0,-999,0,994442,994489,MR,106,2087-09-21 12:30:00,2087-09-22 12:00:00,2087,9,21,12,2087,9,22,12,3,9
68_30,48.035,4.11,29.5,0,0,-999,0,994609,994667,MR,106,2087-09-25 00:00:00,2087-09-26 05:00:00,2087,9,25,0,2087,9,26,5,3,9
69_25,44.235,4.2,37.5,21,16.5,-999,0,1008634,1008708,MR,106,2088-07-13 04:30:00,2088-07-14 17:30:00,2088,7,13,4,2088,7,14,17,3,6
70_22,21.345,1.75,40.5,0,0,-999,0,1028228,1028308,MR,106,2089-08-25 09:30:00,2089-08-27 01:30:00,2089,8,25,9,2089,8,27,1,2,8
71_17,20.045,1.38,36,0,0,-999,0,1028372,1028443,MR,106,2089-08-28 09:30:00,2089-08-29 21:00:00,2089,8,28,9,2089,8,29,21,2,8
72_14,115.155,10.32,102.5,0,57.5,-999,0,1028546,1028750,MR,106,2089-09-01 00:30:00,2089-09-05 06:30:00,2089,9,1,0,2089,9,5,6,2,8
73_12,36.125,5.61,59,0,0,-999,0,1045551,1045668,MR,106,2090-08-21 07:00:00,2090-08-23 17:30:00,2090,8,21,7,2090,8,23,17,3,7
1_51,53.3,7.39,78,0,0,-999,0,9966,10121,MR,107,2031-07-27 14:30:00,2031-07-30 20:00:00,2031,7,27,14,2031,7,30,20,1,6
2_51,27.745,4.12,49.5,0,0,-999,0,27219,27317,MR,107,2032-07-21 01:00:00,2032-07-23 02:00:00,2032,7,21,1,2032,7,23,2,1,7
3_51,63.83,8.42,56,0,56,-999,0,27369,27480,MR,107,2032-07-24 04:00:00,2032-07-26 11:30:00,2032,7,24,4,2032,7,26,11,1,7
4_51,30.97,3.66,41.5,19.5,22,-999,0,46935,47017,MR,107,2033-09-04 19:00:00,2033-09-06 12:00:00,2033,9,4,19,2033,9,6,12,2,6
5_51,60.435,4.77,57,0,0,-999,0,47184,47297,MR,107,2033-09-09 23:30:00,2033-09-12 08:00:00,2033,9,9,23,2033,9,12,8,2,6
6_51,92.205,9.09,68.5,0,0,-999,0,47314,47450,MR,107,2033-09-12 16:30:00,2033-09-15 12:30:00,2033,9,12,16,2033,9,15,12,2,6
7_51,39.225,4.98,19.5,0,0,-999,0,63183,63221,MR,107,2034-08-09 07:00:00,2034-08-10 02:00:00,2034,8,9,7,2034,8,10,2,1,7
8_51,27.88,7.21,20,17.5,2.5,-999,0,80933,80972,MR,107,2035-08-14 02:00:00,2035-08-14 21:30:00,2035,8,14,2,2035,8,14,21,1,2
9_51,105.55,15.19,41,25.5,15.5,-999,0,81074,81155,MR,107,2035-08-17 00:30:00,2035-08-18 17:00:00,2035,8,17,0,2035,8,18,17,1,2
10_51,31.61,5.73,68.5,0,0,-999,0,101939,102075,MR,107,2036-10-24 17:00:00,2036-10-27 13:00:00,2036,10,24,17,2036,10,27,13,1,5
11_51,36.115,4.62,48,0,0,-999,0,102277,102372,MR,107,2036-10-31 18:00:00,2036-11-02 17:30:00,2036,10,31,18,2036,11,2,17,1,5
12_51,43.48,3.54,38,25.5,12.5,-999,0,115069,115144,MR,107,2037-07-25 06:00:00,2037-07-26 19:30:00,2037,7,25,6,2037,7,26,19,2,9
13_51,69.64,3.76,97.5,0,0,-999,0,133558,133752,MR,107,2038-08-14 10:30:00,2038-08-18 11:30:00,2038,8,14,10,2038,8,18,11,2,6
14_51,22.355,5.89,25.5,0,0,-999,0,150274,150324,MR,107,2039-07-28 16:30:00,2039-07-29 17:30:00,2039,7,28,16,2039,7,29,17,3,10
15_51,28.135,1.8,81,0,69.5,-999,0,170433,170594,MR,107,2040-09-20 16:00:00,2040-09-24 00:30:00,2040,9,20,16,2040,9,24,0,2,8
16_51,47.975,4.35,58.5,18,24.5,-999,0,170674,170790,MR,107,2040-09-25 16:30:00,2040-09-28 02:30:00,2040,9,25,16,2040,9,28,2,2,8
17_51,33.7,4.03,34.5,0,0,-999,0,187500,187568,MR,107,2041-09-11 05:30:00,2041-09-12 15:30:00,2041,9,11,5,2041,9,12,15,3,9
18_51,71.365,6.99,102,33.5,57,-999,0,187788,187991,MR,107,2041-09-17 05:30:00,2041-09-21 11:00:00,2041,9,17,5,2041,9,21,11,3,9
19_51,37.92,2.66,57,0,0,-999,0,201307,201420,MR,107,2042-06-25 21:00:00,2042-06-28 05:30:00,2042,6,25,21,2042,6,28,5,3,9
20_51,71.055,5.69,44,18.5,24,-999,0,201589,201676,MR,107,2042-07-01 18:00:00,2042-07-03 13:30:00,2042,7,1,18,2042,7,3,13,3,9
21_51,31.91,3.58,39,0,3.5,-999,0,223581,223658,MR,107,2043-10-02 22:00:00,2043-10-04 12:30:00,2043,10,2,22,2043,10,4,12,1,2
22_51,26.905,3.98,23,0,0,-999,0,240726,240771,MR,107,2044-09-24 02:30:00,2044-09-25 01:00:00,2044,9,24,2,2044,9,25,1,1,6
23_51,29.355,7.65,13,0,0,-999,0,256354,256379,MR,107,2045-08-15 16:30:00,2045-08-16 05:00:00,2045,8,15,16,2045,8,16,5,1,1
24_51,60.555,4.88,65.5,0,0,-999,0,273770,273900,MR,107,2046-08-13 12:30:00,2046-08-16 05:30:00,2046,8,13,12,2046,8,16,5,3,1
25_51,41.645,5.69,77,0,0,-999,0,273922,274075,MR,107,2046-08-16 16:30:00,2046-08-19 21:00:00,2046,8,16,16,2046,8,19,21,3,1
26_51,46.38,6.27,30,0,0,-999,0,291760,291819,MR,107,2047-08-23 07:30:00,2047-08-24 13:00:00,2047,8,23,7,2047,8,24,13,1,8
27_51,40.24,7.29,26,24.5,1.5,-999,0,307990,308041,MR,107,2048-07-26 10:30:00,2048-07-27 12:00:00,2048,7,26,10,2048,7,27,12,1,5
28_51,38.05,3.95,39.5,0,0,-999,0,327344,327422,MR,107,2049-09-02 15:30:00,2049-09-04 06:30:00,2049,9,2,15,2049,9,4,6,3,6
29_51,20.71,3.34,34.5,0,0,-999,0,342763,342831,MR,107,2050-07-20 21:00:00,2050-07-22 07:00:00,2050,7,20,21,2050,7,22,7,2,9
30_51,36.4,2.84,35,0,0,-999,0,363552,363621,MR,107,2051-09-26 23:30:00,2051-09-28 10:00:00,2051,9,26,23,2051,9,28,10,2,8
31_51,20.14,3.75,36.5,0,0,-999,0,363677,363749,MR,107,2051-09-29 14:00:00,2051-10-01 02:00:00,2051,9,29,14,2051,10,1,2,2,8
32_51,21.23,3.82,22,0,0,-999,0,380795,380838,MR,107,2052-09-20 05:00:00,2052-09-21 02:30:00,2052,9,20,5,2052,9,21,2,1,5
33_51,46.13,4.79,51,0,0,-999,0,380962,381063,MR,107,2052-09-23 16:30:00,2052-09-25 19:00:00,2052,9,23,16,2052,9,25,19,1,5
34_51,41.99,4.85,36.5,0,0,-999,0,399182,399254,MR,107,2053-10-08 06:30:00,2053-10-09 18:30:00,2053,10,8,6,2053,10,9,18,3,8
35_51,58.23,5.76,52,0,52,-999,0,412971,413074,MR,107,2054-07-22 13:00:00,2054-07-24 16:30:00,2054,7,22,13,2054,7,24,16,3,7
36_51,57.245,4.83,104.5,0,0,-999,0,436239,436447,MR,107,2055-11-19 07:00:00,2055-11-23 15:00:00,2055,11,19,7,2055,11,23,15,3,8
37_51,35.44,1.7,93,0,0,-999,0,452625,452810,MR,107,2056-10-25 16:00:00,2056-10-29 12:30:00,2056,10,25,16,2056,10,29,12,2,5
38_51,65.015,3.59,66.5,21.5,38,-999,0,468028,468160,MR,107,2057-09-11 13:30:00,2057-09-14 07:30:00,2057,9,11,13,2057,9,14,7,2,8
39_51,75.0600000000001,4.46,111,48,45,-999,0,486356,486577,MR,107,2058-09-28 09:30:00,2058-10-03 00:00:00,2058,9,28,9,2058,10,3,0,3,5
40_51,56.855,4.55,59,0,11.5,-999,0,504133,504250,MR,107,2059-10-03 18:00:00,2059-10-06 04:30:00,2059,10,3,18,2059,10,6,4,3,9
41_51,63.735,4.07,45,0,0,-999,0,521438,521527,MR,107,2060-09-28 06:30:00,2060-09-30 03:00:00,2060,9,28,6,2060,9,30,3,2,6
42_51,41.915,4.75,27.5,0,0,-999,0,536785,536839,MR,107,2061-08-14 00:00:00,2061-08-15 03:00:00,2061,8,14,0,2061,8,15,3,1,1
43_51,34.085,3.92,41,27.5,13.5,-999,0,556008,556089,MR,107,2062-09-18 11:30:00,2062-09-20 04:00:00,2062,9,18,11,2062,9,20,4,1,9
44_51,50.655,5.92,66,37.5,7,-999,0,570861,570992,MR,107,2063-07-24 22:00:00,2063-07-27 15:30:00,2063,7,24,22,2063,7,27,15,3,8
45_51,23.915,2.88,33,0,0,-999,0,590112,590177,MR,107,2064-08-28 23:30:00,2064-08-30 08:00:00,2064,8,28,23,2064,8,30,8,1,10
46_51,54.225,5.54,77,0,0,-999,0,605854,606007,MR,107,2065-07-22 22:30:00,2065-07-26 03:00:00,2065,7,22,22,2065,7,26,3,2,6
47_51,60.875,7.8,50.5,0,2,-999,0,626500,626600,MR,107,2066-09-26 01:30:00,2066-09-28 03:30:00,2066,9,26,1,2066,9,28,3,3,6
48_51,40.09,7.88,70,15.5,43.5,-999,0,641811,641950,MR,107,2067-08-11 01:00:00,2067-08-13 22:30:00,2067,8,11,1,2067,8,13,22,1,8
49_51,53.56,3.1,68.5,0,4,-999,0,679230,679366,MR,107,2069-09-28 14:30:00,2069-10-01 10:30:00,2069,9,28,14,2069,10,1,10,2,8
50_51,60.715,2.32,82,0,0,-999,0,695933,696096,MR,107,2070-09-11 14:00:00,2070-09-14 23:30:00,2070,9,11,14,2070,9,14,23,2,9
51_51,49.39,5.16,53.5,0,5,-999,0,715338,715444,MR,107,2071-10-20 20:30:00,2071-10-23 01:30:00,2071,10,20,20,2071,10,23,1,3,7
52_51,30.96,2.51,36.5,0,7,-999,0,729286,729358,MR,107,2072-08-06 10:30:00,2072-08-07 22:30:00,2072,8,6,10,2072,8,7,22,2,6
53_51,23.605,5.3,43,0,26,-999,0,729394,729479,MR,107,2072-08-08 16:30:00,2072-08-10 11:00:00,2072,8,8,16,2072,8,10,11,2,6
54_51,38.89,4.32,51.5,0,0,-999,0,744705,744807,MR,107,2073-06-23 16:00:00,2073-06-25 19:00:00,2073,6,23,16,2073,6,25,19,3,9
55_51,108.1,11.77,103,33,35,-999,0,763422,763627,MR,107,2074-07-18 14:30:00,2074-07-22 21:00:00,2074,7,18,14,2074,7,22,21,3,9
56_51,55.215,4.09,86.5,36.5,50,-999,0,781701,781873,MR,107,2075-08-03 10:00:00,2075-08-07 00:00:00,2075,8,3,10,2075,8,7,0,3,8
57_51,30.745,3.48,24.5,0,0,-999,0,800624,800672,MR,107,2076-08-31 15:30:00,2076-09-01 15:30:00,2076,8,31,15,2076,9,1,15,3,5
58_51,61.135,5.2,25,6.5,18.5,-999,0,801011,801060,MR,107,2076-09-08 17:00:00,2076-09-09 17:30:00,2076,9,8,17,2076,9,9,17,3,5
59_49,26.92,2.7,36,18.5,17.5,-999,0,818131,818202,MR,107,2077-08-31 09:00:00,2077-09-01 20:30:00,2077,8,31,9,2077,9,1,20,2,8
60_49,119.525,4.48,122,22,65.5,-999,0,851146,851389,MR,107,2079-07-20 04:30:00,2079-07-25 06:00:00,2079,7,20,4,2079,7,25,6,2,5
61_48,51.63,4.6,29,27.5,1.5,-999,0,869157,869214,MR,107,2080-07-29 10:00:00,2080-07-30 14:30:00,2080,7,29,10,2080,7,30,14,3,8
62_46,57.775,2.91,53.5,0,0,-999,0,887992,888098,MR,107,2081-08-25 19:30:00,2081-08-28 00:30:00,2081,8,25,19,2081,8,28,0,2,10
63_43,44.755,4.28,40.5,16,24.5,-999,0,905544,905624,MR,107,2082-08-26 11:30:00,2082-08-28 03:30:00,2082,8,26,11,2082,8,28,3,1,6
64_41,64.945,9.37,35.5,0,0,-999,0,905925,905995,MR,107,2082-09-03 10:00:00,2082-09-04 21:00:00,2082,9,3,10,2082,9,4,21,1,6
65_37,22.235,4.18,38,0,0,-999,0,926292,926367,MR,107,2083-11-01 17:30:00,2083-11-03 07:00:00,2083,11,1,17,2083,11,3,7,1,6
66_37,47.295,4.56,63,27,14,-999,0,938140,938265,MR,107,2084-07-05 13:30:00,2084-07-08 04:00:00,2084,7,5,13,2084,7,8,4,3,8
67_35,57.355,5.13,72.5,0,0,-999,0,957526,957670,MR,107,2085-08-13 10:30:00,2085-08-16 10:30:00,2085,8,13,10,2085,8,16,10,3,9
68_31,24.435,2.25,47,0,7,-999,0,973848,973941,MR,107,2086-07-19 11:30:00,2086-07-21 10:00:00,2086,7,19,11,2086,7,21,10,3,10
69_26,27.82,1.72,94.5,0,0,-999,0,991990,992178,MR,107,2087-08-01 10:30:00,2087-08-05 08:30:00,2087,8,1,10,2087,8,5,8,2,9
70_23,45.395,4.56,37,0,0,-999,0,1008162,1008235,MR,107,2088-07-03 08:30:00,2088-07-04 21:00:00,2088,7,3,8,2088,7,4,21,3,7
71_18,31.56,2.35,80.5,0,0,-999,0,1027290,1027450,MR,107,2089-08-05 20:30:00,2089-08-09 04:30:00,2089,8,5,20,2089,8,9,4,2,9
72_15,58.375,5.02,30.5,0,0,-999,0,1047462,1047522,MR,107,2090-09-30 02:30:00,2090-10-01 08:30:00,2090,9,30,2,2090,10,1,8,3,8
1_52,46.42,4.9,41,0,0,-999,0,13504,13585,MR,108,2031-10-09 07:30:00,2031-10-11 00:00:00,2031,10,9,7,2031,10,11,0,3,1
2_52,40.405,2.61,40,0,0,-999,0,29913,29992,MR,108,2032-09-15 04:00:00,2032-09-16 19:30:00,2032,9,15,4,2032,9,16,19,2,8
3_52,94.17,4.1,83,0,0,-999,0,45211,45376,MR,108,2033-07-30 21:00:00,2033-08-03 07:30:00,2033,7,30,21,2033,8,3,7,2,9
4_52,31.67,4.51,44,0,0,-999,0,78489,78576,MR,108,2035-06-24 04:00:00,2035-06-25 23:30:00,2035,6,24,4,2035,6,25,23,1,7
5_52,47.075,6.31,59.5,20.5,31.5,-999,0,95905,96023,MR,108,2036-06-21 00:00:00,2036-06-23 11:00:00,2036,6,21,0,2036,6,23,11,1,5
6_52,32.55,4.97,27,0,0,-999,0,117064,117117,MR,108,2037-09-04 19:30:00,2037-09-05 22:00:00,2037,9,4,19,2037,9,5,22,3,9
7_52,38.485,3.32,76.5,0,0,-999,0,117497,117649,MR,108,2037-09-13 20:00:00,2037-09-17 00:00:00,2037,9,13,20,2037,9,17,0,3,9
8_52,73.03,3.36,92,0,0,-999,0,134424,134607,MR,108,2038-09-01 11:30:00,2038-09-05 07:00:00,2038,9,1,11,2038,9,5,7,2,8
9_52,58.315,5.37,75,38,37,-999,0,152596,152745,MR,108,2039-09-15 01:30:00,2039-09-18 04:00:00,2039,9,15,1,2039,9,18,4,3,8
10_52,70.785,7.8,40.5,0,0,-999,0,170440,170520,MR,108,2040-09-20 19:30:00,2040-09-22 11:30:00,2040,9,20,19,2040,9,22,11,2,6
11_52,104.525,5.15,76.5,0,0,-999,0,188009,188161,MR,108,2041-09-21 20:00:00,2041-09-25 00:00:00,2041,9,21,20,2041,9,25,0,2,7
12_52,30.5,5.06,84.5,0,59,-999,0,203082,203250,MR,108,2042-08-01 20:30:00,2042-08-05 08:30:00,2042,8,1,20,2042,8,5,8,1,9
13_52,50.555,10.85,65.5,22,22.5,-999,0,223110,223240,MR,108,2043-09-23 02:30:00,2043-09-25 19:30:00,2043,9,23,2,2043,9,25,19,1,8
14_52,46.285,3.66,113,0,59.5,-999,0,239824,240049,MR,108,2044-09-05 07:30:00,2044-09-10 00:00:00,2044,9,5,7,2044,9,10,0,1,9
15_52,32.08,7.52,17,0,0,-999,0,256905,256938,MR,108,2045-08-27 04:00:00,2045-08-27 20:30:00,2045,8,27,4,2045,8,27,20,2,7
16_52,37.525,3.67,31.5,0,0,-999,0,256984,257046,MR,108,2045-08-28 19:30:00,2045-08-30 02:30:00,2045,8,28,19,2045,8,30,2,2,7
17_52,33.625,2.92,31,0.5,23.5,-999,0,257102,257163,MR,108,2045-08-31 06:30:00,2045-09-01 13:00:00,2045,8,31,6,2045,9,1,13,2,7
18_52,53.37,3.98,46,32.5,13.5,-999,0,273399,273490,MR,108,2046-08-05 19:00:00,2046-08-07 16:30:00,2046,8,5,19,2046,8,7,16,3,9
19_52,30.395,7.14,23,20.5,2.5,-999,0,291987,292032,MR,108,2047-08-28 01:00:00,2047-08-28 23:30:00,2047,8,28,1,2047,8,28,23,1,8
20_52,103.75,5.36,105.5,0,71.5,-999,0,309437,309647,MR,108,2048-08-25 14:00:00,2048-08-29 23:00:00,2048,8,25,14,2048,8,29,23,2,8
21_52,64.545,4.82,119,0,0,-999,0,324964,325201,MR,108,2049-07-15 01:30:00,2049-07-20 00:00:00,2049,7,15,1,2049,7,20,0,2,10
22_52,24.845,4,17.5,0,0,-999,0,343010,343044,MR,108,2050-07-26 00:30:00,2050-07-26 17:30:00,2050,7,26,0,2050,7,26,17,1,6
23_52,24.025,1.3,75.5,0,0,-999,0,364773,364923,MR,108,2051-10-22 10:00:00,2051-10-25 13:00:00,2051,10,22,10,2051,10,25,13,3,4
24_52,25.9,2.8,62.5,0,0,-999,0,365102,365226,MR,108,2051-10-29 06:30:00,2051-10-31 20:30:00,2051,10,29,6,2051,10,31,20,3,4
25_52,43.27,2.63,71,32.5,25,-999,0,378100,378241,MR,108,2052-07-26 01:30:00,2052-07-29 00:00:00,2052,7,26,1,2052,7,29,0,2,6
26_52,27.63,4.16,55.5,0,0,-999,0,401063,401173,MR,108,2053-11-16 11:00:00,2053-11-18 18:00:00,2053,11,16,11,2053,11,18,18,1,2
27_52,22.73,2.58,104.5,0,0,-999,0,401424,401632,MR,108,2053-11-23 23:30:00,2053-11-28 07:30:00,2053,11,23,23,2053,11,28,7,1,2
28_52,154.555,7.1,103.5,5.5,71,-999,0,414079,414285,MR,108,2054-08-14 15:00:00,2054-08-18 22:00:00,2054,8,14,15,2054,8,18,22,2,7
29_52,20.505,4.55,13.5,0,0,-999,0,433436,433462,MR,108,2055-09-21 21:30:00,2055-09-22 10:30:00,2055,9,21,21,2055,9,22,10,1,7
30_52,42.805,4.33,37.5,0,0,-999,0,433829,433903,MR,108,2055-09-30 02:00:00,2055-10-01 15:00:00,2055,9,30,2,2055,10,1,15,1,7
31_52,43.13,2.37,72,42.5,38,-999,0,452422,452565,MR,108,2056-10-21 10:30:00,2056-10-24 10:00:00,2056,10,21,10,2056,10,24,10,2,9
32_52,57.89,4.36,55,22.5,32.5,-999,0,466161,466270,MR,108,2057-08-03 16:00:00,2057-08-05 22:30:00,2057,8,3,16,2057,8,5,22,2,2
33_52,30.32,2.09,42,0,21,-999,0,482581,482664,MR,108,2058-07-11 18:00:00,2058-07-13 11:30:00,2058,7,11,18,2058,7,13,11,2,1
34_52,55.315,1.78,107,0,0,-999,0,498403,498616,MR,108,2059-06-06 09:00:00,2059-06-10 19:30:00,2059,6,6,9,2059,6,10,19,2,10
35_52,41.17,4.78,38.5,0,18,-999,0,520640,520716,MR,108,2060-09-11 15:30:00,2060-09-13 05:30:00,2060,9,11,15,2060,9,13,5,3,6
36_52,30.285,2.74,48,0,0,-999,0,538257,538352,MR,108,2061-09-13 16:00:00,2061-09-15 15:30:00,2061,9,13,16,2061,9,15,15,3,2
37_52,32.01,2.07,66.5,26,34,-999,0,552567,552699,MR,108,2062-07-08 19:00:00,2062-07-11 13:00:00,2062,7,8,19,2062,7,11,13,2,8
38_52,44.165,4.36,46,0,2,-999,0,552980,553071,MR,108,2062-07-17 09:30:00,2062-07-19 07:00:00,2062,7,17,9,2062,7,19,7,2,8
39_52,35.65,5.52,23.5,0,0,-999,0,573761,573807,MR,108,2063-09-23 08:00:00,2063-09-24 07:00:00,2063,9,23,8,2063,9,24,7,3,9
40_52,65.42,6.51,69,4.5,17,-999,0,591247,591384,MR,108,2064-09-21 15:00:00,2064-09-24 11:30:00,2064,9,21,15,2064,9,24,11,1,6
41_52,46.44,3.23,34.5,11.5,16.5,-999,0,608756,608824,MR,108,2065-09-21 09:30:00,2065-09-22 19:30:00,2065,9,21,9,2065,9,22,19,2,9
42_52,39.785,5.83,30,0,0,-999,0,625644,625703,MR,108,2066-09-08 05:30:00,2066-09-09 11:00:00,2066,9,8,5,2066,9,9,11,1,3
43_52,68.015,2.28,88.5,0,14,-999,0,643557,643733,MR,108,2067-09-16 10:00:00,2067-09-20 02:00:00,2067,9,16,10,2067,9,20,2,2,6
44_52,46.42,6,37,20,17,-999,0,661009,661082,MR,108,2068-09-14 00:00:00,2068-09-15 12:30:00,2068,9,14,0,2068,9,15,12,1,9
45_52,25.39,4.28,41.5,0,1,-999,0,677963,678045,MR,108,2069-09-02 05:00:00,2069-09-03 22:00:00,2069,9,2,5,2069,9,3,22,2,8
46_52,60.59,2.27,108.5,0,14,-999,0,694183,694399,MR,108,2070-08-06 03:00:00,2070-08-10 15:00:00,2070,8,6,3,2070,8,10,15,2,1
47_52,230.075,5.68,143,0,0,-999,0,713117,713402,MR,108,2071-09-04 14:00:00,2071-09-10 12:30:00,2071,9,4,14,2071,9,10,12,2,9
48_52,51.68,3.02,112,0,0,-999,0,731398,731621,MR,108,2072-09-19 10:30:00,2072-09-24 02:00:00,2072,9,19,10,2072,9,24,2,2,10
49_52,30.49,4.34,39.5,9,30.5,-999,0,748639,748717,MR,108,2073-09-13 15:00:00,2073-09-15 06:00:00,2073,9,13,15,2073,9,15,6,2,6
50_52,32.835,1.41,47,0,0,-999,0,749102,749195,MR,108,2073-09-23 06:30:00,2073-09-25 05:00:00,2073,9,23,6,2073,9,25,5,2,6
51_52,58.015,6.96,47.5,34,13.5,-999,0,763585,763679,MR,108,2074-07-22 00:00:00,2074-07-23 23:00:00,2074,7,22,0,2074,7,23,23,1,9
52_52,22.405,2.31,34.5,10.5,19,-999,0,784031,784099,MR,108,2075-09-20 23:00:00,2075-09-22 09:00:00,2075,9,20,23,2075,9,22,9,2,8
53_52,47.42,2.3,37.5,0,0,-999,0,784251,784325,MR,108,2075-09-25 13:00:00,2075-09-27 02:00:00,2075,9,25,13,2075,9,27,2,2,8
54_52,35.87,3.8,38.5,22,16.5,-999,0,798088,798164,MR,108,2076-07-09 19:30:00,2076-07-11 09:30:00,2076,7,9,19,2076,7,11,9,3,9
55_52,66.1,5.07,38.5,14,26,-999,0,816806,816882,MR,108,2077-08-03 18:30:00,2077-08-05 08:30:00,2077,8,3,18,2077,8,5,8,2,2
56_52,41.74,3.99,77,0,0,-999,0,832923,833076,MR,108,2078-07-05 13:00:00,2078-07-08 17:30:00,2078,7,5,13,2078,7,8,17,3,6
57_52,20.39,1.23,43.5,0,0,-999,0,849659,849745,MR,108,2079-06-19 05:00:00,2079-06-21 00:00:00,2079,6,19,5,2079,6,21,0,1,1
58_52,41.985,6.09,23,0,7.5,-999,0,871076,871121,MR,108,2080-09-07 09:30:00,2080-09-08 08:00:00,2080,9,7,9,2080,9,8,8,1,8
59_50,70.865,4.51,101,0,0,-999,0,887080,887281,MR,108,2081-08-06 19:30:00,2081-08-11 00:00:00,2081,8,6,19,2081,8,11,0,2,10
60_50,49.99,3.54,119,0,105,-999,0,908644,908881,MR,108,2082-10-30 01:30:00,2082-11-04 00:00:00,2082,10,30,1,2082,11,4,0,2,5
61_49,56.96,4.89,56.5,0,16,-999,0,925158,925270,MR,108,2083-10-09 02:30:00,2083-10-11 10:30:00,2083,10,9,2,2083,10,11,10,3,6
62_47,39.24,4.56,43,3.5,34,-999,0,941165,941250,MR,108,2084-09-06 14:00:00,2084-09-08 08:30:00,2084,9,6,14,2084,9,8,8,1,3
63_44,22.14,4.65,17,0,0,-999,0,956015,956048,MR,108,2085-07-12 23:00:00,2085-07-13 15:30:00,2085,7,12,23,2085,7,13,15,1,9
64_42,42.01,8.95,20.5,12.5,8,-999,0,956192,956232,MR,108,2085-07-16 15:30:00,2085-07-17 11:30:00,2085,7,16,15,2085,7,17,11,1,9
65_38,94.85,6.37,54,1.5,14.5,-999,0,977181,977288,MR,108,2086-09-26 22:00:00,2086-09-29 03:30:00,2086,9,26,22,2086,9,29,3,2,6
66_38,71.56,8.26,27.5,0,0,-999,0,993690,993744,MR,108,2087-09-05 20:30:00,2087-09-06 23:30:00,2087,9,5,20,2087,9,6,23,3,5
67_36,64.37,4.32,58.5,0,22.5,-999,0,1028777,1028893,MR,108,2089-09-05 20:00:00,2089-09-08 06:00:00,2089,9,5,20,2089,9,8,6,2,8
68_32,36.5,3.81,40.5,0,0,-999,0,1045573,1045653,MR,108,2090-08-21 18:00:00,2090-08-23 10:00:00,2090,8,21,18,2090,8,23,10,3,5
69_27,42.285,3.04,72.5,0,0,-999,0,1045760,1045904,MR,108,2090-08-25 15:30:00,2090-08-28 15:30:00,2090,8,25,15,2090,8,28,15,3,5
1_53,26.01,2.56,41,0.5,21,-999,31,11988,12069,MR,109,2031-09-07 17:30:00,2031-09-09 10:00:00,2031,9,7,17,2031,9,9,10,1,2
2_53,42.345,2.63,80.5,0,15.5,-999,0,28909,29069,MR,109,2032-08-25 06:00:00,2032-08-28 14:00:00,2032,8,25,6,2032,8,28,14,1,6
3_53,20.73,6.89,16,0,0,-999,0,29450,29481,MR,109,2032-09-05 12:30:00,2032-09-06 04:00:00,2032,9,5,12,2032,9,6,4,1,6
4_53,29.33,2.32,76.5,0,0,-999,0,49584,49736,MR,109,2033-10-29 23:30:00,2033-11-02 03:30:00,2033,10,29,23,2033,11,2,3,3,8
5_53,32.885,3.29,47,32,15,-999,0,65685,65778,MR,109,2034-09-30 10:00:00,2034-10-02 08:30:00,2034,9,30,10,2034,10,2,8,3,9
6_53,39.97,1.98,79,0,0,-999,0,82027,82184,MR,109,2035-09-05 21:00:00,2035-09-09 03:30:00,2035,9,5,21,2035,9,9,3,2,8
7_53,29.63,2.23,102,0,0,-999,0,101452,101655,MR,109,2036-10-14 13:30:00,2036-10-18 19:00:00,2036,10,14,13,2036,10,18,19,3,8
8_53,88.235,8.21,55,0,0,-999,0,101874,101983,MR,109,2036-10-23 08:30:00,2036-10-25 15:00:00,2036,10,23,8,2036,10,25,15,3,8
9_53,46.295,7.45,33,0,0,-999,0,117687,117752,MR,109,2037-09-17 19:00:00,2037-09-19 03:30:00,2037,9,17,19,2037,9,19,3,1,5
10_53,28.335,2.76,19.5,0,0,-999,0,134962,135000,MR,109,2038-09-12 16:30:00,2038-09-13 11:30:00,2038,9,12,16,2038,9,13,11,3,2
11_53,124.47,8.21,157.5,57.5,100,-999,0,150816,151130,MR,109,2039-08-08 23:30:00,2039-08-15 12:30:00,2039,8,8,23,2039,8,15,12,3,6
12_53,21.045,4.05,18.5,0,0,-999,0,165276,165312,MR,109,2040-06-05 05:30:00,2040-06-05 23:30:00,2040,6,5,5,2040,6,5,23,2,2
13_53,24.15,4.14,28.5,0,0,-999,0,165382,165438,MR,109,2040-06-07 10:30:00,2040-06-08 14:30:00,2040,6,7,10,2040,6,8,14,2,2
14_53,94,7.07,29,0,0,-999,0,186556,186613,MR,109,2041-08-22 13:30:00,2041-08-23 18:00:00,2041,8,22,13,2041,8,23,18,2,6
15_53,52.475,4.6,64,9.5,32,-999,0,205590,205717,MR,109,2042-09-23 02:30:00,2042-09-25 18:00:00,2042,9,23,2,2042,9,25,18,3,6
16_53,29.035,2.96,54.5,0,53.5,-999,0,205765,205873,MR,109,2042-09-26 18:00:00,2042-09-29 00:00:00,2042,9,26,18,2042,9,29,0,3,6
17_53,73.205,13.72,34,27.5,21.5,-999,0,221077,221144,MR,109,2043-08-11 18:00:00,2043-08-13 03:30:00,2043,8,11,18,2043,8,13,3,1,8
18_53,42.69,6.18,33.5,18.5,15,-999,0,238263,238329,MR,109,2044-08-03 19:00:00,2044-08-05 04:00:00,2044,8,3,19,2044,8,5,4,1,9
19_53,30.01,1.77,48.5,0,0,-999,0,238525,238621,MR,109,2044-08-09 06:00:00,2044-08-11 06:00:00,2044,8,9,6,2044,8,11,6,1,9
20_53,38.595,2.68,43,8.5,20.5,-999,0,257540,257625,MR,109,2045-09-09 09:30:00,2045-09-11 04:00:00,2045,9,9,9,2045,9,11,4,2,9
21_53,66.005,7.31,57.5,25,32.5,-999,0,272730,272844,MR,109,2046-07-22 20:30:00,2046-07-25 05:30:00,2046,7,22,20,2046,7,25,5,3,2
22_53,52.81,4.74,57.5,0,40,-999,0,289279,289393,MR,109,2047-07-02 15:00:00,2047-07-05 00:00:00,2047,7,2,15,2047,7,5,0,3,6
23_53,95.53,8.75,69,12,29.5,-999,0,312117,312254,MR,109,2048-10-20 10:00:00,2048-10-23 06:30:00,2048,10,20,10,2048,10,23,6,2,9
24_53,84.09,5.03,92.5,13,55.5,-999,0,346700,346884,MR,109,2050-10-10 21:30:00,2050-10-14 17:30:00,2050,10,10,21,2050,10,14,17,2,8
25_53,39.605,4.27,64.5,26.5,23.5,-999,0,359630,359758,MR,109,2051-07-07 06:30:00,2051-07-09 22:30:00,2051,7,7,6,2051,7,9,22,1,7
26_53,27.34,5.02,39.5,0,0,-999,0,379530,379608,MR,109,2052-08-24 20:30:00,2052-08-26 11:30:00,2052,8,24,20,2052,8,26,11,1,5
27_53,28.165,3.04,64,0,0,-999,0,379721,379848,MR,109,2052-08-28 20:00:00,2052-08-31 11:30:00,2052,8,28,20,2052,8,31,11,1,5
28_53,23.245,4.58,30.5,19,11.5,-999,0,379988,380048,MR,109,2052-09-03 09:30:00,2052-09-04 15:30:00,2052,9,3,9,2052,9,4,15,1,5
29_53,22.09,2.55,32.5,0,0,-999,0,400607,400671,MR,109,2053-11-06 23:00:00,2053-11-08 07:00:00,2053,11,6,23,2053,11,8,7,3,8
30_53,28.945,2.87,57,0,0,-999,0,400922,401035,MR,109,2053-11-13 12:30:00,2053-11-15 21:00:00,2053,11,13,12,2053,11,15,21,3,8
31_53,31.14,2.71,47,0,0,-999,0,416177,416270,MR,109,2054-09-27 08:00:00,2054-09-29 06:30:00,2054,9,27,8,2054,9,29,6,3,9
32_53,46.34,2.1,108,0,0,-999,0,451898,452113,MR,109,2056-10-10 12:30:00,2056-10-15 00:00:00,2056,10,10,12,2056,10,15,0,2,9
33_53,95.285,6.84,91.5,0,106,-999,0,468446,468628,MR,109,2057-09-20 06:30:00,2057-09-24 01:30:00,2057,9,20,6,2057,9,24,1,2,5
34_53,30.2,2.83,54,0,0,-999,0,484436,484543,MR,109,2058-08-19 09:30:00,2058-08-21 15:00:00,2058,8,19,9,2058,8,21,15,3,9
35_53,36.235,5.33,25.5,4,16.5,-999,0,500085,500135,MR,109,2059-07-11 10:00:00,2059-07-12 11:00:00,2059,7,11,10,2059,7,12,11,1,5
36_53,37.33,0.95,138.5,0,0,-999,0,533485,533761,MR,109,2061-06-06 06:00:00,2061-06-12 00:00:00,2061,6,6,6,2061,6,12,0,2,9
37_53,80.46,4.79,113.5,43.5,49.5,-999,0,554500,554726,MR,109,2062-08-18 01:30:00,2062-08-22 18:30:00,2062,8,18,1,2062,8,22,18,2,7
38_53,33.485,3.22,47,0,0,-999,0,571588,571681,MR,109,2063-08-09 01:30:00,2063-08-11 00:00:00,2063,8,9,1,2063,8,11,0,2,2
39_53,56.67,2.67,85.5,25.5,29,-999,0,592390,592560,MR,109,2064-10-15 10:30:00,2064-10-18 23:30:00,2064,10,15,10,2064,10,18,23,2,9
40_53,56.61,8.45,107,0,41,-999,0,607054,607267,MR,109,2065-08-16 22:30:00,2065-08-21 09:00:00,2065,8,16,22,2065,8,21,9,1,7
41_53,46.57,8.64,19.5,0,0,-999,0,624672,624710,MR,109,2066-08-18 23:30:00,2066-08-19 18:30:00,2066,8,18,23,2066,8,19,18,1,6
42_53,41.275,2.4,87.5,0,68.5,-999,0,641414,641588,MR,109,2067-08-02 18:30:00,2067-08-06 09:30:00,2067,8,2,18,2067,8,6,9,2,1
43_53,27.435,2.36,42,0,0,-999,0,664300,664383,MR,109,2068-11-21 13:30:00,2068-11-23 07:00:00,2068,11,21,13,2068,11,23,7,3,9
44_53,49.355,1.68,101.5,0,24,-999,0,673424,673626,MR,109,2069-05-30 15:30:00,2069-06-03 20:30:00,2069,5,30,15,2069,6,3,20,2,9
45_53,43.48,3.6,32,29,3,-999,0,694439,694502,MR,109,2070-08-11 11:00:00,2070-08-12 18:30:00,2070,8,11,11,2070,8,12,18,3,9
46_53,82.9,7.6,56,16,40,-999,0,713322,713433,MR,109,2071-09-08 20:30:00,2071-09-11 04:00:00,2071,9,8,20,2071,9,11,4,1,8
47_53,50.425,3.86,86.5,0,0,-999,0,733050,733222,MR,109,2072-10-23 20:30:00,2072-10-27 10:30:00,2072,10,23,20,2072,10,27,10,2,9
48_53,63.295,2.39,105.5,0,50,-999,0,746047,746257,MR,109,2073-07-21 15:00:00,2073-07-26 00:00:00,2073,7,21,15,2073,7,26,0,2,6
49_53,59.26,7.13,66,39,26.5,-999,0,762029,762160,MR,109,2074-06-19 14:00:00,2074-06-22 07:30:00,2074,6,19,14,2074,6,22,7,1,8
50_53,77.745,5.2,46,25.5,20.5,-999,0,781317,781408,MR,109,2075-07-26 10:00:00,2075-07-28 07:30:00,2075,7,26,10,2075,7,28,7,2,9
51_53,47.685,4.36,61.5,0,0,-999,0,801912,802034,MR,109,2076-09-27 11:30:00,2076-09-30 00:30:00,2076,9,27,11,2076,9,30,0,3,9
52_53,27.15,4.3,21.5,0.5,14,-999,0,815013,815055,MR,109,2077-06-27 10:00:00,2077-06-28 07:00:00,2077,6,27,10,2077,6,28,7,1,8
53_53,22.245,7.6,22,0,0,-999,0,833820,833863,MR,109,2078-07-24 05:30:00,2078-07-25 03:00:00,2078,7,24,5,2078,7,25,3,1,1
54_53,32.16,3.42,32.5,0,0,-999,0,848991,849055,MR,109,2079-06-05 07:00:00,2079-06-06 15:00:00,2079,6,5,7,2079,6,6,15,3,10
55_53,45.56,4.57,65.5,0,0,-999,0,866941,867071,MR,109,2080-06-13 06:00:00,2080-06-15 23:00:00,2080,6,13,6,2080,6,15,23,1,7
56_53,58.98,13.09,33.5,0,0,-999,0,885965,886031,MR,109,2081-07-14 14:00:00,2081-07-15 23:00:00,2081,7,14,14,2081,7,15,23,2,6
57_53,80.845,3.57,82,0,11,-999,0,886447,886610,MR,109,2081-07-24 15:00:00,2081-07-28 00:30:00,2081,7,24,15,2081,7,28,0,2,6
58_53,29.91,3.32,39,0,0,-999,0,906483,906560,MR,109,2082-09-15 01:00:00,2082-09-16 15:30:00,2082,9,15,1,2082,9,16,15,2,6
59_51,39.42,3.73,28.5,0,0,-999,0,906910,906966,MR,109,2082-09-23 22:30:00,2082-09-25 02:30:00,2082,9,23,22,2082,9,25,2,2,6
60_51,23.88,4.14,25,0,24.5,-999,0,907030,907079,MR,109,2082-09-26 10:30:00,2082-09-27 11:00:00,2082,9,26,10,2082,9,27,11,2,6
61_50,61.47,3.15,114.5,0,31,-999,0,921805,922033,MR,109,2083-07-31 06:00:00,2083-08-05 00:00:00,2083,7,31,6,2083,8,5,0,2,1
62_48,61.195,4.73,52,0,0,-999,0,941866,941969,MR,109,2084-09-21 04:30:00,2084-09-23 08:00:00,2084,9,21,4,2084,9,23,8,2,6
63_45,83.56,6.09,75.5,2,22.5,-999,0,942014,942164,MR,109,2084-09-24 06:30:00,2084-09-27 09:30:00,2084,9,24,6,2084,9,27,9,2,6
64_43,55.13,2.49,112.5,0,0,-999,0,962129,962353,MR,109,2085-11-17 08:00:00,2085-11-22 00:00:00,2085,11,17,8,2085,11,22,0,2,2
65_39,215.015,9.43,148,13,95,-999,0,973786,974081,MR,109,2086-07-18 04:30:00,2086-07-24 08:00:00,2086,7,18,4,2086,7,24,8,2,6
66_39,22.29,1.62,41.5,0,0,-999,0,997723,997805,MR,109,2087-11-28 21:00:00,2087-11-30 14:00:00,2087,11,28,21,2087,11,30,14,3,8
67_37,31.595,5.65,92,0,0,-999,0,1013558,1013741,MR,109,2088-10-23 18:30:00,2088-10-27 14:00:00,2088,10,23,18,2088,10,27,14,1,2
68_33,96.415,11.78,21.5,0,21.5,-999,0,1029459,1029501,MR,109,2089-09-20 01:00:00,2089-09-20 22:00:00,2089,9,20,1,2089,9,20,22,1,5
69_28,21.425,1.74,101,0,0,-999,0,1048905,1049106,MR,109,2090-10-30 04:00:00,2090-11-03 08:30:00,2090,10,30,4,2090,11,3,8,1,4
70_24,22.805,1.84,150.5,0,0,-999,0,1049125,1049425,MR,109,2090-11-03 18:00:00,2090-11-10 00:00:00,2090,11,3,18,2090,11,10,0,1,4
