x___2,流域平均累加雨量,最大降雨強度,継続時間,台風直接時間,台風間接時間,前線時間,線状降水帯時間,開始,終了,SST,アンサンブル,開始時刻,終了時刻,DynamicCluster,開始年,開始月,開始日,開始時,終了年,終了月,終了日,終了時,rain_time,rain_space
1,101.94,7.86,83,48.5,34.5,18,0,12026,12191,HPB,1,1951-09-08 12:30:00,1951-09-11 23:00:00,NaN,1951,9,8,12,1951,9,12,0,3,8
2,33.39,3.69,32.5,0,0,0,0,28489,28553,HPB,1,1952-08-16 12:00:00,1952-08-17 20:00:00,NaN,1952,8,16,12,1952,8,17,18,3,8
3,39.64,4.14,20.5,0,0,6,0,48795,48835,HPB,1,1953-10-13 13:00:00,1953-10-14 09:00:00,NaN,1953,10,13,12,1953,10,14,12,3,5
4,45.085,2.34,85.5,0,23,36,0,63744,63914,HPB,1,1954-08-20 23:30:00,1954-08-24 12:30:00,NaN,1954,8,21,0,1954,8,24,12,2,1
5,49.405,3.4,59.5,0,0,12,0,64105,64223,HPB,1,1954-08-28 12:00:00,1954-08-30 23:00:00,NaN,1954,8,28,12,1954,8,31,0,2,1
6,35.71,5.5,22.5,0,0,12,0,83921,83965,HPB,1,1955-10-15 08:00:00,1955-10-16 06:00:00,NaN,1955,10,15,6,1955,10,16,6,1,7
7,21.47,1.89,58.5,0,0,18,0,101335,101451,HPB,1,1956-10-12 03:00:00,1956-10-14 13:00:00,NaN,1956,10,12,6,1956,10,14,12,2,8
8,67.35,4.47,53,0,0,12,0,101651,101756,HPB,1,1956-10-18 17:00:00,1956-10-20 21:30:00,NaN,1956,10,18,18,1956,10,21,0,2,8
9,33.255,5.27,17,0,0,0,0,118952,118985,HPB,1,1957-10-14 03:30:00,1957-10-14 20:00:00,NaN,1957,10,14,6,1957,10,14,18,2,10
10,38.55,1.13,150,22,67,0,0,119270,119569,HPB,1,1957-10-20 18:30:00,1957-10-27 00:00:00,NaN,1957,10,20,18,1957,10,27,0,2,10
11,41.78,5.04,39,25,14,18,0,135033,135110,HPB,1,1958-09-14 04:00:00,1958-09-15 18:30:00,NaN,1958,9,14,6,1958,9,15,18,1,9
12,29.705,4.45,38,0,0,0,0,150367,150442,HPB,1,1959-07-30 15:00:00,1959-08-01 04:30:00,NaN,1959,7,30,18,1959,8,1,6,1,7
13,31,1.34,64,0,0,0,0,168688,168815,HPB,1,1960-08-15 07:30:00,1960-08-17 23:00:00,NaN,1960,8,15,6,1960,8,18,0,2,9
14,42.88,3.73,35.5,0,0,18,0,188728,188798,HPB,1,1961-10-06 19:30:00,1961-10-08 06:30:00,NaN,1961,10,6,18,1961,10,8,6,2,1
15,58.535,2.88,71.5,0,0,0,0,224145,224287,HPB,1,1963-10-14 16:00:00,1963-10-17 15:00:00,NaN,1963,10,14,18,1963,10,17,18,2,10
16,32.815,3.47,35.5,23,12.5,6,0,237066,237136,HPB,1,1964-07-09 20:30:00,1964-07-11 07:30:00,NaN,1964,7,9,18,1964,7,11,6,3,8
17,32.57,4.66,24,2,22,0,0,254992,255039,HPB,1,1965-07-18 07:30:00,1965-07-19 07:00:00,NaN,1965,7,18,6,1965,7,19,6,3,6
18,44.43,3.12,103.5,0,0,6,0,276402,276608,HPB,1,1966-10-07 08:30:00,1966-10-11 15:30:00,NaN,1966,10,7,6,1966,10,11,18,2,2
19,24.945,2.86,39,31,8,0,0,294024,294101,HPB,1,1967-10-09 11:30:00,1967-10-11 02:00:00,NaN,1967,10,9,12,1967,10,11,0,2,8
20,23.355,2.91,32.5,0,8,0,0,294118,294182,HPB,1,1967-10-11 10:30:00,1967-10-12 18:30:00,NaN,1967,10,11,12,1967,10,12,18,2,8
21,26.655,3.64,60,0,13,6,0,311484,311603,HPB,1,1968-10-07 05:30:00,1968-10-09 17:00:00,NaN,1968,10,7,6,1968,10,9,18,1,2
22,24.445,2.02,56,0,0,0,0,327942,328053,HPB,1,1969-09-15 02:30:00,1969-09-17 10:00:00,NaN,1969,9,15,0,1969,9,17,12,3,6
23,31.255,2.66,37,18.5,23,0,0,328337,328410,HPB,1,1969-09-23 08:00:00,1969-09-24 20:30:00,NaN,1969,9,23,6,1969,9,24,18,3,6
24,23.17,3.62,37,0,0,12,0,341511,341584,HPB,1,1970-06-24 19:00:00,1970-06-26 07:30:00,NaN,1970,6,24,18,1970,6,26,6,3,6
25,68.205,6.65,37,0,0,6,0,341786,341859,HPB,1,1970-06-30 12:30:00,1970-07-02 01:00:00,NaN,1970,6,30,12,1970,7,2,0,3,6
26,64.195,4.6,83,0,0,0,0,361819,361984,HPB,1,1971-08-21 21:00:00,1971-08-25 07:30:00,NaN,1971,8,22,0,1971,8,25,6,3,9
27,30.6,2.66,51,0,0,0,0,383309,383410,HPB,1,1972-11-11 14:00:00,1972-11-13 16:30:00,NaN,1972,11,11,12,1972,11,13,18,3,8
28,25.745,2.3,92.5,0,0,18,0,399147,399331,HPB,1,1973-10-07 13:00:00,1973-10-11 09:00:00,NaN,1973,10,7,12,1973,10,11,12,1,2
29,26.42,1.53,56.5,0,0,0,0,414363,414475,HPB,1,1974-08-20 13:00:00,1974-08-22 21:00:00,NaN,1974,8,20,12,1974,8,23,0,1,7
30,42.055,4.65,18.5,0.5,18,18,0,414764,414800,HPB,1,1974-08-28 21:30:00,1974-08-29 15:30:00,NaN,1974,8,29,0,1974,8,29,18,1,7
31,46.795,1.99,89,0,0,66,0,429700,429877,HPB,1,1975-07-06 01:30:00,1975-07-09 18:00:00,NaN,1975,7,6,0,1975,7,9,18,2,1
32,27.825,1.67,58.5,0,0,54,0,448761,448877,HPB,1,1976-08-06 04:00:00,1976-08-08 14:00:00,NaN,1976,8,6,6,1976,8,8,12,2,3
33,51.355,3.76,50.5,21,22.5,24,0,468898,468998,HPB,1,1977-09-29 16:30:00,1977-10-01 18:30:00,NaN,1977,9,29,18,1977,10,1,18,3,5
34,43.585,2.25,59.5,0,0,48,0,481991,482109,HPB,1,1978-06-29 11:00:00,1978-07-01 22:00:00,NaN,1978,6,29,12,1978,7,2,0,2,3
35,26.155,2.59,42,0,0,18,0,499907,499990,HPB,1,1979-07-07 17:00:00,1979-07-09 10:30:00,NaN,1979,7,7,18,1979,7,9,12,2,5
36,64.975,4.25,52,0,0,12,0,500365,500468,HPB,1,1979-07-17 06:00:00,1979-07-19 09:30:00,NaN,1979,7,17,6,1979,7,19,12,2,5
37,38.505,4.12,38,0,0,6,0,519749,519824,HPB,1,1980-08-24 02:00:00,1980-08-25 15:30:00,NaN,1980,8,24,0,1980,8,25,18,2,8
38,66.275,4.64,74,0,5.5,30,0,520002,520149,HPB,1,1980-08-29 08:30:00,1980-09-01 10:00:00,NaN,1980,8,29,6,1980,9,1,12,2,8
39,27.175,2.36,67,0,0,24,0,537710,537843,HPB,1,1981-09-02 06:30:00,1981-09-05 01:00:00,NaN,1981,9,2,6,1981,9,5,0,3,7
40,27.035,3.85,26,18.5,7.5,6,0,552620,552671,HPB,1,1982-07-09 21:30:00,1982-07-10 23:00:00,NaN,1982,7,10,0,1982,7,11,0,1,2
41,34.92,3.3,87,0,0,24,0,569518,569691,HPB,1,1983-06-26 22:30:00,1983-06-30 13:00:00,NaN,1983,6,27,0,1983,6,30,12,2,6
42,62.455,1.86,76,0,0,0,0,591569,591720,HPB,1,1984-09-28 08:00:00,1984-10-01 11:30:00,NaN,1984,9,28,6,1984,10,1,12,2,9
43,88.5,4.14,80,26,22.5,30,0,607788,607947,HPB,1,1985-09-01 05:30:00,1985-09-04 13:00:00,NaN,1985,9,1,6,1985,9,4,12,2,8
44,30.265,4.15,45.5,0,0,12,0,626843,626933,HPB,1,1986-10-03 05:00:00,1986-10-05 02:00:00,NaN,1986,10,3,6,1986,10,5,0,3,9
45,48.51,4.7,48.5,24,22,6,0,627246,627342,HPB,1,1986-10-11 14:30:00,1986-10-13 14:30:00,NaN,1986,10,11,12,1986,10,13,12,3,9
46,44.64,2.8,90,0,0,0,0,646070,646249,HPB,1,1987-11-07 18:30:00,1987-11-11 12:00:00,NaN,1987,11,7,18,1987,11,11,12,3,2
47,93.225,3.79,100,0,0,30,0,658707,658906,HPB,1,1988-07-28 01:00:00,1988-08-01 04:30:00,NaN,1988,7,28,0,1988,8,1,6,2,6
48,24.715,5.14,17.5,0,0,12,0,677965,677999,HPB,1,1989-09-02 06:00:00,1989-09-02 23:00:00,NaN,1989,9,2,6,1989,9,3,0,2,7
49,32.155,3.53,42,0,0,18,0,678271,678354,HPB,1,1989-09-08 15:00:00,1989-09-10 08:30:00,NaN,1989,9,8,18,1989,9,10,6,2,7
50,48.855,3.59,77,0,37,30,0,678372,678525,HPB,1,1989-09-10 17:30:00,1989-09-13 22:00:00,NaN,1989,9,10,18,1989,9,14,0,2,7
51,43.705,3.43,49.5,0,0,18,0,697404,697502,HPB,1,1990-10-12 05:30:00,1990-10-14 06:30:00,NaN,1990,10,12,6,1990,10,14,6,3,2
52,56.11,7.84,57,41.5,15.5,6,0,710820,710933,HPB,1,1991-07-18 17:30:00,1991-07-21 02:00:00,NaN,1991,7,18,18,1991,7,21,0,1,6
53,33.43,2.21,58.5,0,0,60,0,730588,730704,HPB,1,1992-09-02 13:30:00,1992-09-04 23:30:00,NaN,1992,9,2,12,1992,9,5,0,2,9
54,47.14,3.14,41,0,0,0,0,749890,749971,HPB,1,1993-10-09 16:30:00,1993-10-11 09:00:00,NaN,1993,10,9,18,1993,10,11,12,3,8
55,44.705,6.33,30.5,0,0,24,0,765524,765584,HPB,1,1994-08-31 09:30:00,1994-09-01 15:30:00,NaN,1994,8,31,12,1994,9,1,18,2,8
56,21.925,3.01,31.5,0,5.5,12,0,765607,765669,HPB,1,1994-09-02 03:00:00,1994-09-03 10:00:00,NaN,1994,9,2,6,1994,9,3,12,2,8
57,32.005,3.28,50.5,23.5,27,12,0,784090,784190,HPB,1,1995-09-22 04:30:00,1995-09-24 06:30:00,NaN,1995,9,22,6,1995,9,24,6,3,9
58,50.08,7.12,93.5,0,0,0,0,799090,799276,HPB,1,1996-07-30 16:30:00,1996-08-03 13:30:00,NaN,1996,7,30,18,1996,8,3,12,1,6
59,27.965,3.13,42,17,25,0,0,816882,816965,HPB,1,1997-08-05 08:30:00,1997-08-07 02:00:00,NaN,1997,8,5,6,1997,8,7,0,1,5
60,34.485,4.07,65,0,22.5,18,0,817194,817323,HPB,1,1997-08-11 20:30:00,1997-08-14 13:00:00,NaN,1997,8,11,18,1997,8,14,12,1,5
61,69.035,6.08,77.5,56.5,21,54,0,834735,834889,HPB,1,1998-08-12 07:00:00,1998-08-15 12:00:00,NaN,1998,8,12,6,1998,8,15,12,2,8
62,49.56,2.46,72,38,29,12,0,870384,870527,HPB,1,2000-08-23 23:30:00,2000-08-26 23:00:00,NaN,2000,8,24,0,2000,8,27,0,2,3
63,26.82,2.24,67,15,41.5,0,0,889988,890121,HPB,1,2001-10-06 09:30:00,2001-10-09 04:00:00,NaN,2001,10,6,12,2001,10,9,6,2,7
64,53.75,3.5,116,0,0,18,0,890266,890497,HPB,1,2001-10-12 04:30:00,2001-10-17 00:00:00,NaN,2001,10,12,6,2001,10,17,0,2,7
65,21.155,4.64,12.5,12.5,0,6,0,903017,903041,HPB,1,2002-07-04 20:00:00,2002-07-05 08:00:00,NaN,2002,7,4,18,2002,7,5,6,1,6
66,66.335,7.96,22,0,0,6,0,923398,923441,HPB,1,2003-09-02 10:30:00,2003-09-03 08:00:00,NaN,2003,9,2,12,2003,9,3,6,1,5
67,57.665,5.34,42.5,17,25.5,6,0,940920,941004,HPB,1,2004-09-01 11:30:00,2004-09-03 05:30:00,NaN,2004,9,1,12,2004,9,3,6,2,5
68,61.94,5.72,63,0,0,36,0,959083,959208,HPB,1,2005-09-14 21:00:00,2005-09-17 11:30:00,NaN,2005,9,15,0,2005,9,17,12,3,8
69,23.77,3.09,73.5,0,0,0,0,979583,979729,HPB,1,2006-11-15 23:00:00,2006-11-19 00:00:00,NaN,2006,11,16,0,2006,11,19,0,1,8
70,43.485,2.32,44.5,0,0,6,0,991768,991856,HPB,1,2007-07-27 19:30:00,2007-07-29 15:30:00,NaN,2007,7,27,18,2007,7,29,18,2,8
71,42.55,4.19,31,0,0,0,0,991906,991967,HPB,1,2007-07-30 16:30:00,2007-07-31 23:00:00,NaN,2007,7,30,18,2007,8,1,0,2,8
72,83.895,5.91,39.5,0,0,18,0,1013350,1013428,HPB,1,2008-10-19 10:30:00,2008-10-21 01:30:00,NaN,2008,10,19,12,2008,10,21,0,3,2
73,85.12,12.4,60,0,28,6,0,1027379,1027498,HPB,1,2009-08-07 17:00:00,2009-08-10 04:30:00,NaN,2009,8,7,18,2009,8,10,6,1,8
74,35.64,3.11,89.5,0,0,0,0,1045106,1045284,HPB,1,2010-08-12 00:30:00,2010-08-15 17:30:00,NaN,2010,8,12,0,2010,8,15,18,2,8
75,32.89,2.01,36,0,0,36,0,1045687,1045758,HPB,1,2010-08-24 03:00:00,2010-08-25 14:30:00,NaN,2010,8,24,6,2010,8,25,12,2,8
1_1,38.485,3.47,34.5,4,17.5,30,7,12127,12195,HPB,2,1951-09-10 15:00:00,1951-09-12 01:00:00,NaN,1951,9,10,18,1951,9,12,0,2,7
2_1,56.925,2.33,69,0,0,0,0,29037,29174,HPB,2,1952-08-27 22:00:00,1952-08-30 18:30:00,NaN,1952,8,28,0,1952,8,30,18,2,9
3_1,39.105,5.34,61,0,32.5,66,0,46993,47114,HPB,2,1953-09-06 00:00:00,1953-09-08 12:30:00,NaN,1953,9,6,0,1953,9,8,12,1,1
4_1,34.28,3.96,22.5,0,7.5,0,0,65411,65455,HPB,2,1954-09-24 17:00:00,1954-09-25 15:00:00,NaN,1954,9,24,18,1954,9,25,18,3,6
5_1,39.38,2,66.5,0,0,6,0,79280,79412,HPB,2,1955-07-10 15:30:00,1955-07-13 09:30:00,NaN,1955,7,10,18,1955,7,13,12,2,3
6_1,22.665,1.78,71.5,0,0,0,0,103497,103639,HPB,2,1956-11-26 04:00:00,1956-11-29 03:00:00,NaN,1956,11,26,6,1956,11,29,6,2,4
7_1,33.315,2.06,48,0,19,0,0,118558,118653,HPB,2,1957-10-05 22:30:00,1957-10-07 22:00:00,NaN,1957,10,6,0,1957,10,8,0,3,6
8_1,31.35,2.83,63,0,0,12,0,136264,136389,HPB,2,1958-10-09 19:30:00,1958-10-12 10:00:00,NaN,1958,10,9,18,1958,10,12,12,2,6
9_1,31.82,2.83,42,10,27,48,0,152345,152428,HPB,2,1959-09-09 20:00:00,1959-09-11 13:30:00,NaN,1959,9,9,18,1959,9,11,12,2,8
10_1,38.505,3.44,58,15,29,12,0,152800,152915,HPB,2,1959-09-19 07:30:00,1959-09-21 17:00:00,NaN,1959,9,19,6,1959,9,21,18,2,8
11_1,50.875,3.45,42,0,0,6,0,168514,168597,HPB,2,1960-08-11 16:30:00,1960-08-13 10:00:00,NaN,1960,8,11,18,1960,8,13,12,2,1
12_1,21.575,1.56,44,0,19.5,12,0,188262,188349,HPB,2,1961-09-27 02:30:00,1961-09-28 22:00:00,NaN,1961,9,27,0,1961,9,29,0,3,5
13_1,27.52,2.6,39.5,22,20,12,0,188394,188472,HPB,2,1961-09-29 20:30:00,1961-10-01 11:30:00,NaN,1961,9,29,18,1961,10,1,12,3,5
14_1,79.685,5.11,53.5,5.5,48,30,0,203327,203433,HPB,2,1962-08-06 23:00:00,1962-08-09 04:00:00,NaN,1962,8,7,0,1962,8,9,6,3,1
15_1,33.705,4.75,22.5,0,0,24,0,222299,222343,HPB,2,1963-09-06 05:00:00,1963-09-07 03:00:00,NaN,1963,9,6,6,1963,9,7,6,2,1
16_1,62.145,4.11,62.5,0,33,18,0,222778,222902,HPB,2,1963-09-16 04:30:00,1963-09-18 18:30:00,NaN,1963,9,16,6,1963,9,18,18,2,1
17_1,31.255,8.05,21.5,0,0,18,0,238974,239016,HPB,2,1964-08-18 14:30:00,1964-08-19 11:30:00,NaN,1964,8,18,12,1964,8,19,12,1,6
18_1,72.76,5.17,45,21.5,23.5,0,0,274540,274629,HPB,2,1966-08-29 13:30:00,1966-08-31 10:00:00,NaN,1966,8,29,12,1966,8,31,12,2,8
19_1,27.53,1.95,68.5,0,0,6,0,292757,292893,HPB,2,1967-09-13 02:00:00,1967-09-15 22:00:00,NaN,1967,9,13,0,1967,9,16,0,1,6
20_1,45.02,5,24.5,0,0,12,0,293134,293182,HPB,2,1967-09-20 22:30:00,1967-09-21 22:30:00,NaN,1967,9,21,0,1967,9,22,0,1,6
21_1,27.215,3.04,89,17.5,57,0,0,312946,313123,HPB,2,1968-11-06 16:30:00,1968-11-10 09:00:00,NaN,1968,11,6,18,1968,11,10,12,3,8
22_1,33.05,3.12,54,0,0,0,0,348263,348370,HPB,2,1970-11-12 11:00:00,1970-11-14 16:30:00,NaN,1970,11,12,12,1970,11,14,18,3,2
23_1,80.25,6.25,145.5,57,47,18,0,361934,362224,HPB,2,1971-08-24 06:30:00,1971-08-30 07:30:00,NaN,1971,8,24,6,1971,8,30,6,3,6
24_1,63.735,3.2,93.5,0,0,12,0,380950,381136,HPB,2,1972-09-23 10:30:00,1972-09-27 07:30:00,NaN,1972,9,23,12,1972,9,27,6,2,8
25_1,25.85,1.16,101,0,0,18,0,415063,415264,HPB,2,1974-09-04 03:00:00,1974-09-08 07:30:00,NaN,1974,9,4,6,1974,9,8,6,2,9
26_1,53.01,2.34,64.5,0,0,0,0,415333,415461,HPB,2,1974-09-09 18:00:00,1974-09-12 10:00:00,NaN,1974,9,9,18,1974,9,12,12,2,9
27_1,21.655,0.95,104.5,0,10.5,0,0,429533,429741,HPB,2,1975-07-02 14:00:00,1975-07-06 22:00:00,NaN,1975,7,2,12,1975,7,7,0,1,6
28_1,22.19,3.8,27.5,0,0,18,0,430098,430152,HPB,2,1975-07-14 08:30:00,1975-07-15 11:30:00,NaN,1975,7,14,6,1975,7,15,12,1,6
29_1,27.655,4.15,29.5,0,0,6,0,451333,451391,HPB,2,1976-09-28 18:00:00,1976-09-29 23:00:00,NaN,1976,9,28,18,1976,9,30,0,3,2
30_1,25.46,3.61,56,0,0,12,0,451462,451573,HPB,2,1976-10-01 10:30:00,1976-10-03 18:00:00,NaN,1976,10,1,12,1976,10,3,18,3,2
31_1,46.455,6.31,37.5,16,21.5,12,0,466489,466563,HPB,2,1977-08-10 12:00:00,1977-08-12 01:00:00,NaN,1977,8,10,12,1977,8,12,0,2,8
32_1,65.665,6.57,46,19,39.5,36,0,466596,466687,HPB,2,1977-08-12 17:30:00,1977-08-14 15:00:00,NaN,1977,8,12,18,1977,8,14,18,2,8
33_1,20.555,1.91,44.5,0,0,12,0,484436,484524,HPB,2,1978-08-19 09:30:00,1978-08-21 05:30:00,NaN,1978,8,19,12,1978,8,21,6,2,6
34_1,57.04,3.72,78.5,20.5,50,6,0,505146,505302,HPB,2,1979-10-24 20:30:00,1979-10-28 02:30:00,NaN,1979,10,24,18,1979,10,28,0,2,9
35_1,31.06,4.82,24,0,0,18,0,519931,519978,HPB,2,1980-08-27 21:00:00,1980-08-28 20:30:00,NaN,1980,8,28,0,1980,8,28,18,1,8
36_1,29.29,3.21,46.5,0,0,0,0,540866,540958,HPB,2,1981-11-07 00:30:00,1981-11-08 22:30:00,NaN,1981,11,7,0,1981,11,9,0,1,8
37_1,33.34,5.22,56,0,0,0,0,541375,541486,HPB,2,1981-11-17 15:00:00,1981-11-19 22:30:00,NaN,1981,11,17,18,1981,11,20,0,1,8
38_1,81.615,3.39,87,11,103.5,6,0,553433,553606,HPB,2,1982-07-26 20:00:00,1982-07-30 10:30:00,NaN,1982,7,26,18,1982,7,30,12,2,6
39_1,50.135,3.61,35.5,0,0.5,12,0,573439,573509,HPB,2,1983-09-16 15:00:00,1983-09-18 02:00:00,NaN,1983,9,16,18,1983,9,18,0,2,5
40_1,120.13,8.79,52.5,0,27.5,30,0,573780,573884,HPB,2,1983-09-23 17:30:00,1983-09-25 21:30:00,NaN,1983,9,23,18,1983,9,26,0,2,5
41_1,25.69,1.9,41,0,0,30,0,589734,589815,HPB,2,1984-08-21 02:30:00,1984-08-22 19:00:00,NaN,1984,8,21,0,1984,8,22,18,2,2
42_1,98.415,5.7,64.5,0,44.5,42,0,590220,590348,HPB,2,1984-08-31 05:30:00,1984-09-02 21:30:00,NaN,1984,8,31,6,1984,9,3,0,2,2
43_1,32.245,2.76,38.5,0,0,12,0,609323,609399,HPB,2,1985-10-03 05:00:00,1985-10-04 19:00:00,NaN,1985,10,3,6,1985,10,4,18,3,2
44_1,68.47,2.98,55,19,36,30,0,624053,624162,HPB,2,1986-08-06 02:00:00,1986-08-08 08:30:00,NaN,1986,8,6,0,1986,8,8,6,2,6
45_1,33.77,1.68,75,0,0,42,0,642789,642938,HPB,2,1987-08-31 10:00:00,1987-09-03 12:30:00,NaN,1987,8,31,12,1987,9,3,12,2,8
46_1,33.205,2.32,39,0,0,0,0,656641,656718,HPB,2,1988-06-15 00:00:00,1988-06-16 14:30:00,NaN,1988,6,15,0,1988,6,16,12,3,6
47_1,21.905,3.59,23.5,0,0,0,0,656889,656935,HPB,2,1988-06-20 04:00:00,1988-06-21 03:00:00,NaN,1988,6,20,6,1988,6,21,6,3,6
48_1,33.545,4.15,32.5,17,15.5,12,0,677513,677577,HPB,2,1989-08-23 20:00:00,1989-08-25 04:00:00,NaN,1989,8,23,18,1989,8,25,6,3,7
49_1,49.505,3.45,33.5,0,0,6,0,677820,677886,HPB,2,1989-08-30 05:30:00,1989-08-31 14:30:00,NaN,1989,8,30,6,1989,8,31,12,3,7
50_1,29.635,1.99,45,0,0,0,0,699609,699698,HPB,2,1990-11-27 04:00:00,1990-11-29 00:30:00,NaN,1990,11,27,6,1990,11,29,0,2,9
51_1,57.765,4.2,46,28.5,17.5,18,0,712243,712334,HPB,2,1991-08-17 09:00:00,1991-08-19 06:30:00,NaN,1991,8,17,12,1991,8,19,6,3,9
52_1,28.205,1.96,73.5,11,18.5,0,0,728895,729041,HPB,2,1992-07-29 07:00:00,1992-08-01 08:00:00,NaN,1992,7,29,6,1992,8,1,6,2,9
53_1,89.08,3.49,112.5,0,0,0,0,745481,745705,HPB,2,1993-07-09 20:00:00,1993-07-14 12:00:00,NaN,1993,7,9,18,1993,7,14,12,2,6
54_1,32.23,4.2,63,0,0,0,0,768542,768667,HPB,2,1994-11-02 06:30:00,1994-11-04 21:00:00,NaN,1994,11,2,6,1994,11,5,0,1,8
55_1,38.17,3.23,87.5,0,0,0,0,787151,787325,HPB,2,1995-11-24 23:00:00,1995-11-28 14:00:00,NaN,1995,11,25,0,1995,11,28,12,3,6
56_1,41.415,2.55,57,0,36,6,0,799632,799745,HPB,2,1996-08-10 23:30:00,1996-08-13 08:00:00,NaN,1996,8,11,0,1996,8,13,6,2,7
57_1,22.225,2.37,29,18,11,0,0,799761,799818,HPB,2,1996-08-13 16:00:00,1996-08-14 20:30:00,NaN,1996,8,13,18,1996,8,14,18,2,7
58_1,20.78,3.28,36.5,0,0,0,0,818012,818084,HPB,2,1997-08-28 21:30:00,1997-08-30 09:30:00,NaN,1997,8,29,0,1997,8,30,12,3,8
59_1,51.405,3.64,57,36.5,20.5,18,0,818416,818529,HPB,2,1997-09-06 07:30:00,1997-09-08 16:00:00,NaN,1997,9,6,6,1997,9,8,18,3,8
60_1,59.335,4.81,77.5,0,0,0,0,839250,839404,HPB,2,1998-11-14 08:30:00,1998-11-17 13:30:00,NaN,1998,11,14,6,1998,11,17,12,3,8
61_1,28.46,3.3,45.5,0,9,0,0,853700,853790,HPB,2,1999-09-11 09:30:00,1999-09-13 06:30:00,NaN,1999,9,11,12,1999,9,13,6,1,8
62_1,64.695,4.42,57.5,28.5,11,0,0,869791,869905,HPB,2,2000-08-11 15:00:00,2000-08-14 00:00:00,NaN,2000,8,11,18,2000,8,14,0,3,5
63_1,23.815,2.64,41.5,0,0,6,0,887443,887525,HPB,2,2001-08-14 09:00:00,2001-08-16 02:00:00,NaN,2001,8,14,12,2001,8,16,0,1,5
64_1,60.8,4.78,30,0,0,18,0,906993,907052,HPB,2,2002-09-25 16:00:00,2002-09-26 21:30:00,NaN,2002,9,25,18,2002,9,27,0,3,6
65_1,25.235,1.88,36,16,20,12,0,907115,907186,HPB,2,2002-09-28 05:00:00,2002-09-29 16:30:00,NaN,2002,9,28,6,2002,9,29,18,3,6
66_1,22.225,1.67,31.5,0,0,0,0,923666,923728,HPB,2,2003-09-08 00:30:00,2003-09-09 07:30:00,NaN,2003,9,8,0,2003,9,9,6,2,7
67_1,26.355,3.08,53,17,35,12,0,923826,923931,HPB,2,2003-09-11 08:30:00,2003-09-13 13:00:00,NaN,2003,9,11,6,2003,9,13,12,2,7
68_1,44.27,2.77,34.5,0,0,24,0,924183,924251,HPB,2,2003-09-18 19:00:00,2003-09-20 05:00:00,NaN,2003,9,18,18,2003,9,20,6,2,7
69_1,23.055,4.3,43,0,0,30,0,941100,941185,HPB,2,2004-09-05 05:30:00,2004-09-07 00:00:00,NaN,2004,9,5,6,2004,9,7,0,2,9
70_1,63.805,5.61,42,12,23,24,0,941294,941377,HPB,2,2004-09-09 06:30:00,2004-09-11 00:00:00,NaN,2004,9,9,6,2004,9,11,0,2,9
71_1,97.435,4.05,76,0,43,12,0,957190,957341,HPB,2,2005-08-06 10:30:00,2005-08-09 14:00:00,NaN,2005,8,6,12,2005,8,9,12,2,9
72_1,24.39,4.07,35,0,0,12,0,977701,977770,HPB,2,2006-10-07 18:00:00,2006-10-09 04:30:00,NaN,2006,10,7,18,2006,10,9,6,1,2
73_1,38.865,4.64,31,0,0,18,0,993989,994050,HPB,2,2007-09-12 02:00:00,2007-09-13 08:30:00,NaN,2007,9,12,0,2007,9,13,6,1,8
74_1,69.715,10.66,47,0,0,12,0,994338,994431,HPB,2,2007-09-19 08:30:00,2007-09-21 07:00:00,NaN,2007,9,19,6,2007,9,21,6,1,8
75_1,46.395,5.45,67,0,0,24,0,1012537,1012670,HPB,2,2008-10-02 12:00:00,2008-10-05 06:30:00,NaN,2008,10,2,12,2008,10,5,6,1,5
76,65.605,3.16,63.5,0,0,0,0,1027418,1027544,HPB,2,2009-08-08 12:30:00,2009-08-11 03:30:00,NaN,2009,8,8,12,2009,8,11,6,2,10
77,55.72,5,38,15.5,19.5,0,0,1048096,1048171,HPB,2,2010-10-13 07:30:00,2010-10-14 21:00:00,NaN,2010,10,13,6,2010,10,15,0,3,5
1_2,57.025,4,30,0,0,6,0,12501,12560,HPB,3,1951-09-18 10:00:00,1951-09-19 15:30:00,NaN,1951,9,18,12,1951,9,19,18,3,6
2_2,20.785,1.25,35,0,0,0,0,12652,12721,HPB,3,1951-09-21 13:30:00,1951-09-23 00:00:00,NaN,1951,9,21,12,1951,9,23,0,3,6
3_2,37.725,2.73,88,0,0,42,0,29251,29426,HPB,3,1952-09-01 09:00:00,1952-09-05 00:30:00,NaN,1952,9,1,12,1952,9,5,0,2,1
4_2,23.15,1.56,56,0,0,12,0,47656,47767,HPB,3,1953-09-19 19:30:00,1953-09-22 03:00:00,NaN,1953,9,19,18,1953,9,22,6,2,7
5_2,87.64,3.03,178,0,42.5,54,0,47790,48145,HPB,3,1953-09-22 14:30:00,1953-09-30 00:00:00,NaN,1953,9,22,12,1953,9,30,0,2,7
6_2,46.36,3.75,67,25,32.5,30,0,64855,64988,HPB,3,1954-09-13 03:00:00,1954-09-15 21:30:00,NaN,1954,9,13,6,1954,9,16,0,1,8
7_2,49.02,4.37,76.5,0,9.5,0,0,82969,83121,HPB,3,1955-09-25 12:00:00,1955-09-28 16:00:00,NaN,1955,9,25,12,1955,9,28,18,3,8
8_2,28.71,2.02,44,26,18,6,0,101131,101218,HPB,3,1956-10-07 21:00:00,1956-10-09 16:30:00,NaN,1956,10,8,0,1956,10,9,18,3,9
9_2,53.595,4.9,29.5,0,14.5,12,0,136041,136099,HPB,3,1958-10-05 04:00:00,1958-10-06 09:00:00,NaN,1958,10,5,6,1958,10,6,12,3,9
10_2,23.455,4.15,53,0,0,0,0,155161,155266,HPB,3,1959-11-07 12:00:00,1959-11-09 16:30:00,NaN,1959,11,7,12,1959,11,9,18,1,8
11_2,35.93,3,67,0,0,60,0,167336,167469,HPB,3,1960-07-18 03:30:00,1960-07-20 22:00:00,NaN,1960,7,18,6,1960,7,21,0,2,8
12_2,27.29,3.75,44.5,22,18.5,12,0,187789,187877,HPB,3,1961-09-17 06:00:00,1961-09-19 02:00:00,NaN,1961,9,17,6,1961,9,19,0,3,2
13_2,24.42,3.45,72.5,0,0,12,0,207126,207270,HPB,3,1962-10-25 02:30:00,1962-10-28 02:30:00,NaN,1962,10,25,0,1962,10,28,0,1,2
14_2,47.425,3.46,63,0,31,6,0,223534,223659,HPB,3,1963-10-01 22:30:00,1963-10-04 13:00:00,NaN,1963,10,2,0,1963,10,4,12,3,8
15_2,44.345,4.52,58,17,19.5,48,0,236602,236717,HPB,3,1964-06-30 04:30:00,1964-07-02 14:00:00,NaN,1964,6,30,6,1964,7,2,12,1,6
16_2,20.385,2.35,44.5,0,8,30,0,236764,236852,HPB,3,1964-07-03 13:30:00,1964-07-05 09:30:00,NaN,1964,7,3,12,1964,7,5,12,1,6
17_2,45.52,7.08,27,0,0,12,0,236889,236942,HPB,3,1964-07-06 04:00:00,1964-07-07 06:30:00,NaN,1964,7,6,6,1964,7,7,6,1,6
18_2,20.01,2.04,149.5,0,0,0,0,260760,261058,HPB,3,1965-11-15 11:30:00,1965-11-21 16:30:00,NaN,1965,11,15,12,1965,11,21,18,1,6
19_2,32.3,5.69,68,0,0,0,0,261306,261441,HPB,3,1965-11-26 20:30:00,1965-11-29 16:00:00,NaN,1965,11,26,18,1965,11,29,18,1,6
20_2,24.13,3.55,19.5,0,0,0,0,273999,274037,HPB,3,1966-08-18 07:00:00,1966-08-19 02:00:00,NaN,1966,8,18,6,1966,8,19,0,1,1
21_2,50.135,7.66,54,0,0,6,0,274297,274404,HPB,3,1966-08-24 12:00:00,1966-08-26 17:30:00,NaN,1966,8,24,12,1966,8,26,18,1,1
22_2,57.28,4.04,98,45,53,6,0,293503,293698,HPB,3,1967-09-28 15:00:00,1967-10-02 16:30:00,NaN,1967,9,28,18,1967,10,2,18,3,9
23_2,28.19,3.6,66.5,0,17.5,24,0,308772,308904,HPB,3,1968-08-11 17:30:00,1968-08-14 11:30:00,NaN,1968,8,11,18,1968,8,14,12,1,8
24_2,28,3.25,29.5,0,0,0,0,330369,330427,HPB,3,1969-11-04 16:00:00,1969-11-05 21:00:00,NaN,1969,11,4,18,1969,11,6,0,1,8
25_2,86.0050000000001,3.58,121.5,0,61.5,6,0,344047,344289,HPB,3,1970-08-16 15:00:00,1970-08-21 16:00:00,NaN,1970,8,16,18,1970,8,21,18,2,7
26_2,31.785,5.62,37.5,2.5,35,18,0,362980,363054,HPB,3,1971-09-15 01:30:00,1971-09-16 14:30:00,NaN,1971,9,15,0,1971,9,16,12,1,7
27_2,55.67,6.64,70.5,32.5,28.5,12,0,379767,379907,HPB,3,1972-08-29 19:00:00,1972-09-01 17:00:00,NaN,1972,8,29,18,1972,9,1,18,1,8
28_2,37.155,2.84,42,0,0,0,0,400589,400672,HPB,3,1973-11-06 14:00:00,1973-11-08 07:30:00,NaN,1973,11,6,12,1973,11,8,6,3,9
29_2,24.8,4.71,55,0,2,0,0,415609,415718,HPB,3,1974-09-15 12:00:00,1974-09-17 18:30:00,NaN,1974,9,15,12,1974,9,17,18,1,9
30_2,41.77,5.1,112,0,0,0,0,435666,435889,HPB,3,1975-11-07 08:30:00,1975-11-12 00:00:00,NaN,1975,11,7,6,1975,11,12,0,1,8
31_2,88.88,4.72,75.5,0,13.5,0,0,450598,450748,HPB,3,1976-09-13 10:30:00,1976-09-16 13:30:00,NaN,1976,9,13,12,1976,9,16,12,2,9
32_2,37.68,6.36,22,0,0,18,0,466731,466774,HPB,3,1977-08-15 13:00:00,1977-08-16 10:30:00,NaN,1977,8,15,12,1977,8,16,12,1,6
33_2,36.565,2.38,38,0,0,0,0,481201,481276,HPB,3,1978-06-13 00:00:00,1978-06-14 13:30:00,NaN,1978,6,13,0,1978,6,14,12,2,7
34_2,37.52,3.72,78,36,39.5,36,0,502113,502268,HPB,3,1979-08-22 16:00:00,1979-08-25 21:30:00,NaN,1979,8,22,18,1979,8,26,0,3,7
35_2,33.425,1.59,74,0,13.5,0,0,523291,523438,HPB,3,1980-11-05 21:00:00,1980-11-08 22:30:00,NaN,1980,11,6,0,1980,11,9,0,2,2
36_2,39.3,2.92,35,11,24,0,0,538396,538465,HPB,3,1981-09-16 13:30:00,1981-09-18 00:00:00,NaN,1981,9,16,12,1981,9,18,0,3,5
37_2,22.905,1.8,57.5,0,0,6,0,554013,554127,HPB,3,1982-08-07 22:00:00,1982-08-10 07:00:00,NaN,1982,8,8,0,1982,8,10,6,3,4
38_2,52.995,4.07,33.5,0,23,12,0,574355,574421,HPB,3,1983-10-05 17:00:00,1983-10-07 02:00:00,NaN,1983,10,5,18,1983,10,7,0,2,5
39_2,48.49,2.85,63,34,29,0,0,591355,591480,HPB,3,1984-09-23 21:00:00,1984-09-26 11:30:00,NaN,1984,9,24,0,1984,9,26,12,3,8
40_2,21.055,2.36,21.5,0,0,18,0,608626,608668,HPB,3,1985-09-18 16:30:00,1985-09-19 13:30:00,NaN,1985,9,18,18,1985,9,19,12,1,6
41_2,28.12,6.45,16,0,0,6,0,608856,608887,HPB,3,1985-09-23 11:30:00,1985-09-24 03:00:00,NaN,1985,9,23,12,1985,9,24,6,1,6
42_2,56.025,3.01,101,32.5,51.5,18,0,626232,626433,HPB,3,1986-09-20 11:30:00,1986-09-24 16:00:00,NaN,1986,9,20,12,1986,9,24,18,2,9
43_2,26.16,3.71,29,0,5.5,12,0,642803,642860,HPB,3,1987-08-31 17:00:00,1987-09-01 21:30:00,NaN,1987,8,31,18,1987,9,2,0,1,8
44_2,21.335,1.47,84,22,44.5,12,0,662885,663052,HPB,3,1988-10-23 02:00:00,1988-10-26 13:30:00,NaN,1988,10,23,0,1988,10,26,12,2,4
45_2,26.66,2.39,98,0,0,0,0,678618,678813,HPB,3,1989-09-15 20:30:00,1989-09-19 22:00:00,NaN,1989,9,15,18,1989,9,20,0,3,5
46_2,22.51,4.53,31.5,23.5,8,6,0,696072,696134,HPB,3,1990-09-14 11:30:00,1990-09-15 18:30:00,NaN,1990,9,14,12,1990,9,15,18,1,8
47_2,45.555,2.22,53.5,0,0,0,0,708743,708849,HPB,3,1991-06-05 11:00:00,1991-06-07 16:00:00,NaN,1991,6,5,12,1991,6,7,18,2,8
48_2,20.61,1.78,27.5,0,0,0,0,708907,708961,HPB,3,1991-06-08 21:00:00,1991-06-10 00:00:00,NaN,1991,6,9,0,1991,6,10,0,2,8
49_2,24.665,5.42,30.5,0,0,30,0,728907,728967,HPB,3,1992-07-29 13:00:00,1992-07-30 19:00:00,NaN,1992,7,29,12,1992,7,30,18,2,1
50_2,62.18,3.66,56,0,0,12,0,729367,729478,HPB,3,1992-08-08 03:00:00,1992-08-10 10:30:00,NaN,1992,8,8,6,1992,8,10,12,2,1
51_2,116.815,5.37,80.5,0,24.5,18,0,747686,747846,HPB,3,1993-08-24 18:30:00,1993-08-28 02:30:00,NaN,1993,8,24,18,1993,8,28,0,2,8
52_2,28.57,2,47,14,23,0,0,778583,778676,HPB,3,1995-05-30 11:00:00,1995-06-01 09:30:00,NaN,1995,5,30,12,1995,6,1,12,3,2
53_2,36.325,3.66,51,0,0,30,0,778804,778905,HPB,3,1995-06-04 01:30:00,1995-06-06 04:00:00,NaN,1995,6,4,0,1995,6,6,6,3,2
54_2,21.22,2.98,121,0,0,0,0,822432,822673,HPB,3,1997-11-28 23:30:00,1997-12-04 00:00:00,NaN,1997,11,29,0,1997,12,4,0,1,8
55_2,53.305,2.92,54.5,0,0,0,0,835310,835418,HPB,3,1998-08-24 06:30:00,1998-08-26 12:30:00,NaN,1998,8,24,6,1998,8,26,12,2,8
56_2,26.295,2.45,44,0,0,0,0,855034,855121,HPB,3,1999-10-09 04:30:00,1999-10-11 00:00:00,NaN,1999,10,9,6,1999,10,11,0,2,9
57_2,28.6,3.32,51.5,0,10.5,6,0,855437,855539,HPB,3,1999-10-17 14:00:00,1999-10-19 17:00:00,NaN,1999,10,17,12,1999,10,19,18,2,9
58_2,49.165,5.61,20.5,0,0,12,0,872292,872332,HPB,3,2000-10-02 17:30:00,2000-10-03 13:30:00,NaN,2000,10,2,18,2000,10,3,12,1,8
59_2,69.425,5.81,35,6.5,28.5,12,0,887982,888051,HPB,3,2001-08-25 14:30:00,2001-08-27 01:00:00,NaN,2001,8,25,12,2001,8,27,0,3,6
60_2,48.83,3.57,78.5,17,65,18,0,905878,906034,HPB,3,2002-09-02 10:30:00,2002-09-05 16:30:00,NaN,2002,9,2,12,2002,9,5,18,2,8
61_2,20.28,1.91,43,0,0,6,0,925969,926054,HPB,3,2003-10-26 00:00:00,2003-10-27 18:30:00,NaN,2003,10,26,0,2003,10,27,18,3,10
62_2,121.6,4.35,108.5,0,0,30,0,942889,943105,HPB,3,2004-10-12 12:00:00,2004-10-17 00:00:00,NaN,2004,10,12,12,2004,10,17,0,2,6
63_2,24.395,2.62,32.5,0,0,6,0,993537,993601,HPB,3,2007-09-02 16:00:00,2007-09-04 00:00:00,NaN,2007,9,2,18,2007,9,4,0,2,5
64_2,59.76,3.07,158,0,0,0,0,1009195,1009510,HPB,3,2008-07-24 21:00:00,2008-07-31 10:30:00,NaN,2008,7,25,0,2008,7,31,12,2,8
65_2,27.57,3.36,67,0,0,12,0,1030647,1030780,HPB,3,2009-10-14 19:00:00,2009-10-17 13:30:00,NaN,2009,10,14,18,2009,10,17,12,1,4
66_2,21.245,4.51,40.5,0,0,24,0,1044776,1044856,HPB,3,2010-08-05 03:30:00,2010-08-06 19:30:00,NaN,2010,8,5,6,2010,8,6,18,3,6
67_2,64.81,5.11,69,0,0,6,0,1045197,1045334,HPB,3,2010-08-13 22:00:00,2010-08-16 18:30:00,NaN,2010,8,14,0,2010,8,16,18,3,6
1_3,75.175,8.94,34,0,14.5,12,0,28665,28732,HPB,4,1952-08-20 04:00:00,1952-08-21 13:30:00,NaN,1952,8,20,6,1952,8,21,12,3,9
2_3,111.935,6.35,131,0,0,6,0,45148,45409,HPB,4,1953-07-29 13:30:00,1953-08-04 00:00:00,NaN,1953,7,29,12,1953,8,4,0,2,6
3_3,80.755,6.11,67.5,0,0,0,0,63687,63821,HPB,4,1954-08-19 19:00:00,1954-08-22 14:00:00,NaN,1954,8,19,18,1954,8,22,12,2,7
4_3,23.49,3.88,30.5,0,0,12,0,82424,82484,HPB,4,1955-09-14 03:30:00,1955-09-15 09:30:00,NaN,1955,9,14,6,1955,9,15,12,1,5
5_3,37.87,3.08,24.5,0,0,12,0,101694,101742,HPB,4,1956-10-19 14:30:00,1956-10-20 14:30:00,NaN,1956,10,19,12,1956,10,20,12,3,9
6_3,28.32,1.67,84.5,0,1,0,0,115936,116104,HPB,4,1957-08-12 07:30:00,1957-08-15 19:30:00,NaN,1957,8,12,6,1957,8,15,18,2,7
7_3,109.04,5.1,86,0,38.5,36,0,116146,116317,HPB,4,1957-08-16 16:30:00,1957-08-20 06:00:00,NaN,1957,8,16,18,1957,8,20,6,2,7
8_3,107.325,7.44,89,12.5,20.5,24,0,134001,134178,HPB,4,1958-08-23 16:00:00,1958-08-27 08:30:00,NaN,1958,8,23,18,1958,8,27,6,2,7
9_3,37.86,2.77,46.5,15,19.5,18,0,151332,151424,HPB,4,1959-08-19 17:30:00,1959-08-21 15:30:00,NaN,1959,8,19,18,1959,8,21,18,2,2
10_3,40.02,2.63,96,0,0,0,0,165009,165200,HPB,4,1960-05-30 16:00:00,1960-06-03 15:30:00,NaN,1960,5,30,18,1960,6,3,18,2,9
11_3,66.605,4.7,28,0,21.5,24,0,187315,187370,HPB,4,1961-09-07 09:00:00,1961-09-08 12:30:00,NaN,1961,9,7,12,1961,9,8,12,3,1
12_3,30.675,2.56,38,0,0,18,0,207169,207244,HPB,4,1962-10-26 00:00:00,1962-10-27 13:30:00,NaN,1962,10,26,0,1962,10,27,12,3,10
13_3,84.055,5.73,69,16.5,22,66,0,223654,223791,HPB,4,1963-10-04 10:30:00,1963-10-07 07:00:00,NaN,1963,10,4,12,1963,10,7,6,2,7
14_3,40.64,4.38,56.5,0,0,24,0,238767,238879,HPB,4,1964-08-14 07:00:00,1964-08-16 15:00:00,NaN,1964,8,14,6,1964,8,16,18,1,8
15_3,60.22,5.46,81,43.5,26.5,6,0,256424,256585,HPB,4,1965-08-17 03:30:00,1965-08-20 12:00:00,NaN,1965,8,17,6,1965,8,20,12,2,10
16_3,63.47,7.09,32,21,11,12,0,275173,275236,HPB,4,1966-09-11 18:00:00,1966-09-13 01:30:00,NaN,1966,9,11,18,1966,9,13,0,3,9
17_3,33.995,5.89,31.5,12.5,19,18,0,290486,290548,HPB,4,1967-07-27 18:30:00,1967-07-29 01:30:00,NaN,1967,7,27,18,1967,7,29,0,3,9
18_3,63.045,7.12,31,24.5,6.5,0,0,290908,290969,HPB,4,1967-08-05 13:30:00,1967-08-06 20:00:00,NaN,1967,8,5,12,1967,8,6,18,3,9
19_3,31.695,3.41,32,0,0,0,0,331531,331594,HPB,4,1969-11-28 21:00:00,1969-11-30 04:30:00,NaN,1969,11,29,0,1969,11,30,6,1,5
20_3,28.515,2.87,34.5,26,8.5,18,0,342723,342791,HPB,4,1970-07-20 01:00:00,1970-07-21 11:00:00,NaN,1970,7,20,0,1970,7,21,12,2,9
21_3,66.18,4.41,117,0,0,0,0,343086,343319,HPB,4,1970-07-27 14:30:00,1970-08-01 11:00:00,NaN,1970,7,27,12,1970,8,1,12,2,9
22_3,31.045,4.89,37,0,0,0,0,366315,366388,HPB,4,1971-11-23 13:00:00,1971-11-25 01:30:00,NaN,1971,11,23,12,1971,11,25,0,1,8
23_3,50.99,2.32,119.5,0,72,0,0,383363,383601,HPB,4,1972-11-12 17:00:00,1972-11-17 16:00:00,NaN,1972,11,12,18,1972,11,17,18,2,9
24_3,21.78,1.45,55.5,0,0,36,0,397076,397186,HPB,4,1973-08-25 09:30:00,1973-08-27 16:30:00,NaN,1973,8,25,12,1973,8,27,18,1,9
25_3,40.065,6.89,62.5,40.5,15.5,18,0,415642,415766,HPB,4,1974-09-16 04:30:00,1974-09-18 18:30:00,NaN,1974,9,16,6,1974,9,18,18,1,9
26_3,46.75,4.17,41,20.5,20.5,18,0,432065,432146,HPB,4,1975-08-24 08:00:00,1975-08-26 00:30:00,NaN,1975,8,24,6,1975,8,26,0,2,1
27_3,36.995,2.62,71.5,0,0,18,0,450918,451060,HPB,4,1976-09-20 02:30:00,1976-09-23 01:30:00,NaN,1976,9,20,0,1976,9,23,0,3,1
28_3,57.165,3.09,79.5,33.5,43.5,18,0,469380,469538,HPB,4,1977-10-09 17:30:00,1977-10-13 00:30:00,NaN,1977,10,9,18,1977,10,13,0,2,6
29_3,55.555,3.51,65,13,41,12,0,484267,484396,HPB,4,1978-08-15 21:00:00,1978-08-18 13:30:00,NaN,1978,8,16,0,1978,8,18,12,2,7
30_3,64.705,1.47,139,0,0,90,0,484668,484945,HPB,4,1978-08-24 05:30:00,1978-08-30 00:00:00,NaN,1978,8,24,6,1978,8,30,0,2,7
31_3,27.355,4.94,30.5,0,0,12,0,502549,502609,HPB,4,1979-08-31 18:00:00,1979-09-02 00:00:00,NaN,1979,8,31,18,1979,9,2,0,1,7
32_3,36.205,4.65,34.5,12,17.5,6,0,516184,516252,HPB,4,1980-06-10 19:30:00,1980-06-12 05:30:00,NaN,1980,6,10,18,1980,6,12,6,1,2
33_3,21.59,1.86,56.5,0,0,18,0,539913,540025,HPB,4,1981-10-18 04:00:00,1981-10-20 12:00:00,NaN,1981,10,18,6,1981,10,20,12,1,2
34_3,26.875,4,17.5,0,0,12,0,540233,540267,HPB,4,1981-10-24 20:00:00,1981-10-25 13:00:00,NaN,1981,10,24,18,1981,10,25,12,1,2
35_3,40.35,2.58,38.5,5.5,21.5,12,0,555596,555672,HPB,4,1982-09-09 21:30:00,1982-09-11 11:30:00,NaN,1982,9,10,0,1982,9,11,12,2,9
36_3,22.315,3.22,18,0,0,0,0,576021,576056,HPB,4,1983-11-09 10:00:00,1983-11-10 03:30:00,NaN,1983,11,9,12,1983,11,10,6,1,6
37_3,32.54,3.42,94,3.5,54,36,0,605695,605882,HPB,4,1985-07-19 15:00:00,1985-07-23 12:30:00,NaN,1985,7,19,18,1985,7,23,12,1,6
38_3,25.35,1.53,37,24,13,0,0,626328,626401,HPB,4,1986-09-22 11:30:00,1986-09-24 00:00:00,NaN,1986,9,22,12,1986,9,24,0,2,9
39_3,30.365,3.09,33.5,0,0,18,0,626565,626631,HPB,4,1986-09-27 10:00:00,1986-09-28 19:00:00,NaN,1986,9,27,12,1986,9,28,18,2,9
40_3,26.77,3.15,76.5,0,0,24,0,644883,645035,HPB,4,1987-10-14 01:00:00,1987-10-17 05:00:00,NaN,1987,10,14,0,1987,10,17,6,2,8
41_3,99.645,4.09,139.5,0,0,18,0,645275,645553,HPB,4,1987-10-22 05:00:00,1987-10-28 00:00:00,NaN,1987,10,22,6,1987,10,28,0,2,8
42_3,51.795,3.39,105.5,0,0,84,0,657503,657713,HPB,4,1988-07-02 23:00:00,1988-07-07 08:00:00,NaN,1988,7,3,0,1988,7,7,6,2,6
43_3,42.25,2.27,105.5,0,0,12,0,677879,678089,HPB,4,1989-08-31 11:00:00,1989-09-04 20:00:00,NaN,1989,8,31,12,1989,9,4,18,2,9
44_3,31.595,3.57,46,14.5,24.5,0,0,696544,696635,HPB,4,1990-09-24 07:30:00,1990-09-26 05:00:00,NaN,1990,9,24,6,1990,9,26,6,1,9
45_3,68.1,6.37,74,24,31.5,12,0,710488,710635,HPB,4,1991-07-11 19:30:00,1991-07-14 21:00:00,NaN,1991,7,11,18,1991,7,15,0,3,6
46_3,62.575,1.92,95,0,0,0,0,733936,734125,HPB,4,1992-11-11 07:30:00,1992-11-15 06:00:00,NaN,1992,11,11,6,1992,11,15,6,2,8
47_3,27.21,1.56,63.5,0,7.5,0,0,750307,750433,HPB,4,1993-10-18 09:00:00,1993-10-21 00:00:00,NaN,1993,10,18,12,1993,10,21,0,3,10
48_3,40.925,5.28,42.5,0,0,12,0,766273,766357,HPB,4,1994-09-16 00:00:00,1994-09-17 18:00:00,NaN,1994,9,16,0,1994,9,17,18,1,8
49_3,49.04,5.43,45,0,0,18,0,800470,800559,HPB,4,1996-08-28 10:30:00,1996-08-30 07:00:00,NaN,1996,8,28,12,1996,8,30,6,1,1
50_3,61.885,2.89,90.5,0,31.5,30,0,800609,800789,HPB,4,1996-08-31 08:00:00,1996-09-04 02:00:00,NaN,1996,8,31,6,1996,9,4,0,1,1
51_3,51.195,1.9,79,0,51.5,0,0,815513,815670,HPB,4,1997-07-07 20:00:00,1997-07-11 02:30:00,NaN,1997,7,7,18,1997,7,11,0,2,5
52_3,37.41,1.62,71,0,0,0,0,832081,832222,HPB,4,1998-06-18 00:00:00,1998-06-20 22:30:00,NaN,1998,6,18,0,1998,6,21,0,2,5
53_3,27.08,3.94,21.5,0,0,0,0,853130,853172,HPB,4,1999-08-30 12:30:00,1999-08-31 09:30:00,NaN,1999,8,30,12,1999,8,31,12,3,10
54_3,46.92,3.97,38,0,0,0,0,853447,853522,HPB,4,1999-09-06 03:00:00,1999-09-07 16:30:00,NaN,1999,9,6,6,1999,9,7,18,3,10
55_3,130.515,7.29,82,23.5,28,72,0,870810,870973,HPB,4,2000-09-01 20:30:00,2000-09-05 06:00:00,NaN,2000,9,1,18,2000,9,5,6,2,6
56_3,26.76,2.43,53,0,0,24,0,889689,889794,HPB,4,2001-09-30 04:00:00,2001-10-02 08:30:00,NaN,2001,9,30,6,2001,10,2,6,3,5
57_3,30.45,3.1,49.5,29.5,20,12,0,904375,904473,HPB,4,2002-08-02 03:00:00,2002-08-04 04:00:00,NaN,2002,8,2,6,2002,8,4,6,3,1
58_3,94.105,3.62,128,0,34,36,0,939760,940015,HPB,4,2004-08-08 07:30:00,2004-08-13 15:00:00,NaN,2004,8,8,6,2004,8,13,18,2,5
59_3,24.175,2.51,33.5,14.5,15,6,0,958759,958825,HPB,4,2005-09-08 03:00:00,2005-09-09 12:00:00,NaN,2005,9,8,6,2005,9,9,12,3,6
60_3,26.995,7.94,41,15,22,6,0,976494,976575,HPB,4,2006-09-12 14:30:00,2006-09-14 07:00:00,NaN,2006,9,12,12,2006,9,14,6,1,2
61_3,53.375,4.34,105.5,43.5,62,12,0,994594,994804,HPB,4,2007-09-24 16:30:00,2007-09-29 01:30:00,NaN,2007,9,24,18,2007,9,29,0,2,9
62_3,22.45,2.01,28,0,0,0,0,1012897,1012952,HPB,4,2008-10-10 00:00:00,2008-10-11 03:30:00,NaN,2008,10,10,0,2008,10,11,6,2,2
63_3,24.21,4.18,42.5,0,0,12,0,1013258,1013342,HPB,4,2008-10-17 12:30:00,2008-10-19 06:30:00,NaN,2008,10,17,12,2008,10,19,6,2,2
64_3,39.35,5.1,36,0,0,12,0,1027342,1027413,HPB,4,2009-08-06 22:30:00,2009-08-08 10:00:00,NaN,2009,8,7,0,2009,8,8,12,2,6
65_3,52.88,4.31,32.5,7,25.5,12,0,1027446,1027510,HPB,4,2009-08-09 02:30:00,2009-08-10 10:30:00,NaN,2009,8,9,0,2009,8,10,12,2,6
66_3,25.945,7.05,41.5,0,0,24,0,1044194,1044276,HPB,4,2010-07-24 00:30:00,2010-07-25 17:30:00,NaN,2010,7,24,0,2010,7,25,18,1,6
67_3,33.37,7.5,21.5,0,0,12,0,1044391,1044433,HPB,4,2010-07-28 03:00:00,2010-07-29 00:00:00,NaN,2010,7,28,6,2010,7,29,0,1,6
1_4,49.465,5.56,31,17,14,0,0,11364,11425,HPB,5,1951-08-25 17:30:00,1951-08-27 00:00:00,NaN,1951,8,25,18,1951,8,27,0,2,1
2_4,78.45,4.02,53.5,0,15,24,0,11811,11917,HPB,5,1951-09-04 01:00:00,1951-09-06 06:00:00,NaN,1951,9,4,0,1951,9,6,6,2,1
3_4,44.41,3.19,68,50,18,12,0,27655,27790,HPB,5,1952-07-30 03:00:00,1952-08-01 22:30:00,NaN,1952,7,30,6,1952,8,2,0,2,9
4_4,57.36,5.23,35,23,11.5,18,0,46901,46970,HPB,5,1953-09-04 02:00:00,1953-09-05 12:30:00,NaN,1953,9,4,0,1953,9,5,12,3,6
5_4,67.67,5.77,84.5,22,31.5,54,0,63853,64021,HPB,5,1954-08-23 06:00:00,1954-08-26 18:00:00,NaN,1954,8,23,6,1954,8,26,18,3,7
6_4,74.31,5.07,59,15,25.5,24,0,82385,82502,HPB,5,1955-09-13 08:00:00,1955-09-15 18:30:00,NaN,1955,9,13,6,1955,9,15,18,2,2
7_4,52.915,7.28,80,40,39.5,42,0,101192,101351,HPB,5,1956-10-09 03:30:00,1956-10-12 11:00:00,NaN,1956,10,9,6,1956,10,12,12,1,7
8_4,20.09,2.19,61.5,0,0,0,0,120242,120364,HPB,5,1957-11-10 00:30:00,1957-11-12 13:30:00,NaN,1957,11,10,0,1957,11,12,12,1,8
9_4,34.055,4.27,121,0,0,0,0,120720,120961,HPB,5,1957-11-19 23:30:00,1957-11-25 00:00:00,NaN,1957,11,20,0,1957,11,25,0,1,8
10_4,23.35,1.78,37.5,0,0,30,0,135833,135907,HPB,5,1958-09-30 20:00:00,1958-10-02 09:00:00,NaN,1958,9,30,18,1958,10,2,12,3,6
11_4,44,3.44,38.5,0,0,0,0,136078,136154,HPB,5,1958-10-05 22:30:00,1958-10-07 12:30:00,NaN,1958,10,6,0,1958,10,7,12,3,6
12_4,27.555,3.18,21,0,0,12,0,151396,151437,HPB,5,1959-08-21 01:30:00,1959-08-21 22:00:00,NaN,1959,8,21,0,1959,8,22,0,1,6
13_4,29,2.12,68,0,0,0,0,169999,170134,HPB,5,1960-09-11 15:00:00,1960-09-14 10:30:00,NaN,1960,9,11,18,1960,9,14,12,3,6
14_4,29.27,5.22,39.5,0,0,18,0,189807,189885,HPB,5,1961-10-29 07:00:00,1961-10-30 22:00:00,NaN,1961,10,29,6,1961,10,31,0,1,2
15_4,36.96,2.78,108.5,0,0,6,0,206779,206995,HPB,5,1962-10-17 21:00:00,1962-10-22 09:00:00,NaN,1962,10,18,0,1962,10,22,12,2,9
16_4,58.545,2.47,98,0,0,0,0,207104,207299,HPB,5,1962-10-24 15:30:00,1962-10-28 17:00:00,NaN,1962,10,24,18,1962,10,28,18,2,9
17_4,40.96,3.24,52,15,23.5,0,0,223228,223331,HPB,5,1963-09-25 13:30:00,1963-09-27 17:00:00,NaN,1963,9,25,12,1963,9,27,18,2,5
18_4,28.285,2.41,36.5,0,0,0,0,242622,242694,HPB,5,1964-11-02 14:30:00,1964-11-04 02:30:00,NaN,1964,11,2,12,1964,11,4,0,3,6
19_4,118.555,9.24,94,0,44.5,18,0,257918,258105,HPB,5,1965-09-17 06:30:00,1965-09-21 04:00:00,NaN,1965,9,17,6,1965,9,21,6,3,6
20_4,23.445,1.73,42,0,0,30,0,272318,272401,HPB,5,1966-07-14 06:30:00,1966-07-16 00:00:00,NaN,1966,7,14,6,1966,7,16,0,3,8
21_4,62,5.48,40.5,28,12.5,0,0,289425,289505,HPB,5,1967-07-05 16:00:00,1967-07-07 08:00:00,NaN,1967,7,5,18,1967,7,7,6,3,6
22_4,25.06,1.95,83,0,0,0,0,313080,313245,HPB,5,1968-11-09 11:30:00,1968-11-12 22:00:00,NaN,1968,11,9,12,1968,11,13,0,2,8
23_4,53.57,4.56,125.5,0,42,0,0,313335,313585,HPB,5,1968-11-14 19:00:00,1968-11-20 00:00:00,NaN,1968,11,14,18,1968,11,20,0,2,8
24_4,32.625,1.49,95.5,2,106.5,0,0,325573,325763,HPB,5,1969-07-27 18:00:00,1969-07-31 17:00:00,NaN,1969,7,27,18,1969,7,31,18,2,6
25_4,28.36,1.9,82.5,0,0,0,0,349010,349174,HPB,5,1970-11-28 00:30:00,1970-12-01 10:30:00,NaN,1970,11,28,0,1970,12,1,12,3,9
26_4,38.565,4.02,58.5,39.5,19,30,0,362293,362409,HPB,5,1971-08-31 18:00:00,1971-09-03 04:00:00,NaN,1971,8,31,18,1971,9,3,6,3,9
27_4,45.66,2.5,94,0,0,0,0,384148,384335,HPB,5,1972-11-29 01:30:00,1972-12-02 23:00:00,NaN,1972,11,29,0,1972,12,3,0,2,8
28_4,52.645,7.45,56.5,0,4.5,30,0,398993,399105,HPB,5,1973-10-04 08:00:00,1973-10-06 16:00:00,NaN,1973,10,4,6,1973,10,6,18,1,6
29_4,59.74,5.93,30,0,0,18,0,414794,414853,HPB,5,1974-08-29 12:30:00,1974-08-30 18:00:00,NaN,1974,8,29,12,1974,8,30,18,3,5
30_4,53.59,7.61,27,0,0,24,0,415050,415103,HPB,5,1974-09-03 20:30:00,1974-09-04 23:00:00,NaN,1974,9,3,18,1974,9,5,0,3,5
31_4,52.33,3.25,111.5,0,0,0,0,429277,429499,HPB,5,1975-06-27 06:00:00,1975-07-01 21:00:00,NaN,1975,6,27,6,1975,7,2,0,2,8
32_4,30.13,3.59,50,31,19,18,0,450274,450373,HPB,5,1976-09-06 16:30:00,1976-09-08 18:00:00,NaN,1976,9,6,18,1976,9,8,18,1,2
33_4,25.55,0.92,86,0,21,0,0,468662,468833,HPB,5,1977-09-24 18:30:00,1977-09-28 08:00:00,NaN,1977,9,24,18,1977,9,28,6,2,8
34_4,39.335,6.75,40,0,0,0,0,485963,486042,HPB,5,1978-09-20 05:00:00,1978-09-21 20:30:00,NaN,1978,9,20,6,1978,9,21,18,3,9
35_4,45.99,4.18,79.5,11,12,54,0,486352,486510,HPB,5,1978-09-28 07:30:00,1978-10-01 14:30:00,NaN,1978,9,28,6,1978,10,1,12,3,9
36_4,23.52,2.88,17.5,0,0,6,0,501398,501432,HPB,5,1979-08-07 18:30:00,1979-08-08 11:30:00,NaN,1979,8,7,18,1979,8,8,12,3,8
37_4,43.02,2.09,53.5,29.5,24,0,0,521752,521858,HPB,5,1980-10-04 19:30:00,1980-10-07 00:30:00,NaN,1980,10,4,18,1980,10,7,0,2,9
38_4,27.85,1.55,66.5,0,0,0,0,538348,538480,HPB,5,1981-09-15 13:30:00,1981-09-18 07:30:00,NaN,1981,9,15,12,1981,9,18,6,2,10
39_4,26.575,2.85,29.5,0,0,24,0,553215,553273,HPB,5,1982-07-22 07:00:00,1982-07-23 12:00:00,NaN,1982,7,22,6,1982,7,23,12,2,1
40_4,43.04,3.67,47,15,18.5,42,0,553286,553379,HPB,5,1982-07-23 18:30:00,1982-07-25 17:00:00,NaN,1982,7,23,18,1982,7,25,18,2,1
41_4,35.87,2.85,50,0,0,24,0,571383,571482,HPB,5,1983-08-04 19:00:00,1983-08-06 20:30:00,NaN,1983,8,4,18,1983,8,6,18,3,7
42_4,40.775,5.7,19.5,0,0,18,0,589855,589893,HPB,5,1984-08-23 15:00:00,1984-08-24 10:00:00,NaN,1984,8,23,18,1984,8,24,12,1,1
43_4,58.52,4.3,86.5,0,0,6,0,609187,609359,HPB,5,1985-09-30 09:00:00,1985-10-03 23:00:00,NaN,1985,9,30,12,1985,10,4,0,3,8
44_4,40.085,5.97,114,0,0,48,0,623342,623569,HPB,5,1986-07-22 06:30:00,1986-07-27 00:00:00,NaN,1986,7,22,6,1986,7,27,0,2,7
45_4,57.53,6.43,40,0,0,12,0,644423,644502,HPB,5,1987-10-04 11:00:00,1987-10-06 02:30:00,NaN,1987,10,4,12,1987,10,6,0,1,9
46_4,23.235,2.8,96.5,0,0,0,0,663650,663842,HPB,5,1988-11-08 00:30:00,1988-11-12 00:30:00,NaN,1988,11,8,0,1988,11,12,0,3,8
47_4,24.67,1.85,62.5,33.5,18.5,0,0,664146,664270,HPB,5,1988-11-18 08:30:00,1988-11-20 22:30:00,NaN,1988,11,18,6,1988,11,21,0,3,8
48_4,23.005,3.47,21,10.5,10.5,12,0,693137,693178,HPB,5,1990-07-15 08:00:00,1990-07-16 04:30:00,NaN,1990,7,15,6,1990,7,16,6,2,6
49_4,48.395,3.06,101.5,68.5,33,30,0,693526,693728,HPB,5,1990-07-23 10:30:00,1990-07-27 15:30:00,NaN,1990,7,23,12,1990,7,27,18,2,6
50_4,20.66,5.08,43.5,0,0,6,0,712760,712846,HPB,5,1991-08-28 03:30:00,1991-08-29 22:30:00,NaN,1991,8,28,6,1991,8,30,0,2,9
51_4,54.47,3.03,73,10.5,24,6,0,712896,713041,HPB,5,1991-08-30 23:30:00,1991-09-03 00:00:00,NaN,1991,8,31,0,1991,9,3,0,2,9
52_4,42.94,3.89,49,9,27,6,0,728594,728691,HPB,5,1992-07-23 00:30:00,1992-07-25 01:00:00,NaN,1992,7,23,0,1992,7,25,0,2,9
53_4,29.75,1.36,97,0,0,0,0,729046,729239,HPB,5,1992-08-01 10:30:00,1992-08-05 11:00:00,NaN,1992,8,1,12,1992,8,5,12,2,9
54_4,37.41,3.82,43,0,0,6,0,765487,765572,HPB,5,1994-08-30 15:00:00,1994-09-01 09:30:00,NaN,1994,8,30,18,1994,9,1,12,1,5
55_4,39.96,4.4,46,33.5,23,6,0,782113,782204,HPB,5,1995-08-12 00:00:00,1995-08-13 21:30:00,NaN,1995,8,12,0,1995,8,14,0,3,10
56_4,84.36,3.94,66,0,0,54,0,801141,801272,HPB,5,1996-09-11 10:00:00,1996-09-14 03:30:00,NaN,1996,9,11,12,1996,9,14,6,2,7
57_4,50.615,2.25,51,0,41,18,0,815395,815496,HPB,5,1997-07-05 09:00:00,1997-07-07 11:30:00,NaN,1997,7,5,12,1997,7,7,12,2,5
58_4,24.205,0.98,57,0,0,36,0,850623,850736,HPB,5,1999-07-09 07:00:00,1999-07-11 15:30:00,NaN,1999,7,9,6,1999,7,11,18,2,3
59_4,37.645,5.04,39,0,0,6,0,873223,873300,HPB,5,2000-10-22 03:00:00,2000-10-23 17:30:00,NaN,2000,10,22,6,2000,10,23,18,1,2
60_4,24.87,2.14,71,21.5,39,48,0,888373,888514,HPB,5,2001-09-02 18:00:00,2001-09-05 16:30:00,NaN,2001,9,2,18,2001,9,5,18,1,8
61_4,38.13,3,65,0,0,18,0,904368,904497,HPB,5,2002-08-01 23:30:00,2002-08-04 16:00:00,NaN,2002,8,2,0,2002,8,4,18,2,5
62_4,24.525,2.22,83.5,0,0,12,0,921314,921480,HPB,5,2003-07-21 00:30:00,2003-07-24 11:30:00,NaN,2003,7,21,0,2003,7,24,12,2,1
63_4,65.09,2.93,77,0,0,66,0,958294,958447,HPB,5,2005-08-29 10:30:00,2005-09-01 15:00:00,NaN,2005,8,29,12,2005,9,1,18,2,3
64_4,61.205,5.34,32.5,13,19.5,12,0,976587,976651,HPB,5,2006-09-14 13:00:00,2006-09-15 21:00:00,NaN,2006,9,14,12,2006,9,16,0,3,2
65_4,43.535,5.36,37.5,0,0,12,0,993355,993429,HPB,5,2007-08-29 21:00:00,2007-08-31 10:00:00,NaN,2007,8,30,0,2007,8,31,12,3,1
66_4,38.245,3.02,50.5,0,0,54,0,1008837,1008937,HPB,5,2008-07-17 10:00:00,2008-07-19 12:00:00,NaN,2008,7,17,12,2008,7,19,12,2,3
67_4,33.4,1.59,69.5,0,0,54,0,1009025,1009163,HPB,5,2008-07-21 08:00:00,2008-07-24 05:00:00,NaN,2008,7,21,6,2008,7,24,6,2,3
68_2,48.26,3.06,98,0,0,0,0,1032525,1032720,HPB,5,2009-11-22 22:00:00,2009-11-26 23:30:00,NaN,2009,11,23,0,2009,11,27,0,3,6
69_2,22.29,3.47,21,0,0,12,0,1048301,1048342,HPB,5,2010-10-17 14:00:00,2010-10-18 10:30:00,NaN,2010,10,17,12,2010,10,18,12,3,4
70_2,27.515,2.44,54,0,0,30,0,1048752,1048859,HPB,5,2010-10-26 23:30:00,2010-10-29 05:00:00,NaN,2010,10,27,0,2010,10,29,6,3,4
1_5,65.995,2.82,97.5,6,43,0,0,11082,11276,HPB,6,1951-08-19 20:30:00,1951-08-23 21:30:00,NaN,1951,8,19,18,1951,8,24,0,2,3
2_5,27.375,3.92,24,0,0,0,0,28014,28061,HPB,6,1952-08-06 14:30:00,1952-08-07 14:00:00,NaN,1952,8,6,12,1952,8,7,12,1,6
3_5,63.925,3.04,80.5,0,0,42,0,47641,47801,HPB,6,1953-09-19 12:00:00,1953-09-22 20:00:00,NaN,1953,9,19,12,1953,9,22,18,2,9
4_5,20.27,1.56,46.5,10.5,25,18,0,61298,61390,HPB,6,1954-07-01 00:30:00,1954-07-02 22:30:00,NaN,1954,7,1,0,1954,7,3,0,2,5
5_5,59.19,3.57,57.5,0,0,36,0,61815,61929,HPB,6,1954-07-11 19:00:00,1954-07-14 04:00:00,NaN,1954,7,11,18,1954,7,14,6,2,5
6_5,43.295,7.25,50.5,0,0,0,0,82041,82141,HPB,6,1955-09-06 04:00:00,1955-09-08 06:00:00,NaN,1955,9,6,6,1955,9,8,6,1,8
7_5,26.065,3.52,23,0,0,0,0,113732,113777,HPB,6,1957-06-27 09:30:00,1957-06-28 08:00:00,NaN,1957,6,27,12,1957,6,28,6,1,6
8_5,27.17,4.1,43.5,0,0,12,0,136669,136755,HPB,6,1958-10-18 06:00:00,1958-10-20 01:00:00,NaN,1958,10,18,6,1958,10,20,0,1,9
9_5,44.23,1.93,64,0,64,12,0,152092,152219,HPB,6,1959-09-04 13:30:00,1959-09-07 05:00:00,NaN,1959,9,4,12,1959,9,7,6,2,6
10_5,70.115,4.95,59.5,0,40,18,0,186856,186974,HPB,6,1961-08-28 19:30:00,1961-08-31 06:30:00,NaN,1961,8,28,18,1961,8,31,6,3,8
11_5,51.105,5.03,38.5,30.5,8,18,0,187333,187409,HPB,6,1961-09-07 18:00:00,1961-09-09 08:00:00,NaN,1961,9,7,18,1961,9,9,6,3,8
12_5,31.14,2.44,87,0,38.5,0,0,205154,205327,HPB,6,1962-09-14 00:30:00,1962-09-17 15:00:00,NaN,1962,9,14,0,1962,9,17,18,2,8
13_5,49.525,1.62,83.5,0,0,30,0,205398,205564,HPB,6,1962-09-19 02:30:00,1962-09-22 13:30:00,NaN,1962,9,19,0,1962,9,22,12,2,8
14_5,61.55,1.9,105.5,0,0,66,0,219843,220053,HPB,6,1963-07-17 01:00:00,1963-07-21 10:00:00,NaN,1963,7,17,0,1963,7,21,12,2,8
15_5,46.59,4.99,41,12,29,12,0,239931,240012,HPB,6,1964-09-07 13:00:00,1964-09-09 05:30:00,NaN,1964,9,7,12,1964,9,9,6,2,6
16_5,32.87,2.28,120,0,0,0,0,261122,261361,HPB,6,1965-11-23 00:30:00,1965-11-28 00:00:00,NaN,1965,11,23,0,1965,11,28,0,2,9
17_5,69.315,3.72,115,21.5,129,12,0,273564,273793,HPB,6,1966-08-09 05:30:00,1966-08-14 00:00:00,NaN,1966,8,9,6,1966,8,14,0,2,1
18_5,41.15,2.47,60.5,0,0,42,0,292464,292584,HPB,6,1967-09-06 23:30:00,1967-09-09 11:30:00,NaN,1967,9,7,0,1967,9,9,12,1,8
19_5,37.34,2.98,45,0,28,54,0,292634,292723,HPB,6,1967-09-10 12:30:00,1967-09-12 09:00:00,NaN,1967,9,10,12,1967,9,12,12,1,8
20_5,50.695,7.52,29,17,12,0,0,292905,292962,HPB,6,1967-09-16 04:00:00,1967-09-17 08:30:00,NaN,1967,9,16,6,1967,9,17,6,1,8
21_5,34.945,3.87,56.5,12,24,36,0,310166,310278,HPB,6,1968-09-09 18:30:00,1968-09-12 02:30:00,NaN,1968,9,9,18,1968,9,12,0,2,6
22_5,23.455,1.87,120.5,0,0,36,0,325997,326237,HPB,6,1969-08-05 14:00:00,1969-08-10 14:00:00,NaN,1969,8,5,12,1969,8,10,12,1,5
23_5,65.125,7.3,94.5,0,0,12,0,326265,326453,HPB,6,1969-08-11 04:00:00,1969-08-15 02:00:00,NaN,1969,8,11,6,1969,8,15,0,1,5
24_5,24.475,2.62,76,0,0,0,0,348282,348433,HPB,6,1970-11-12 20:30:00,1970-11-16 00:00:00,NaN,1970,11,12,18,1970,11,16,0,1,5
25_5,33.905,4.95,33,0,0,0,0,362052,362117,HPB,6,1971-08-26 17:30:00,1971-08-28 02:00:00,NaN,1971,8,26,18,1971,8,28,0,1,8
26_5,28.165,2.62,46,0,0,30,0,379096,379187,HPB,6,1972-08-15 19:30:00,1972-08-17 17:00:00,NaN,1972,8,15,18,1972,8,17,18,3,2
27_5,22.29,1.49,45,0,0,42,0,395271,395360,HPB,6,1973-07-18 19:00:00,1973-07-20 15:30:00,NaN,1973,7,18,18,1973,7,20,18,2,8
28_5,52.71,3.13,46,0,0,6,0,412639,412730,HPB,6,1974-07-15 15:00:00,1974-07-17 12:30:00,NaN,1974,7,15,18,1974,7,17,12,2,8
29_5,27.33,2.54,21.5,0,0,18,0,432662,432704,HPB,6,1975-09-05 18:30:00,1975-09-06 15:30:00,NaN,1975,9,5,18,1975,9,6,18,3,8
30_5,42.725,3.39,40.5,30,10.5,0,0,433187,433267,HPB,6,1975-09-16 17:00:00,1975-09-18 09:00:00,NaN,1975,9,16,18,1975,9,18,12,3,8
31_5,63.45,2.78,89,13,35,42,0,451011,451188,HPB,6,1976-09-22 01:00:00,1976-09-25 17:30:00,NaN,1976,9,22,0,1976,9,25,18,2,2
32_5,37.885,3.9,40.5,0,0,12,0,469133,469213,HPB,6,1977-10-04 14:00:00,1977-10-06 06:00:00,NaN,1977,10,4,12,1977,10,6,6,3,5
33_5,20.12,3.21,20.5,0,0,12,0,483167,483207,HPB,6,1978-07-23 23:00:00,1978-07-24 19:00:00,NaN,1978,7,24,0,1978,7,24,18,3,8
34_5,70.625,5.16,98.5,0,0,66,0,483379,483575,HPB,6,1978-07-28 09:00:00,1978-08-01 11:00:00,NaN,1978,7,28,12,1978,8,1,12,3,8
35_5,40.32,6.72,62,8,27,24,0,501771,501894,HPB,6,1979-08-15 13:00:00,1979-08-18 02:30:00,NaN,1979,8,15,12,1979,8,18,0,3,5
36_5,25.7,1.34,41,0,0,6,0,522432,522513,HPB,6,1980-10-18 23:30:00,1980-10-20 16:00:00,NaN,1980,10,19,0,1980,10,20,18,2,8
37_5,52.275,3.06,109.5,24.5,85,6,0,522791,523009,HPB,6,1980-10-26 11:00:00,1980-10-31 00:00:00,NaN,1980,10,26,12,1980,10,31,0,2,8
38_5,36.945,4.89,31,0,0,6,0,536073,536134,HPB,6,1981-07-30 04:00:00,1981-07-31 10:30:00,NaN,1981,7,30,6,1981,7,31,12,1,10
39_5,38.84,3.2,51,37.5,6,0,0,553499,553600,HPB,6,1982-07-28 05:00:00,1982-07-30 07:30:00,NaN,1982,7,28,6,1982,7,30,6,3,10
40_5,98.89,5.87,84,0,26.5,18,0,572340,572507,HPB,6,1983-08-24 17:30:00,1983-08-28 05:00:00,NaN,1983,8,24,18,1983,8,28,6,2,2
41_5,24.42,2.4,27,18.5,8.5,12,0,591026,591079,HPB,6,1984-09-17 00:30:00,1984-09-18 03:00:00,NaN,1984,9,17,0,1984,9,18,6,3,9
42_5,51.87,3.97,60.5,0,0,0,0,591518,591638,HPB,6,1984-09-27 06:30:00,1984-09-29 18:30:00,NaN,1984,9,27,6,1984,9,29,18,3,9
43_5,100.28,5.32,99,38,69.5,30,0,625048,625245,HPB,6,1986-08-26 19:30:00,1986-08-30 22:00:00,NaN,1986,8,26,18,1986,8,31,0,2,9
44_5,43.205,1.67,86.5,0,0,0,0,638378,638550,HPB,6,1987-05-31 12:30:00,1987-06-04 02:30:00,NaN,1987,5,31,12,1987,6,4,0,2,9
45_5,20.945,2.28,46.5,0,0,36,0,657135,657227,HPB,6,1988-06-25 07:00:00,1988-06-27 05:00:00,NaN,1988,6,25,6,1988,6,27,6,2,4
46_5,41.42,2.33,108,0,0,30,0,676586,676801,HPB,6,1989-08-04 12:30:00,1989-08-09 00:00:00,NaN,1989,8,4,12,1989,8,9,0,2,3
47_5,50.435,3.55,112.5,23.5,75.5,0,0,692705,692929,HPB,6,1990-07-06 08:00:00,1990-07-11 00:00:00,NaN,1990,7,6,6,1990,7,11,0,2,5
48_5,48.14,3.51,45,0,0,18,0,711940,712029,HPB,6,1991-08-11 01:30:00,1991-08-12 22:00:00,NaN,1991,8,11,0,1991,8,13,0,2,8
49_5,24.31,4.38,63.5,0,0,0,0,751654,751780,HPB,6,1993-11-15 10:30:00,1993-11-18 01:30:00,NaN,1993,11,15,12,1993,11,18,0,1,9
50_5,57.845,2.67,48,0,0,18,0,765962,766057,HPB,6,1994-09-09 12:30:00,1994-09-11 12:00:00,NaN,1994,9,9,12,1994,9,11,12,2,7
51_5,21.055,3.17,15,0,0,12,0,782839,782868,HPB,6,1995-08-27 03:00:00,1995-08-27 17:30:00,NaN,1995,8,27,6,1995,8,27,18,2,8
52_5,47.68,4.79,39,0,0,0,0,797734,797811,HPB,6,1996-07-02 10:30:00,1996-07-04 01:00:00,NaN,1996,7,2,12,1996,7,4,0,3,6
53_5,23.065,3.03,53,0,0,30,0,817418,817523,HPB,6,1997-08-16 12:30:00,1997-08-18 17:00:00,NaN,1997,8,16,12,1997,8,18,18,2,8
54_5,46.875,4.66,48.5,0,0,54,0,817537,817633,HPB,6,1997-08-19 00:00:00,1997-08-21 00:00:00,NaN,1997,8,19,0,1997,8,21,0,2,8
55_5,52.75,3.86,103,0,0,6,0,834566,834771,HPB,6,1998-08-08 18:30:00,1998-08-13 01:00:00,NaN,1998,8,8,18,1998,8,13,0,2,8
56_5,81.62,5.66,39,0,0,24,0,869967,870044,HPB,6,2000-08-15 07:00:00,2000-08-16 21:30:00,NaN,2000,8,15,6,2000,8,17,0,3,6
57_5,34.23,1.61,70.5,0,36,36,0,888825,888965,HPB,6,2001-09-12 04:00:00,2001-09-15 02:00:00,NaN,2001,9,12,6,2001,9,15,0,2,3
58_5,33.05,6.14,17.5,0,0,18,0,905255,905289,HPB,6,2002-08-20 11:00:00,2002-08-21 04:00:00,NaN,2002,8,20,12,2002,8,21,6,1,8
59_5,28.67,2.81,40,0,0,36,0,922118,922197,HPB,6,2003-08-06 18:30:00,2003-08-08 10:00:00,NaN,2003,8,6,18,2003,8,8,12,3,7
60_5,28.575,1.44,128.5,0,0,0,0,944145,944401,HPB,6,2004-11-07 16:00:00,2004-11-13 00:00:00,NaN,2004,11,7,18,2004,11,13,0,3,4
61_5,40.145,7.1,47.5,0,0,0,0,954571,954665,HPB,6,2005-06-12 21:00:00,2005-06-14 20:00:00,NaN,2005,6,13,0,2005,6,14,18,1,8
62_5,54.97,8.64,22,0,0,12,0,975869,975912,HPB,6,2006-08-30 14:00:00,2006-08-31 11:30:00,NaN,2006,8,30,12,2006,8,31,12,3,8
63_5,75.07,7.16,61,39.5,21.5,24,0,976065,976186,HPB,6,2006-09-03 16:00:00,2006-09-06 04:30:00,NaN,2006,9,3,18,2006,9,6,6,3,8
64_5,27.77,2.87,51.5,0,36.5,24,0,993095,993197,HPB,6,2007-08-24 11:00:00,2007-08-26 14:00:00,NaN,2007,8,24,12,2007,8,26,12,3,5
65_5,56.02,4.54,76,0,17.5,12,0,993307,993458,HPB,6,2007-08-28 21:00:00,2007-09-01 00:30:00,NaN,2007,8,29,0,2007,9,1,0,3,5
66_5,97.05,3.8,162.5,0,0,0,0,1007005,1007329,HPB,6,2008-06-09 06:00:00,2008-06-16 00:00:00,NaN,2008,6,9,6,2008,6,16,0,2,10
67_5,36.665,3.54,48,0,30.5,18,0,1027678,1027773,HPB,6,2009-08-13 22:30:00,2009-08-15 22:00:00,NaN,2009,8,14,0,2009,8,16,0,2,6
68_3,26.71,3.62,22,0,0,12,0,1047582,1047625,HPB,6,2010-10-02 14:30:00,2010-10-03 12:00:00,NaN,2010,10,2,12,2010,10,3,12,1,8
1_6,59.24,3.02,120,41.5,30.5,0,0,9506,9745,HPB,7,1951-07-18 00:30:00,1951-07-23 00:00:00,NaN,1951,7,18,0,1951,7,23,0,2,9
2_6,61.155,3.34,80,0,0,42,0,46322,46481,HPB,7,1953-08-23 00:30:00,1953-08-26 08:00:00,NaN,1953,8,23,0,1953,8,26,6,2,10
3_6,54.61,2.24,54.5,0,54.5,6,0,46845,46953,HPB,7,1953-09-02 22:00:00,1953-09-05 04:00:00,NaN,1953,9,3,0,1953,9,5,6,2,10
4_6,88.165,7.29,37.5,7,24,6,0,63036,63110,HPB,7,1954-08-06 05:30:00,1954-08-07 18:30:00,NaN,1954,8,6,6,1954,8,7,18,2,1
5_6,44.635,3.45,105.5,0,0,12,0,80981,81191,HPB,7,1955-08-15 02:00:00,1955-08-19 11:00:00,NaN,1955,8,15,0,1955,8,19,12,2,8
6_6,72.13,4.87,155,0,0,66,0,81227,81536,HPB,7,1955-08-20 05:00:00,1955-08-26 15:30:00,NaN,1955,8,20,6,1955,8,26,18,2,8
7_6,36.49,3.35,78.5,0,0,0,0,102514,102670,HPB,7,1956-11-05 16:30:00,1956-11-08 22:30:00,NaN,1956,11,5,18,1956,11,9,0,3,2
8_6,41.83,3.88,46.5,0,0,0,0,116555,116647,HPB,7,1957-08-25 05:00:00,1957-08-27 03:00:00,NaN,1957,8,25,6,1957,8,27,6,3,5
9_6,44.61,3.84,83,21.5,51,0,0,136478,136643,HPB,7,1958-10-14 06:30:00,1958-10-17 17:00:00,NaN,1958,10,14,6,1958,10,17,18,3,8
10_6,55.49,3.13,116.5,109,7.5,54,0,153993,154225,HPB,7,1959-10-14 04:00:00,1959-10-19 00:00:00,NaN,1959,10,14,6,1959,10,19,0,2,8
11_6,29.145,3.87,20.5,0,0,18,0,169187,169227,HPB,7,1960-08-25 17:00:00,1960-08-26 13:00:00,NaN,1960,8,25,18,1960,8,26,12,1,7
12_6,26.695,2.98,23.5,0,0,30,0,185965,186011,HPB,7,1961-08-10 06:00:00,1961-08-11 05:00:00,NaN,1961,8,10,6,1961,8,11,6,2,7
13_6,67.17,4.21,48.5,0,38,54,0,186050,186146,HPB,7,1961-08-12 00:30:00,1961-08-14 00:30:00,NaN,1961,8,12,0,1961,8,14,0,2,7
14_6,46.535,2.45,108,0,0,0,0,202518,202733,HPB,7,1962-07-21 02:30:00,1962-07-25 14:00:00,NaN,1962,7,21,0,1962,7,25,12,3,7
15_6,52.805,4.16,82.5,13,61,6,0,202834,202998,HPB,7,1962-07-27 16:30:00,1962-07-31 02:30:00,NaN,1962,7,27,18,1962,7,31,0,3,7
16_6,71.95,8.94,53.5,24.5,29,0,0,220844,220950,HPB,7,1963-08-06 21:30:00,1963-08-09 02:30:00,NaN,1963,8,7,0,1963,8,9,0,1,8
17_6,29.74,3.08,27,0,5,0,0,241348,241401,HPB,7,1964-10-07 01:30:00,1964-10-08 04:00:00,NaN,1964,10,7,0,1964,10,8,6,3,9
18_6,48.465,2.72,81,0.5,39.5,24,0,255542,255703,HPB,7,1965-07-29 18:30:00,1965-08-02 03:00:00,NaN,1965,7,29,18,1965,8,2,6,2,8
19_6,22.31,1.86,73.5,0,9,18,0,274354,274500,HPB,7,1966-08-25 16:30:00,1966-08-28 17:30:00,NaN,1966,8,25,18,1966,8,28,18,2,6
20_6,69.39,5.29,66,11.5,26.5,60,0,274766,274897,HPB,7,1966-09-03 06:30:00,1966-09-06 00:00:00,NaN,1966,9,3,6,1966,9,6,0,2,6
21_6,65.9,10.05,114.5,20,73,72,0,291277,291505,HPB,7,1967-08-13 06:00:00,1967-08-18 00:00:00,NaN,1967,8,13,6,1967,8,18,0,1,5
22_6,50.07,3.93,40,0,0,0,0,311529,311608,HPB,7,1968-10-08 04:00:00,1968-10-09 19:30:00,NaN,1968,10,8,6,1968,10,9,18,3,6
23_6,25.32,2.46,88.5,0,0,0,0,331383,331559,HPB,7,1969-11-25 19:00:00,1969-11-29 11:00:00,NaN,1969,11,25,18,1969,11,29,12,3,8
24_6,37.13,2.41,51.5,0,0,18,0,345118,345220,HPB,7,1970-09-07 22:30:00,1970-09-10 01:30:00,NaN,1970,9,8,0,1970,9,10,0,2,2
25_6,71.37,4.71,105,40.5,53,78,0,345248,345457,HPB,7,1970-09-10 15:30:00,1970-09-15 00:00:00,NaN,1970,9,10,18,1970,9,15,0,2,2
26_6,46.05,3.36,81,0,0,30,0,363252,363413,HPB,7,1971-09-20 17:30:00,1971-09-24 02:00:00,NaN,1971,9,20,18,1971,9,24,0,3,8
27_6,60.075,7.63,97,0,44.5,18,0,380816,381009,HPB,7,1972-09-20 15:30:00,1972-09-24 16:00:00,NaN,1972,9,20,18,1972,9,24,18,1,5
28_6,35.065,2.11,84,0,0,0,0,400864,401031,HPB,7,1973-11-12 07:30:00,1973-11-15 19:00:00,NaN,1973,11,12,6,1973,11,15,18,2,9
29_6,32.645,1.83,52.5,0,0,0,0,434993,435097,HPB,7,1975-10-24 08:00:00,1975-10-26 12:00:00,NaN,1975,10,24,6,1975,10,26,12,2,9
30_6,32.915,1.92,69.5,0,0,18,0,448148,448286,HPB,7,1976-07-24 09:30:00,1976-07-27 06:30:00,NaN,1976,7,24,12,1976,7,27,6,2,1
31_6,66.61,4.51,74.5,0,0,6,0,468892,469040,HPB,7,1977-09-29 13:30:00,1977-10-02 15:30:00,NaN,1977,9,29,12,1977,10,2,18,3,9
32_6,27.5,3.31,30,0,0,6,0,485786,485845,HPB,7,1978-09-16 12:30:00,1978-09-17 18:00:00,NaN,1978,9,16,12,1978,9,17,18,2,3
33_6,20.29,3.15,40.5,0,0,12,0,502498,502578,HPB,7,1979-08-30 16:30:00,1979-09-01 08:30:00,NaN,1979,8,30,18,1979,9,1,6,1,5
34_6,28.81,1.7,80,0,0,24,0,521892,522051,HPB,7,1980-10-07 17:30:00,1980-10-11 01:00:00,NaN,1980,10,7,18,1980,10,11,0,2,9
35_6,37.02,2.72,24.5,20.5,4,0,0,555679,555727,HPB,7,1982-09-11 15:00:00,1982-09-12 15:00:00,NaN,1982,9,11,18,1982,9,12,18,3,9
36_6,38.615,2.41,96,0,0,18,0,569687,569878,HPB,7,1983-06-30 11:00:00,1983-07-04 10:30:00,NaN,1983,6,30,12,1983,7,4,12,2,1
37_6,23.17,2.73,106.5,0,0,30,0,588722,588934,HPB,7,1984-07-31 00:30:00,1984-08-04 10:30:00,NaN,1984,7,31,0,1984,8,4,12,1,7
38_6,36.815,5.56,47.5,0,34.5,24,0,589297,589391,HPB,7,1984-08-12 00:00:00,1984-08-13 23:00:00,NaN,1984,8,12,0,1984,8,14,0,1,7
39_6,51.815,4.18,78.5,0,0,24,0,607214,607370,HPB,7,1985-08-20 06:30:00,1985-08-23 12:30:00,NaN,1985,8,20,6,1985,8,23,12,3,8
40_6,73.615,3.69,79.5,20.5,59,0,0,624845,625003,HPB,7,1986-08-22 14:00:00,1986-08-25 21:00:00,NaN,1986,8,22,12,1986,8,26,0,2,1
41_6,29.38,3.07,85.5,0,0,0,0,646964,647134,HPB,7,1987-11-26 09:30:00,1987-11-29 22:30:00,NaN,1987,11,26,12,1987,11,30,0,3,2
42_6,50.995,6.08,47,0,0,12,0,658548,658641,HPB,7,1988-07-24 17:30:00,1988-07-26 16:00:00,NaN,1988,7,24,18,1988,7,26,18,2,1
43_6,27.2,4.92,13.5,0,0,12,0,679615,679641,HPB,7,1989-10-06 15:00:00,1989-10-07 04:00:00,NaN,1989,10,6,18,1989,10,7,6,1,8
44_6,29.81,2.92,44.5,1.5,25,12,0,695897,695985,HPB,7,1990-09-10 20:00:00,1990-09-12 16:00:00,NaN,1990,9,10,18,1990,9,12,18,2,1
45_6,37.835,2.77,77.5,0,0,30,0,696199,696353,HPB,7,1990-09-17 03:00:00,1990-09-20 08:00:00,NaN,1990,9,17,6,1990,9,20,6,2,1
46_6,56.79,4.18,125,69.5,47.5,12,0,710477,710726,HPB,7,1991-07-11 14:00:00,1991-07-16 18:30:00,NaN,1991,7,11,12,1991,7,16,18,2,8
47_6,73.65,2.76,136,0,72.5,36,0,730885,731156,HPB,7,1992-09-08 18:00:00,1992-09-14 09:30:00,NaN,1992,9,8,18,1992,9,14,12,2,7
48_6,23.805,4.24,43,23,20,0,0,747487,747572,HPB,7,1993-08-20 15:00:00,1993-08-22 09:30:00,NaN,1993,8,20,18,1993,8,22,12,3,6
49_6,24.485,2.44,48,11,26,18,0,766358,766453,HPB,7,1994-09-17 18:30:00,1994-09-19 18:00:00,NaN,1994,9,17,18,1994,9,19,18,2,8
50_6,29.96,3.28,93,0,0,0,0,786730,786915,HPB,7,1995-11-16 04:30:00,1995-11-20 01:00:00,NaN,1995,11,16,6,1995,11,20,0,3,5
51_6,29.425,2.16,32,0,0,0,0,802853,802916,HPB,7,1996-10-17 02:00:00,1996-10-18 09:30:00,NaN,1996,10,17,0,1996,10,18,12,1,2
52_6,39.29,4.28,102.5,0,0,6,0,803269,803473,HPB,7,1996-10-25 18:00:00,1996-10-30 00:00:00,NaN,1996,10,25,18,1996,10,30,0,1,2
53_6,54.105,4.92,61.5,0,7,12,0,817525,817647,HPB,7,1997-08-18 18:00:00,1997-08-21 07:00:00,NaN,1997,8,18,18,1997,8,21,6,2,9
54_6,28.675,2.41,61.5,0,0,12,0,837988,838110,HPB,7,1998-10-19 01:30:00,1998-10-21 14:30:00,NaN,1998,10,19,0,1998,10,21,12,3,2
55_6,40.035,1.82,114.5,0,0,0,0,856285,856513,HPB,7,1999-11-04 06:00:00,1999-11-09 00:00:00,NaN,1999,11,4,6,1999,11,9,0,2,4
56_6,24.255,1.69,51,0,0,24,0,872894,872995,HPB,7,2000-10-15 06:30:00,2000-10-17 09:00:00,NaN,2000,10,15,6,2000,10,17,12,2,6
57_6,33.01,2.08,53.5,20,30.5,0,0,873145,873251,HPB,7,2000-10-20 12:00:00,2000-10-22 17:00:00,NaN,2000,10,20,12,2000,10,22,18,2,6
58_6,35.605,3.46,60,23.5,34,0,0,886733,886852,HPB,7,2001-07-30 14:00:00,2001-08-02 01:30:00,NaN,2001,7,30,12,2001,8,2,0,3,9
59_6,25.13,1.72,46.5,0,1,0,0,886937,887029,HPB,7,2001-08-03 20:00:00,2001-08-05 18:00:00,NaN,2001,8,3,18,2001,8,5,18,3,9
60_6,69.08,5.55,51.5,43,20,0,0,887127,887229,HPB,7,2001-08-07 19:00:00,2001-08-09 22:00:00,NaN,2001,8,7,18,2001,8,10,0,3,9
61_6,29.675,4.22,65.5,13.5,38,54,0,905988,906118,HPB,7,2002-09-04 17:30:00,2002-09-07 10:30:00,NaN,2002,9,4,18,2002,9,7,12,2,1
62_6,52.87,2.9,54,0,0,36,0,923509,923616,HPB,7,2003-09-04 18:00:00,2003-09-06 23:30:00,NaN,2003,9,4,18,2003,9,7,0,2,6
63_6,47.305,3.09,157.5,0,0,72,0,940745,941059,HPB,7,2004-08-28 20:00:00,2004-09-04 09:00:00,NaN,2004,8,28,18,2004,9,4,12,2,3
64_6,40.72,2.03,74.5,0,0,0,0,954959,955107,HPB,7,2005-06-20 23:00:00,2005-06-24 01:00:00,NaN,2005,6,21,0,2005,6,24,0,2,6
65_6,40.65,2.14,84,0,0,0,0,989534,989701,HPB,7,2007-06-11 06:30:00,2007-06-14 18:00:00,NaN,2007,6,11,6,2007,6,14,18,2,8
66_6,62.26,5.34,108.5,0,3,0,0,1014073,1014289,HPB,7,2008-11-03 12:00:00,2008-11-08 00:00:00,NaN,2008,11,3,12,2008,11,8,0,2,8
67_6,35.98,5.23,47.5,0,0,12,0,1028709,1028803,HPB,7,2009-09-04 10:00:00,2009-09-06 09:00:00,NaN,2009,9,4,12,2009,9,6,12,1,8
68_4,42.805,2.97,48,2.5,34,12,0,1044332,1044427,HPB,7,2010-07-26 21:30:00,2010-07-28 21:00:00,NaN,2010,7,27,0,2010,7,29,0,2,1
1_7,41.08,2.92,62.5,0,0,18,52,11559,11683,HPB,8,1951-08-29 19:00:00,1951-09-01 09:00:00,NaN,1951,8,29,18,1951,9,1,12,1,8
2_7,38.145,7.3,52,18,73.5,12,0,11706,11809,HPB,8,1951-09-01 20:30:00,1951-09-04 00:00:00,NaN,1951,9,1,18,1951,9,4,0,1,8
3_7,61.65,9.62,61,5,35.5,18,0,28282,28403,HPB,8,1952-08-12 04:30:00,1952-08-14 17:00:00,NaN,1952,8,12,6,1952,8,14,18,1,2
4_7,40.26,3.61,32.5,0,0,24,0,46634,46698,HPB,8,1953-08-29 12:30:00,1953-08-30 20:30:00,NaN,1953,8,29,12,1953,8,30,18,1,9
5_7,25.82,2.8,51.5,19.5,32,18,0,64098,64200,HPB,8,1954-08-28 08:30:00,1954-08-30 11:30:00,NaN,1954,8,28,6,1954,8,30,12,1,8
6_7,32.62,3.49,40,0,0,12,0,84539,84618,HPB,8,1955-10-28 05:00:00,1955-10-29 20:30:00,NaN,1955,10,28,6,1955,10,29,18,1,8
7_7,28.605,4.14,19.5,0,0,6,0,99478,99516,HPB,8,1956-09-03 10:30:00,1956-09-04 05:30:00,NaN,1956,9,3,12,1956,9,4,6,3,7
8_7,60.565,4.76,33,16,17,18,0,99823,99888,HPB,8,1956-09-10 15:00:00,1956-09-11 23:30:00,NaN,1956,9,10,18,1956,9,12,0,3,7
9_7,60.44,4.18,50,0,0,30,0,118168,118267,HPB,8,1957-09-27 19:30:00,1957-09-29 21:00:00,NaN,1957,9,27,18,1957,9,30,0,2,6
10_7,24.205,3.53,22.5,0,0,6,0,134266,134310,HPB,8,1958-08-29 04:30:00,1958-08-30 02:30:00,NaN,1958,8,29,6,1958,8,30,0,1,6
11_7,41.1,3.76,85,0,0,6,0,148183,148352,HPB,8,1959-06-15 03:00:00,1959-06-18 15:30:00,NaN,1959,6,15,6,1959,6,18,18,3,9
12_7,24.91,5.57,13.5,0,0,0,0,170137,170163,HPB,8,1960-09-14 12:00:00,1960-09-15 01:00:00,NaN,1960,9,14,12,1960,9,15,0,3,9
13_7,50.285,5.62,43,0,9.5,0,0,170517,170602,HPB,8,1960-09-22 10:00:00,1960-09-24 04:30:00,NaN,1960,9,22,12,1960,9,24,6,3,9
14_7,85.795,4.94,87.5,0,22,36,0,186879,187053,HPB,8,1961-08-29 07:00:00,1961-09-01 22:00:00,NaN,1961,8,29,6,1961,9,2,0,2,10
15_7,31.92,3.4,36.5,0,0,24,0,204844,204916,HPB,8,1962-09-07 13:30:00,1962-09-09 01:30:00,NaN,1962,9,7,12,1962,9,9,0,2,7
16_7,35.245,2.84,71.5,0,0,42,0,205076,205218,HPB,8,1962-09-12 09:30:00,1962-09-15 08:30:00,NaN,1962,9,12,12,1962,9,15,6,2,7
17_7,62.715,3.04,56.5,15.5,29,24,0,222266,222378,HPB,8,1963-09-05 12:30:00,1963-09-07 20:30:00,NaN,1963,9,5,12,1963,9,7,18,2,9
18_7,32.22,2.41,36,0,36,24,0,240013,240084,HPB,8,1964-09-09 06:00:00,1964-09-10 17:30:00,NaN,1964,9,9,6,1964,9,10,18,3,9
19_7,40.185,1.78,99,0,0,0,0,253522,253719,HPB,8,1965-06-17 16:30:00,1965-06-21 19:00:00,NaN,1965,6,17,18,1965,6,21,18,2,9
20_7,29.07,2.78,31.5,0,31.5,6,0,274040,274102,HPB,8,1966-08-19 03:30:00,1966-08-20 10:30:00,NaN,1966,8,19,6,1966,8,20,12,2,10
21_7,35.91,3.01,40,20,20,0,0,274383,274462,HPB,8,1966-08-26 07:00:00,1966-08-27 22:30:00,NaN,1966,8,26,6,1966,8,28,0,2,10
22_7,109.27,5.28,71.5,11.5,53,36,0,292590,292732,HPB,8,1967-09-09 14:30:00,1967-09-12 13:30:00,NaN,1967,9,9,12,1967,9,12,12,2,1
23_7,86.315,8.79,58,33.5,24.5,24,0,309288,309403,HPB,8,1968-08-22 11:30:00,1968-08-24 21:00:00,NaN,1968,8,22,12,1968,8,25,0,3,9
24_7,43.22,1.73,63,0,0,24,0,324545,324670,HPB,8,1969-07-06 08:00:00,1969-07-08 22:30:00,NaN,1969,7,6,6,1969,7,9,0,2,6
25_7,45.67,4.4,31,0,17.5,12,0,347336,347397,HPB,8,1970-10-24 03:30:00,1970-10-25 10:00:00,NaN,1970,10,24,6,1970,10,25,12,3,2
26_7,22.905,1.55,49.5,0,0,24,0,362882,362980,HPB,8,1971-09-13 00:30:00,1971-09-15 01:30:00,NaN,1971,9,13,0,1971,9,15,0,2,1
27_7,55.75,2.36,69.5,0,0,0,0,380320,380458,HPB,8,1972-09-10 07:30:00,1972-09-13 04:30:00,NaN,1972,9,10,6,1972,9,13,6,2,9
28_7,74.895,5.34,103.5,0,0,24,0,398895,399101,HPB,8,1973-10-02 07:00:00,1973-10-06 14:00:00,NaN,1973,10,2,6,1973,10,6,12,3,6
29_7,27.855,4.81,69.5,0,0,0,0,418163,418301,HPB,8,1974-11-07 17:00:00,1974-11-10 14:00:00,NaN,1974,11,7,18,1974,11,10,12,1,2
30_7,33.805,2.99,35,0,33.5,6,0,432890,432959,HPB,8,1975-09-10 12:30:00,1975-09-11 23:00:00,NaN,1975,9,10,12,1975,9,12,0,3,9
31_7,36.12,4.51,41.5,0,0,18,0,451813,451895,HPB,8,1976-10-08 18:00:00,1976-10-10 11:00:00,NaN,1976,10,8,18,1976,10,10,12,3,8
32_7,63.4,4.25,81.5,10,31.5,6,0,452279,452441,HPB,8,1976-10-18 11:00:00,1976-10-21 20:00:00,NaN,1976,10,18,12,1976,10,21,18,3,8
33_7,27.195,3.67,34,0,0,30,0,465289,465356,HPB,8,1977-07-16 12:00:00,1977-07-17 21:30:00,NaN,1977,7,16,12,1977,7,18,0,2,5
34_7,55.935,4.05,50.5,0,17.5,6,0,482845,482945,HPB,8,1978-07-17 06:00:00,1978-07-19 08:00:00,NaN,1978,7,17,6,1978,7,19,6,2,1
35_7,20.45,2.56,25,0,0,6,0,503964,504013,HPB,8,1979-09-30 05:30:00,1979-10-01 06:00:00,NaN,1979,9,30,6,1979,10,1,6,1,6
36_7,31.765,3.99,44.5,0,0,0,0,504172,504260,HPB,8,1979-10-04 13:30:00,1979-10-06 09:30:00,NaN,1979,10,4,12,1979,10,6,12,1,6
37_7,31.56,5.63,20,0,0,0,0,521948,521987,HPB,8,1980-10-08 21:30:00,1980-10-09 17:00:00,NaN,1980,10,9,0,1980,10,9,18,1,7
38_7,25.755,2.77,43.5,0,0,6,0,539229,539315,HPB,8,1981-10-03 22:00:00,1981-10-05 17:00:00,NaN,1981,10,4,0,1981,10,5,18,3,2
39_7,56.55,1.62,182,0,0,6,0,554112,554475,HPB,8,1982-08-09 23:30:00,1982-08-17 13:00:00,NaN,1982,8,10,0,1982,8,17,12,2,9
40_7,48.46,3.53,89,0,0,36,0,572679,572856,HPB,8,1983-08-31 19:00:00,1983-09-04 11:30:00,NaN,1983,8,31,18,1983,9,4,12,2,1
41_7,52.185,2.15,114.5,0,11,18,0,591373,591601,HPB,8,1984-09-24 06:00:00,1984-09-29 00:00:00,NaN,1984,9,24,6,1984,9,29,0,2,7
42_7,34.25,2.71,37,0,37,24,0,607368,607441,HPB,8,1985-08-23 11:30:00,1985-08-25 00:00:00,NaN,1985,8,23,12,1985,8,25,0,2,7
43_7,35.01,1.59,76.5,0,47,66,0,625615,625767,HPB,8,1986-09-07 15:00:00,1986-09-10 19:00:00,NaN,1986,9,7,18,1986,9,10,18,3,9
44_7,51.805,4.11,69.5,0,60.5,0,0,625978,626116,HPB,8,1986-09-15 04:30:00,1986-09-18 01:30:00,NaN,1986,9,15,6,1986,9,18,0,3,9
45_7,34.875,4.21,67,0,0,6,0,645295,645428,HPB,8,1987-10-22 15:00:00,1987-10-25 09:30:00,NaN,1987,10,22,18,1987,10,25,12,1,2
46_7,24.26,4.32,20.5,0,0,12,0,645465,645505,HPB,8,1987-10-26 04:00:00,1987-10-27 00:00:00,NaN,1987,10,26,6,1987,10,27,0,1,2
47_7,35.305,3.44,51,0,0,0,0,658587,658688,HPB,8,1988-07-25 13:00:00,1988-07-27 15:30:00,NaN,1988,7,25,12,1988,7,27,18,2,5
48_7,57.98,3,64.5,0,0,0,0,675908,676036,HPB,8,1989-07-21 09:30:00,1989-07-24 01:30:00,NaN,1989,7,21,12,1989,7,24,0,2,3
49_7,72.66,3.86,74,0,0,6,0,693241,693388,HPB,8,1990-07-17 12:00:00,1990-07-20 13:30:00,NaN,1990,7,17,12,1990,7,20,12,2,9
50_7,32.175,2.9,38,0,0,0,0,712729,712804,HPB,8,1991-08-27 12:00:00,1991-08-29 01:30:00,NaN,1991,8,27,12,1991,8,29,0,3,5
51_7,101.49,8.61,113,0,41,48,0,713127,713352,HPB,8,1991-09-04 19:00:00,1991-09-09 11:30:00,NaN,1991,9,4,18,1991,9,9,12,3,5
52_7,35.635,4.02,37.5,0,0,30,0,731354,731428,HPB,8,1992-09-18 12:30:00,1992-09-20 01:30:00,NaN,1992,9,18,12,1992,9,20,0,2,6
53_7,46.19,4.35,23,0,0,18,0,749969,750014,HPB,8,1993-10-11 08:00:00,1993-10-12 06:30:00,NaN,1993,10,11,6,1993,10,12,6,3,8
54_7,22.06,2.1,24.5,9.5,15,6,0,765342,765390,HPB,8,1994-08-27 14:30:00,1994-08-28 14:30:00,NaN,1994,8,27,12,1994,8,28,12,1,10
55_7,48.13,5.33,28,0,0,12,0,765532,765587,HPB,8,1994-08-31 13:30:00,1994-09-01 17:00:00,NaN,1994,8,31,12,1994,9,1,18,1,10
56_7,49.5,4.93,53,34,19,30,0,782863,782968,HPB,8,1995-08-27 15:00:00,1995-08-29 19:30:00,NaN,1995,8,27,18,1995,8,29,18,3,8
57_7,24.245,1.59,98,0,34,0,0,804146,804341,HPB,8,1996-11-13 00:30:00,1996-11-17 02:00:00,NaN,1996,11,13,0,1996,11,17,0,1,2
58_7,28.66,3.02,97,0,0,0,0,804641,804834,HPB,8,1996-11-23 08:00:00,1996-11-27 08:30:00,NaN,1996,11,23,6,1996,11,27,6,1,2
59_7,36.19,2.43,79.5,19,58,0,0,816543,816701,HPB,8,1997-07-29 07:00:00,1997-08-01 14:00:00,NaN,1997,7,29,6,1997,8,1,12,2,2
60_7,32.205,1.69,103,0,0,18,0,838452,838657,HPB,8,1998-10-28 17:30:00,1998-11-02 00:00:00,NaN,1998,10,28,18,1998,11,2,0,3,8
61_7,40.515,3.06,72,0,0,0,0,856716,856859,HPB,8,1999-11-13 05:30:00,1999-11-16 05:00:00,NaN,1999,11,13,6,1999,11,16,6,3,8
62_7,47.84,6.1,65.5,30.5,35,6,0,869724,869854,HPB,8,2000-08-10 05:30:00,2000-08-12 22:30:00,NaN,2000,8,10,6,2000,8,13,0,1,8
63_7,22.07,1.87,32.5,0,0,0,0,889900,889964,HPB,8,2001-10-04 13:30:00,2001-10-05 21:30:00,NaN,2001,10,4,12,2001,10,6,0,3,7
64_7,35.43,2.75,42,0,0,12,0,890052,890135,HPB,8,2001-10-07 17:30:00,2001-10-09 11:00:00,NaN,2001,10,7,18,2001,10,9,12,3,7
65_7,26.045,4.13,30,0,0,0,0,909472,909531,HPB,8,2002-11-16 07:30:00,2002-11-17 13:00:00,NaN,2002,11,16,6,2002,11,17,12,1,2
66_7,133.51,8.15,93.5,22.5,56.5,12,0,922727,922913,HPB,8,2003-08-19 11:00:00,2003-08-23 08:00:00,NaN,2003,8,19,12,2003,8,23,6,2,5
67_7,64.04,9.04,90.5,16,41.5,36,0,939977,940157,HPB,8,2004-08-12 20:00:00,2004-08-16 14:00:00,NaN,2004,8,12,18,2004,8,16,12,1,2
68_5,34.03,3.07,78,0,0,0,0,954672,954827,HPB,8,2005-06-14 23:30:00,2005-06-18 05:00:00,NaN,2005,6,15,0,2005,6,18,6,3,6
69_3,44.74,3.97,90,0,0,0,0,980215,980394,HPB,8,2006-11-29 03:00:00,2006-12-02 20:30:00,NaN,2006,11,29,6,2006,12,2,18,1,7
70_3,37.61,3.98,27.5,15,12.5,6,0,994378,994432,HPB,8,2007-09-20 04:30:00,2007-09-21 07:30:00,NaN,2007,9,20,6,2007,9,21,6,3,6
71_2,69.485,6.68,94.5,0,4,12,0,1013111,1013299,HPB,8,2008-10-14 11:00:00,2008-10-18 09:00:00,NaN,2008,10,14,12,2008,10,18,12,1,9
72_2,31.1,4.76,81,0,0,18,0,1031003,1031164,HPB,8,2009-10-22 05:00:00,2009-10-25 13:30:00,NaN,2009,10,22,6,2009,10,25,12,1,2
73_2,31.945,4.58,27,0,0,12,0,1045748,1045801,HPB,8,2010-08-25 09:30:00,2010-08-26 12:00:00,NaN,2010,8,25,12,2010,8,26,12,1,2
1_8,22.195,3.51,39.5,0,0,12,39.5,12928,13006,HPB,9,1951-09-27 07:30:00,1951-09-28 22:30:00,NaN,1951,9,27,6,1951,9,29,0,1,8
2_8,41.735,2.81,84.5,27.5,36,0,0,26160,26328,HPB,9,1952-06-28 23:30:00,1952-07-02 11:30:00,NaN,1952,6,29,0,1952,7,2,12,2,8
3_8,38.645,4.81,38,0,0,30,0,48510,48585,HPB,9,1953-10-07 14:30:00,1953-10-09 04:00:00,NaN,1953,10,7,12,1953,10,9,6,3,2
4_8,27.225,1.35,52.5,0,0,36,0,67005,67109,HPB,9,1954-10-27 22:00:00,1954-10-30 02:00:00,NaN,1954,10,28,0,1954,10,30,0,2,4
5_8,57.135,5.48,32,0,0,18,0,81280,81343,HPB,9,1955-08-21 07:30:00,1955-08-22 15:00:00,NaN,1955,8,21,6,1955,8,22,18,3,8
6_8,28.34,2.61,56,0,0,0,0,101690,101801,HPB,9,1956-10-19 12:30:00,1956-10-21 20:00:00,NaN,1956,10,19,12,1956,10,21,18,3,5
7_8,51.825,3.75,134,0,0,24,0,115265,115532,HPB,9,1957-07-29 08:00:00,1957-08-03 21:30:00,NaN,1957,7,29,6,1957,8,4,0,3,9
8_8,68.945,4.72,72,17.5,31,36,0,134812,134955,HPB,9,1958-09-09 13:30:00,1958-09-12 13:00:00,NaN,1958,9,9,12,1958,9,12,12,2,5
9_8,24.865,2.81,27,0,54,12,0,152442,152495,HPB,9,1959-09-11 20:30:00,1959-09-12 23:00:00,NaN,1959,9,11,18,1959,9,13,0,2,5
10_8,69.72,3.55,106.5,16,45,30,0,152883,153095,HPB,9,1959-09-21 01:00:00,1959-09-25 11:00:00,NaN,1959,9,21,0,1959,9,25,12,2,5
11_8,29.83,4.49,16.5,0,0,6,0,168090,168122,HPB,9,1960-08-02 20:30:00,1960-08-03 12:30:00,NaN,1960,8,2,18,1960,8,3,12,2,6
12_8,27.775,2.05,38.5,0,0,48,0,168375,168451,HPB,9,1960-08-08 19:00:00,1960-08-10 09:00:00,NaN,1960,8,8,18,1960,8,10,12,2,6
13_8,54.61,7.33,36.5,0,0,42,0,168473,168545,HPB,9,1960-08-10 20:00:00,1960-08-12 08:00:00,NaN,1960,8,10,18,1960,8,12,6,2,6
14_8,91.94,5.61,45.5,7,54.5,18,0,187048,187138,HPB,9,1961-09-01 19:30:00,1961-09-03 16:30:00,NaN,1961,9,1,18,1961,9,3,18,2,2
15_8,36.23,2.8,48,31,17,0,0,223555,223650,HPB,9,1963-10-02 09:00:00,1963-10-04 08:30:00,NaN,1963,10,2,12,1963,10,4,6,3,9
16_8,51.895,2.81,56.5,0,0,0,0,241553,241665,HPB,9,1964-10-11 08:00:00,1964-10-13 16:00:00,NaN,1964,10,11,6,1964,10,13,18,2,8
17_8,90.98,10.42,65.5,14,31,24,0,256326,256456,HPB,9,1965-08-15 02:30:00,1965-08-17 19:30:00,NaN,1965,8,15,0,1965,8,17,18,1,6
18_8,23.855,2.16,38,24.5,13.5,6,0,274897,274972,HPB,9,1966-09-06 00:00:00,1966-09-07 13:30:00,NaN,1966,9,6,0,1966,9,7,12,2,9
19_8,22.295,4.8,16,9.5,4,6,0,292715,292746,HPB,9,1967-09-12 05:00:00,1967-09-12 20:30:00,NaN,1967,9,12,6,1967,9,12,18,1,10
20_8,28.23,2.71,26,0,0,6,0,311244,311295,HPB,9,1968-10-02 05:30:00,1968-10-03 07:00:00,NaN,1968,10,2,6,1968,10,3,6,3,2
21_8,39.055,3.69,45.5,21,24.5,0,0,327644,327734,HPB,9,1969-09-08 21:30:00,1969-09-10 18:30:00,NaN,1969,9,9,0,1969,9,10,18,3,8
22_8,21.19,1.58,41,0,0,12,0,345609,345690,HPB,9,1970-09-18 04:00:00,1970-09-19 20:30:00,NaN,1970,9,18,6,1970,9,19,18,2,6
23_8,35.715,2.87,97.5,0,0,0,0,365792,365986,HPB,9,1971-11-12 15:30:00,1971-11-16 16:30:00,NaN,1971,11,12,18,1971,11,16,18,3,6
24_8,36.685,2.88,72,8.5,63.5,0,0,377927,378070,HPB,9,1972-07-22 11:00:00,1972-07-25 10:30:00,NaN,1972,7,22,12,1972,7,25,12,3,6
25_8,29.71,2.83,43.5,0,0,18,0,398002,398088,HPB,9,1973-09-13 16:30:00,1973-09-15 11:30:00,NaN,1973,9,13,18,1973,9,15,12,3,8
26_8,34.945,3.09,52,15.5,35.5,24,0,398377,398480,HPB,9,1973-09-21 12:00:00,1973-09-23 15:30:00,NaN,1973,9,21,12,1973,9,23,18,3,8
27_8,50.73,4.94,61,16.5,39,12,0,416423,416544,HPB,9,1974-10-02 11:00:00,1974-10-04 23:30:00,NaN,1974,10,2,12,1974,10,5,0,3,9
28_8,37.12,2.58,73.5,0,54.5,42,0,431053,431199,HPB,9,1975-08-03 06:00:00,1975-08-06 07:00:00,NaN,1975,8,3,6,1975,8,6,6,2,10
29_8,21.14,4.03,32,0,5.5,6,0,447209,447272,HPB,9,1976-07-04 20:00:00,1976-07-06 03:30:00,NaN,1976,7,4,18,1976,7,6,6,1,6
30_8,53.035,5.27,40.5,31,26,12,0,465146,465226,HPB,9,1977-07-13 12:30:00,1977-07-15 04:30:00,NaN,1977,7,13,12,1977,7,15,6,3,2
31_8,37.855,2.29,75.5,0,6.5,42,0,484478,484628,HPB,9,1978-08-20 06:30:00,1978-08-23 09:30:00,NaN,1978,8,20,6,1978,8,23,12,3,7
32_8,20.915,2.38,31,0,0,0,0,501906,501967,HPB,9,1979-08-18 08:30:00,1979-08-19 15:00:00,NaN,1979,8,18,6,1979,8,19,18,3,6
33_8,43.315,4.91,25,0,0,6,0,502290,502339,HPB,9,1979-08-26 08:30:00,1979-08-27 09:00:00,NaN,1979,8,26,6,1979,8,27,12,3,6
34_8,26.095,4.05,18,0,0,6,0,502421,502456,HPB,9,1979-08-29 02:00:00,1979-08-29 19:30:00,NaN,1979,8,29,0,1979,8,29,18,3,6
35_8,56.045,4.66,64.5,0,0,6,0,535030,535158,HPB,9,1981-07-08 10:30:00,1981-07-11 02:30:00,NaN,1981,7,8,12,1981,7,11,0,3,6
36_8,53.49,3.41,57.5,17,86,24,0,556147,556261,HPB,9,1982-09-21 09:00:00,1982-09-23 18:00:00,NaN,1982,9,21,12,1982,9,23,18,3,9
37_8,27.57,1.78,64.5,0,0,12,0,571456,571584,HPB,9,1983-08-06 07:30:00,1983-08-08 23:30:00,NaN,1983,8,6,6,1983,8,9,0,2,6
38_8,22.65,2.53,24.5,0,0,0,0,589598,589646,HPB,9,1984-08-18 06:30:00,1984-08-19 06:30:00,NaN,1984,8,18,6,1984,8,19,6,2,6
39_8,27.385,2.68,53.5,0,0,6,0,589660,589766,HPB,9,1984-08-19 13:30:00,1984-08-21 18:30:00,NaN,1984,8,19,12,1984,8,21,18,2,6
40_8,27.465,4.57,80.5,0,0,30,0,610577,610737,HPB,9,1985-10-29 08:00:00,1985-11-01 16:00:00,NaN,1985,10,29,6,1985,11,1,18,1,8
41_8,41.86,4.51,64.5,0,0,18,0,627505,627633,HPB,9,1986-10-17 00:00:00,1986-10-19 16:00:00,NaN,1986,10,17,0,1986,10,19,18,3,8
42_8,92.45,7.43,75,39.5,17.5,12,0,640409,640558,HPB,9,1987-07-12 20:00:00,1987-07-15 22:30:00,NaN,1987,7,12,18,1987,7,16,0,2,6
43_8,55.63,2.18,103,0,0,24,0,677968,678173,HPB,9,1989-09-02 07:30:00,1989-09-06 14:00:00,NaN,1989,9,2,6,1989,9,6,12,2,3
44_8,35.655,4.1,25,0,0,12,0,694280,694329,HPB,9,1990-08-08 03:30:00,1990-08-09 04:00:00,NaN,1990,8,8,6,1990,8,9,6,1,1
45_8,65.545,6.1,53.5,36.5,17,18,0,711683,711789,HPB,9,1991-08-05 17:00:00,1991-08-07 22:00:00,NaN,1991,8,5,18,1991,8,8,0,3,6
46_8,37.085,2.49,57.5,0,0,0,0,730181,730295,HPB,9,1992-08-25 02:00:00,1992-08-27 11:00:00,NaN,1992,8,25,0,1992,8,27,12,3,5
47_8,43.23,3.92,41,0,0,12,0,730457,730538,HPB,9,1992-08-30 20:00:00,1992-09-01 12:30:00,NaN,1992,8,30,18,1992,9,1,12,3,5
48_8,55.57,5.53,29.5,17.5,12,12,0,767237,767295,HPB,9,1994-10-06 02:00:00,1994-10-07 07:00:00,NaN,1994,10,6,0,1994,10,7,6,3,5
49_8,29.09,2.92,37.5,0,0,0,0,779117,779191,HPB,9,1995-06-10 14:00:00,1995-06-12 03:00:00,NaN,1995,6,10,12,1995,6,12,6,3,9
50_8,35.54,2.33,75,0,63,54,0,800080,800229,HPB,9,1996-08-20 07:30:00,1996-08-23 10:00:00,NaN,1996,8,20,6,1996,8,23,12,2,1
51_8,40.98,5.25,28.5,16,12.5,6,0,817960,818016,HPB,9,1997-08-27 19:30:00,1997-08-28 23:30:00,NaN,1997,8,27,18,1997,8,29,0,3,6
52_8,34.17,3.96,49.5,30,19.5,24,0,818070,818168,HPB,9,1997-08-30 02:30:00,1997-09-01 03:30:00,NaN,1997,8,30,0,1997,9,1,6,3,6
53_8,63.95,3.99,69.5,0,0,42,0,852375,852513,HPB,9,1999-08-14 19:00:00,1999-08-17 16:00:00,NaN,1999,8,14,18,1999,8,17,18,2,6
54_8,41.08,1.98,51,0,0,48,0,852531,852632,HPB,9,1999-08-18 01:00:00,1999-08-20 03:30:00,NaN,1999,8,18,0,1999,8,20,6,2,6
55_8,90.825,10.58,38.5,0,0,12,0,870185,870261,HPB,9,2000-08-19 20:00:00,2000-08-21 10:00:00,NaN,2000,8,19,18,2000,8,21,12,1,5
56_8,40.525,4.28,111,0,0,18,0,885812,886033,HPB,9,2001-07-11 09:30:00,2001-07-16 00:00:00,NaN,2001,7,11,12,2001,7,16,0,3,6
57_8,75.25,5.61,92,15,45.5,24,0,903316,903499,HPB,9,2002-07-11 01:30:00,2002-07-14 21:00:00,NaN,2002,7,11,0,2002,7,15,0,3,6
58_8,24.38,1.81,29.5,0,0,0,0,921713,921771,HPB,9,2003-07-29 08:00:00,2003-07-30 13:00:00,NaN,2003,7,29,6,2003,7,30,12,3,10
59_8,39.115,3.11,84.5,30,54.5,18,0,942386,942554,HPB,9,2004-10-02 00:30:00,2004-10-05 12:30:00,NaN,2004,10,2,0,2004,10,5,12,3,8
60_8,70.67,4.26,72,0,0,36,0,960965,961108,HPB,9,2005-10-24 02:00:00,2005-10-27 01:30:00,NaN,2005,10,24,0,2005,10,27,0,2,2
61_8,68.41,5.81,74.5,13,26,12,0,977290,977438,HPB,9,2006-09-29 04:30:00,2006-10-02 06:30:00,NaN,2006,9,29,6,2006,10,2,6,3,5
62_8,52.265,3.68,73.5,0,0,6,0,995750,995896,HPB,9,2007-10-18 18:30:00,2007-10-21 19:30:00,NaN,2007,10,18,18,2007,10,21,18,2,8
63_8,76.99,7.4,49,14.5,34.5,24,0,1010970,1011067,HPB,9,2008-08-30 20:30:00,2008-09-01 21:00:00,NaN,2008,8,30,18,2008,9,2,0,2,9
64_8,28.17,4.6,76,29.5,48,24,0,1028213,1028364,HPB,9,2009-08-25 02:00:00,2009-08-28 05:30:00,NaN,2009,8,25,0,2009,8,28,6,1,6
65_8,22.585,3.84,89.5,0,0,12,0,1047985,1048163,HPB,9,2010-10-11 00:00:00,2010-10-14 17:00:00,NaN,2010,10,11,0,2010,10,14,18,1,5
1_9,62.79,4.5,87,23.5,62,0,87,11065,11238,HPB,10,1951-08-19 12:00:00,1951-08-23 02:30:00,NaN,1951,8,19,12,1951,8,23,0,2,9
2_9,20.52,3.53,18,0,0,6,0,29118,29153,HPB,10,1952-08-29 14:30:00,1952-08-30 08:00:00,NaN,1952,8,29,12,1952,8,30,6,3,8
3_9,27.085,3.47,25,16.5,8.5,24,0,29240,29289,HPB,10,1952-09-01 03:30:00,1952-09-02 04:00:00,NaN,1952,9,1,6,1952,9,2,6,3,8
4_9,105.455,5.05,230.5,24.5,67,24,0,61797,62257,HPB,10,1954-07-11 10:00:00,1954-07-21 00:00:00,NaN,1954,7,11,12,1954,7,21,0,2,6
5_9,56.97,3.38,88,47,41,6,0,79311,79486,HPB,10,1955-07-11 07:00:00,1955-07-14 22:30:00,NaN,1955,7,11,6,1955,7,15,0,2,5
6_9,24.23,4.02,62,0,0,24,0,98608,98731,HPB,10,1956-08-16 07:30:00,1956-08-18 21:00:00,NaN,1956,8,16,6,1956,8,19,0,1,6
7_9,38.725,3.11,48,0,0,36,0,117447,117542,HPB,10,1957-09-12 19:00:00,1957-09-14 18:30:00,NaN,1957,9,12,18,1957,9,14,18,2,7
8_9,22.07,2.99,45,0,0,6,0,136579,136668,HPB,10,1958-10-16 09:00:00,1958-10-18 05:30:00,NaN,1958,10,16,12,1958,10,18,6,2,8
9_9,27.88,3.24,25,0,0,6,0,136829,136878,HPB,10,1958-10-21 14:00:00,1958-10-22 14:30:00,NaN,1958,10,21,12,1958,10,22,12,2,8
10_9,52.09,2.5,84.5,0,11.5,6,0,153391,153559,HPB,10,1959-10-01 15:00:00,1959-10-05 03:00:00,NaN,1959,10,1,18,1959,10,5,6,2,6
11_9,41.855,6.43,99,0,30.5,6,0,168390,168587,HPB,10,1960-08-09 02:30:00,1960-08-13 05:00:00,NaN,1960,8,9,0,1960,8,13,6,1,2
12_9,22.375,1.3,63,0,27,48,0,187107,187232,HPB,10,1961-09-03 01:00:00,1961-09-05 15:30:00,NaN,1961,9,3,0,1961,9,5,18,2,5
13_9,32.77,3.99,43,22,21,18,0,202576,202661,HPB,10,1962-07-22 07:30:00,1962-07-24 02:00:00,NaN,1962,7,22,6,1962,7,24,0,3,3
14_9,48.8,3.93,34.5,0,0,24,0,222827,222895,HPB,10,1963-09-17 05:00:00,1963-09-18 15:00:00,NaN,1963,9,17,6,1963,9,18,18,2,1
15_9,74.885,5.44,74.5,27.5,47,18,0,239299,239447,HPB,10,1964-08-25 09:00:00,1964-08-28 11:00:00,NaN,1964,8,25,12,1964,8,28,12,2,8
16_9,30.86,3.24,73,0,0,36,0,259496,259641,HPB,10,1965-10-20 03:30:00,1965-10-23 04:00:00,NaN,1965,10,20,6,1965,10,23,6,2,4
17_9,58.625,2.79,55,0,0,0,0,290463,290572,HPB,10,1967-07-27 07:00:00,1967-07-29 13:30:00,NaN,1967,7,27,6,1967,7,29,12,2,6
18_9,35.285,2.92,130.5,0,43.5,0,0,308268,308528,HPB,10,1968-08-01 05:30:00,1968-08-06 15:30:00,NaN,1968,8,1,6,1968,8,6,18,2,6
19_9,91.455,5.68,73.5,0,73.5,6,0,308541,308687,HPB,10,1968-08-06 22:00:00,1968-08-09 23:00:00,NaN,1968,8,7,0,1968,8,10,0,2,6
20_9,32.22,2.91,51,0,0,0,0,328104,328205,HPB,10,1969-09-18 11:30:00,1969-09-20 14:00:00,NaN,1969,9,18,12,1969,9,20,12,2,8
21_9,47.605,2.87,47.5,0,42,24,0,328346,328440,HPB,10,1969-09-23 12:30:00,1969-09-25 11:30:00,NaN,1969,9,23,12,1969,9,25,12,2,8
22_9,35.44,2.25,60.5,19.5,41,12,0,344375,344495,HPB,10,1970-08-23 11:00:00,1970-08-25 23:00:00,NaN,1970,8,23,12,1970,8,26,0,2,1
23_9,38.61,3.92,32.5,0,13,0,0,381264,381328,HPB,10,1972-09-29 23:30:00,1972-10-01 07:30:00,NaN,1972,9,30,0,1972,10,1,6,3,6
24_9,31.365,5.75,43.5,0,0,6,0,399344,399430,HPB,10,1973-10-11 15:30:00,1973-10-13 10:30:00,NaN,1973,10,11,18,1973,10,13,12,1,6
25_9,114.25,8.38,121.5,8.5,32,6,0,413869,414111,HPB,10,1974-08-10 06:00:00,1974-08-15 07:00:00,NaN,1974,8,10,6,1974,8,15,6,2,6
26_9,59.72,6.18,62.5,0,0,0,0,436005,436129,HPB,10,1975-11-14 10:00:00,1975-11-17 00:00:00,NaN,1975,11,14,12,1975,11,17,0,1,8
27_9,39.305,3.85,56,0,47,60,0,449287,449398,HPB,10,1976-08-17 03:00:00,1976-08-19 10:30:00,NaN,1976,8,17,6,1976,8,19,12,2,4
28_9,26.385,3.22,54,0,0,54,0,449414,449521,HPB,10,1976-08-19 18:30:00,1976-08-22 00:00:00,NaN,1976,8,19,18,1976,8,22,0,2,4
29_9,41.635,2.42,61,0,0,0,0,466159,466280,HPB,10,1977-08-03 15:00:00,1977-08-06 03:30:00,NaN,1977,8,3,18,1977,8,6,6,3,6
30_9,20.755,4.19,17,0,0,12,0,483961,483994,HPB,10,1978-08-09 12:00:00,1978-08-10 04:30:00,NaN,1978,8,9,12,1978,8,10,6,1,5
31_9,26.38,3.1,30.5,8,20,12,0,484170,484230,HPB,10,1978-08-13 20:30:00,1978-08-15 02:30:00,NaN,1978,8,13,18,1978,8,15,0,1,5
32_9,30.23,2.85,54,0,0,18,0,503972,504079,HPB,10,1979-09-30 09:30:00,1979-10-02 15:00:00,NaN,1979,9,30,12,1979,10,2,18,3,2
33_9,41.385,2.89,39.5,0,0,18,0,504529,504607,HPB,10,1979-10-12 00:00:00,1979-10-13 15:00:00,NaN,1979,10,12,0,1979,10,13,18,3,2
34_9,41.465,6.3,44,19,25,6,0,518826,518913,HPB,10,1980-08-04 20:30:00,1980-08-06 16:00:00,NaN,1980,8,4,18,1980,8,6,18,1,9
35_9,61.495,3.01,44,0,5,30,0,538234,538321,HPB,10,1981-09-13 04:30:00,1981-09-15 00:00:00,NaN,1981,9,13,6,1981,9,15,0,2,6
36_9,24.495,3.39,34,0,0,12,0,556205,556272,HPB,10,1982-09-22 14:00:00,1982-09-23 23:30:00,NaN,1982,9,22,12,1982,9,24,0,1,2
37_9,32.39,3.8,57,0,5,12,0,556662,556775,HPB,10,1982-10-02 02:30:00,1982-10-04 11:00:00,NaN,1982,10,2,0,1982,10,4,12,1,2
38_9,20.39,1.42,38,11,27,18,0,573148,573223,HPB,10,1983-09-10 13:30:00,1983-09-12 03:00:00,NaN,1983,9,10,12,1983,9,12,6,3,8
39_9,49.525,6.25,51.5,21,30.5,12,0,573512,573614,HPB,10,1983-09-18 03:30:00,1983-09-20 06:30:00,NaN,1983,9,18,6,1983,9,20,6,3,8
40_9,27.835,2.35,71,0,0,42,0,589969,590110,HPB,10,1984-08-26 00:00:00,1984-08-28 22:30:00,NaN,1984,8,26,0,1984,8,29,0,2,5
41_9,39.525,2.23,51.5,0,0,18,0,608292,608394,HPB,10,1985-09-11 17:30:00,1985-09-13 20:30:00,NaN,1985,9,11,18,1985,9,13,18,2,1
42_9,66.86,3.77,85,0,0,36,0,624928,625097,HPB,10,1986-08-24 07:30:00,1986-08-27 20:00:00,NaN,1986,8,24,6,1986,8,27,18,2,9
43_9,33.825,1.9,83,0,41.5,12,0,645365,645530,HPB,10,1987-10-24 02:00:00,1987-10-27 12:30:00,NaN,1987,10,24,0,1987,10,27,12,1,2
44_9,26.04,4.56,24,0,0,0,0,645721,645768,HPB,10,1987-10-31 12:00:00,1987-11-01 11:30:00,NaN,1987,10,31,12,1987,11,1,12,1,2
45_9,22.87,2.59,109,0,0,18,0,663240,663457,HPB,10,1988-10-30 11:30:00,1988-11-04 00:00:00,NaN,1988,10,30,12,1988,11,4,0,1,8
46_9,39.46,4.55,35,0,0,0,0,679050,679119,HPB,10,1989-09-24 20:30:00,1989-09-26 07:00:00,NaN,1989,9,24,18,1989,9,26,6,1,5
47_9,32.44,4.16,18.5,0,0,0,0,698979,699015,HPB,10,1990-11-14 01:00:00,1990-11-14 19:00:00,NaN,1990,11,14,0,1990,11,14,18,1,8
48_9,40.26,2.49,50.5,0,0,6,0,714269,714369,HPB,10,1991-09-28 14:00:00,1991-09-30 16:00:00,NaN,1991,9,28,12,1991,9,30,18,3,9
49_9,99.07,4.97,128,0,0,24,0,732085,732340,HPB,10,1992-10-03 18:00:00,1992-10-09 01:30:00,NaN,1992,10,3,18,1992,10,9,0,3,10
50_9,47.455,3.41,39.5,0,0,12,0,746212,746290,HPB,10,1993-07-25 01:30:00,1993-07-26 16:30:00,NaN,1993,7,25,0,1993,7,26,18,2,6
51_9,30.685,2.47,40.5,0,0,0,0,766460,766540,HPB,10,1994-09-19 21:30:00,1994-09-21 13:30:00,NaN,1994,9,20,0,1994,9,21,12,3,6
52_9,61.46,3.27,83.5,31,103,18,0,782124,782290,HPB,10,1995-08-12 05:30:00,1995-08-15 16:30:00,NaN,1995,8,12,6,1995,8,15,18,2,6
53_9,49.465,2.43,112.5,51.5,30.5,12,0,801953,802177,HPB,10,1996-09-28 08:00:00,1996-10-03 00:00:00,NaN,1996,9,28,6,1996,10,3,0,2,6
54_9,74.32,5.05,62.5,18,29.5,48,0,817792,817916,HPB,10,1997-08-24 07:30:00,1997-08-26 21:30:00,NaN,1997,8,24,6,1997,8,27,0,2,6
55_9,34.295,4.43,31,0,0,6,0,831383,831444,HPB,10,1998-06-03 11:00:00,1998-06-04 17:30:00,NaN,1998,6,3,12,1998,6,4,18,1,2
56_9,50.105,3.59,64.5,0,41.5,36,0,853723,853851,HPB,10,1999-09-11 21:00:00,1999-09-14 13:00:00,NaN,1999,9,12,0,1999,9,14,12,3,6
57_9,30.955,3.84,78.5,0,41.5,0,0,869916,870072,HPB,10,2000-08-14 05:30:00,2000-08-17 11:30:00,NaN,2000,8,14,6,2000,8,17,12,3,9
58_9,59.99,6.15,40,0,0,12,0,870226,870305,HPB,10,2000-08-20 16:30:00,2000-08-22 08:00:00,NaN,2000,8,20,18,2000,8,22,6,3,9
59_9,61.92,6.67,67,15,47.5,0,0,890818,890951,HPB,10,2001-10-23 16:30:00,2001-10-26 11:00:00,NaN,2001,10,23,18,2001,10,26,12,1,9
60_9,71.1,4.04,76,0,0,24,0,905085,905236,HPB,10,2002-08-16 22:00:00,2002-08-20 01:30:00,NaN,2002,8,17,0,2002,8,20,0,2,6
61_9,48.095,1.45,95,0,8.5,0,0,920443,920632,HPB,10,2003-07-02 21:00:00,2003-07-06 19:30:00,NaN,2003,7,3,0,2003,7,6,18,2,6
62_9,69.405,4.27,61.5,0,8,30,0,940506,940628,HPB,10,2004-08-23 20:30:00,2004-08-26 09:30:00,NaN,2004,8,23,18,2004,8,26,12,2,9
63_9,51.965,7.32,24.5,0,0,0,0,957617,957665,HPB,10,2005-08-15 08:00:00,2005-08-16 08:00:00,NaN,2005,8,15,6,2005,8,16,6,3,5
64_9,34.82,4.28,45,0,0,18,0,976286,976375,HPB,10,2006-09-08 06:30:00,2006-09-10 03:00:00,NaN,2006,9,8,6,2006,9,10,6,1,5
65_9,46.13,3,32,0,0,24,0,995287,995350,HPB,10,2007-10-09 03:00:00,2007-10-10 10:30:00,NaN,2007,10,9,6,2007,10,10,12,2,2
66_8,36.78,2.33,61.5,0,0,0,0,1013912,1014034,HPB,10,2008-10-31 03:30:00,2008-11-02 16:30:00,NaN,2008,10,31,6,2008,11,2,18,3,9
67_8,31.6,3.76,48,0,0,6,0,1030732,1030827,HPB,10,2009-10-16 13:30:00,2009-10-18 13:00:00,NaN,2009,10,16,12,2009,10,18,12,1,2
1_10,36.035,3.51,38.5,0,0,NaN,0,9647,9723,HPB,21,1951-07-20 23:00:00,1951-07-22 13:00:00,NaN,1951,7,21,0,1951,7,22,12,3,1
2_10,51.545,4.15,42,31.5,10.5,NaN,0,30378,30461,HPB,21,1952-09-24 20:30:00,1952-09-26 14:00:00,NaN,1952,9,24,18,1952,9,26,12,3,9
3_10,33.195,4.34,31.5,0,11.5,NaN,0,49237,49299,HPB,21,1953-10-22 18:00:00,1953-10-24 01:00:00,NaN,1953,10,22,18,1953,10,24,0,3,4
4_10,46.325,1.97,109.5,0,40,NaN,0,64207,64425,HPB,21,1954-08-30 15:00:00,1954-09-04 04:00:00,NaN,1954,8,30,18,1954,9,4,6,1,2
5_10,78.075,8.22,37,11,25.5,NaN,0,64627,64700,HPB,21,1954-09-08 09:00:00,1954-09-09 21:30:00,NaN,1954,9,8,12,1954,9,10,0,1,2
6_10,65.85,7.05,56,14.5,31.5,NaN,0,79279,79390,HPB,21,1955-07-10 15:00:00,1955-07-12 22:30:00,NaN,1955,7,10,18,1955,7,13,0,2,5
7_10,70.035,7,62.5,41,21.5,NaN,0,100382,100506,HPB,21,1956-09-22 06:30:00,1956-09-24 20:30:00,NaN,1956,9,22,6,1956,9,24,18,3,8
8_10,24.225,1.76,72.5,0,0,NaN,0,115690,115834,HPB,21,1957-08-07 04:30:00,1957-08-10 04:30:00,NaN,1957,8,7,6,1957,8,10,6,2,9
9_10,59.995,2.88,77,0,0,NaN,0,115875,116028,HPB,21,1957-08-11 01:00:00,1957-08-14 05:30:00,NaN,1957,8,11,0,1957,8,14,6,2,9
10_10,30.02,3.2,136.5,0,0,NaN,0,132113,132385,HPB,21,1958-07-15 08:00:00,1958-07-21 00:00:00,NaN,1958,7,15,6,1958,7,21,0,2,4
11_10,53.46,5.88,34,0,0,NaN,0,152991,153058,HPB,21,1959-09-23 07:00:00,1959-09-24 16:30:00,NaN,1959,9,23,6,1959,9,24,18,1,5
12_10,27.43,3.12,39.5,34,5.5,NaN,0,169243,169321,HPB,21,1960-08-26 21:00:00,1960-08-28 12:00:00,NaN,1960,8,27,0,1960,8,28,12,3,8
13_10,61.29,9.55,35.5,19.5,16,NaN,0,187369,187439,HPB,21,1961-09-08 12:00:00,1961-09-09 23:00:00,NaN,1961,9,8,12,1961,9,10,0,1,3
14_10,81.635,6.01,59,19.5,35,NaN,0,204531,204648,HPB,21,1962-09-01 01:00:00,1962-09-03 11:30:00,NaN,1962,9,1,0,1962,9,3,12,2,9
15_10,45.76,6.18,36.5,2.5,34,NaN,0,221629,221701,HPB,21,1963-08-23 06:00:00,1963-08-24 18:00:00,NaN,1963,8,23,6,1963,8,24,18,1,9
16_10,36.86,5.77,30,13,17,NaN,0,257318,257377,HPB,21,1965-09-04 18:30:00,1965-09-06 00:00:00,NaN,1965,9,4,18,1965,9,6,0,1,9
17_10,33.495,4.08,23,0,0,NaN,0,274181,274226,HPB,21,1966-08-22 02:00:00,1966-08-23 00:30:00,NaN,1966,8,22,0,1966,8,23,0,1,1
18_10,27.03,2.91,30,0,0,NaN,0,292236,292295,HPB,21,1967-09-02 05:30:00,1967-09-03 11:00:00,NaN,1967,9,2,6,1967,9,3,12,3,9
19_10,51.21,2.93,95.5,0,0,NaN,0,309124,309314,HPB,21,1968-08-19 01:30:00,1968-08-23 00:30:00,NaN,1968,8,19,0,1968,8,23,0,2,7
20_10,27.59,3.23,66,0,0,NaN,0,329700,329831,HPB,21,1969-10-21 17:30:00,1969-10-24 11:00:00,NaN,1969,10,21,18,1969,10,24,12,2,4
21_10,38.865,1.83,46.5,0,0,NaN,0,330035,330127,HPB,21,1969-10-28 17:00:00,1969-10-30 15:00:00,NaN,1969,10,28,18,1969,10,30,18,2,4
22_10,26.095,2.94,28.5,0,0,NaN,0,345557,345613,HPB,21,1970-09-17 02:00:00,1970-09-18 06:00:00,NaN,1970,9,17,0,1970,9,18,6,2,2
23_10,54.485,3.01,70,0,20.5,NaN,0,346053,346192,HPB,21,1970-09-27 10:00:00,1970-09-30 07:30:00,NaN,1970,9,27,12,1970,9,30,6,2,2
24_10,49.96,8.53,45,28,17,NaN,0,360844,360933,HPB,21,1971-08-01 13:30:00,1971-08-03 10:00:00,NaN,1971,8,1,12,1971,8,3,12,1,8
25_10,79.98,4.93,56,0,11.5,NaN,0,381082,381193,HPB,21,1972-09-26 04:30:00,1972-09-28 12:00:00,NaN,1972,9,26,6,1972,9,28,12,3,9
26_10,33.475,2.43,48.5,0,0,NaN,0,393226,393322,HPB,21,1973-06-06 04:30:00,1973-06-08 04:30:00,NaN,1973,6,6,6,1973,6,8,6,3,8
27_10,68.95,5.16,86,18.5,46,NaN,0,413925,414096,HPB,21,1974-08-11 10:00:00,1974-08-14 23:30:00,NaN,1974,8,11,12,1974,8,15,0,2,5
28_10,22.315,3.34,17,11,6,NaN,0,433177,433210,HPB,21,1975-09-16 12:00:00,1975-09-17 04:30:00,NaN,1975,9,16,12,1975,9,17,6,2,2
29_10,86.535,3.37,97.5,0,0,NaN,0,433500,433694,HPB,21,1975-09-23 05:30:00,1975-09-27 06:30:00,NaN,1975,9,23,6,1975,9,27,6,2,2
30_10,49.35,2.26,95,25.5,50.5,NaN,0,451258,451447,HPB,21,1976-09-27 04:30:00,1976-10-01 03:00:00,NaN,1976,9,27,6,1976,10,1,6,2,9
31_10,26.885,2.93,31.5,13.5,18,NaN,0,465134,465196,HPB,21,1977-07-13 06:30:00,1977-07-14 13:30:00,NaN,1977,7,13,6,1977,7,14,12,1,8
32_10,43.66,7.26,36.5,0,0,NaN,0,465630,465702,HPB,21,1977-07-23 14:30:00,1977-07-25 02:30:00,NaN,1977,7,23,12,1977,7,25,0,1,8
33_10,43.51,3.76,35,25.5,9.5,NaN,0,484085,484154,HPB,21,1978-08-12 02:00:00,1978-08-13 12:30:00,NaN,1978,8,12,0,1978,8,13,12,3,1
34_10,98.73,8.28,71,15,34.5,NaN,0,502282,502423,HPB,21,1979-08-26 04:30:00,1979-08-29 03:00:00,NaN,1979,8,26,6,1979,8,29,6,1,8
35_10,53.605,3.56,51.5,0,0,NaN,0,537889,537991,HPB,21,1981-09-06 00:00:00,1981-09-08 03:00:00,NaN,1981,9,6,0,1981,9,8,6,2,6
36_10,42.9,1.43,90,14,45.5,NaN,0,538324,538503,HPB,21,1981-09-15 01:30:00,1981-09-18 19:00:00,NaN,1981,9,15,0,1981,9,18,18,2,6
37_10,48.745,5.28,28.5,14,14.5,NaN,0,551502,551558,HPB,21,1982-06-16 14:30:00,1982-06-17 18:30:00,NaN,1982,6,16,12,1982,6,17,18,1,1
38_10,22.405,3.16,17,0,0,NaN,0,568336,568369,HPB,21,1983-06-02 07:30:00,1983-06-03 00:00:00,NaN,1983,6,2,6,1983,6,3,0,1,1
39_10,51.325,5.17,57.5,40.5,17,NaN,0,589855,589969,HPB,21,1984-08-23 15:00:00,1984-08-26 00:00:00,NaN,1984,8,23,18,1984,8,26,0,3,8
40_10,100.285,7.18,117,0,4,NaN,0,625776,626009,HPB,21,1986-09-10 23:30:00,1986-09-15 20:00:00,NaN,1986,9,11,0,1986,9,15,18,3,8
41_10,24.115,2.41,59.5,32.5,19,NaN,0,642027,642145,HPB,21,1987-08-15 13:00:00,1987-08-18 00:00:00,NaN,1987,8,15,12,1987,8,18,0,2,7
42_10,40.485,4.94,29,22.5,6.5,NaN,0,660861,660918,HPB,21,1988-09-10 22:00:00,1988-09-12 02:30:00,NaN,1988,9,11,0,1988,9,12,0,1,9
43_10,34.675,4.27,67,0,0,NaN,0,682332,682465,HPB,21,1989-12-02 05:30:00,1989-12-05 00:00:00,NaN,1989,12,2,6,1989,12,5,0,1,8
44_10,105.435,3.25,79.5,0,0,NaN,0,695057,695215,HPB,21,1990-08-24 08:00:00,1990-08-27 15:00:00,NaN,1990,8,24,6,1990,8,27,18,2,9
45_10,26.205,3.13,63.5,0,0,NaN,0,714940,715066,HPB,21,1991-10-12 13:30:00,1991-10-15 04:30:00,NaN,1991,10,12,12,1991,10,15,6,1,1
46_10,66.54,5.69,38,0,18,NaN,0,731609,731684,HPB,21,1992-09-23 20:00:00,1992-09-25 09:30:00,NaN,1992,9,23,18,1992,9,25,12,3,8
47_10,83.035,7.57,110,57,50.5,NaN,0,745482,745701,HPB,21,1993-07-09 20:30:00,1993-07-14 10:00:00,NaN,1993,7,9,18,1993,7,14,12,1,9
48_10,31.18,3.8,26,0,0,NaN,0,768716,768767,HPB,21,1994-11-05 21:30:00,1994-11-06 23:00:00,NaN,1994,11,6,0,1994,11,7,0,1,2
49_10,21.89,2.77,46.5,0,21.5,NaN,0,783561,783653,HPB,21,1995-09-11 04:00:00,1995-09-13 02:00:00,NaN,1995,9,11,6,1995,9,13,0,2,9
50_10,75.585,3.91,94.5,37.5,48,NaN,0,783963,784151,HPB,21,1995-09-19 13:00:00,1995-09-23 11:00:00,NaN,1995,9,19,12,1995,9,23,12,2,9
51_10,77.695,6.62,48,0,20.5,NaN,0,819693,819788,HPB,21,1997-10-02 22:00:00,1997-10-04 21:30:00,NaN,1997,10,3,0,1997,10,5,0,3,9
52_10,43.17,3.09,33.5,0,0,NaN,0,835257,835323,HPB,21,1998-08-23 04:00:00,1998-08-24 13:00:00,NaN,1998,8,23,6,1998,8,24,12,2,8
53_10,65.365,10.98,29,0,0,NaN,0,852982,853039,HPB,21,1999-08-27 10:30:00,1999-08-28 15:00:00,NaN,1999,8,27,12,1999,8,28,18,1,6
54_10,27.175,3.47,86,0,0,NaN,0,874613,874784,HPB,21,2000-11-20 02:00:00,2000-11-23 15:30:00,NaN,2000,11,20,0,2000,11,23,18,1,2
55_10,23.245,3.11,33,0,0,NaN,0,888247,888312,HPB,21,2001-08-31 03:00:00,2001-09-01 11:30:00,NaN,2001,8,31,6,2001,9,1,12,3,9
56_10,32.375,2.04,47,30,17,NaN,0,888614,888707,HPB,21,2001-09-07 18:30:00,2001-09-09 17:00:00,NaN,2001,9,7,18,2001,9,9,18,3,9
57_10,23.59,2.69,49,0,0,NaN,0,908865,908962,HPB,21,2002-11-03 16:00:00,2002-11-05 16:30:00,NaN,2002,11,3,18,2002,11,5,18,3,6
58_10,48.11,2.47,119.5,0,0,NaN,0,922400,922638,HPB,21,2003-08-12 15:30:00,2003-08-17 14:30:00,NaN,2003,8,12,18,2003,8,17,12,2,9
59_10,41.655,4.93,98,0,0,NaN,0,945261,945456,HPB,21,2004-11-30 22:00:00,2004-12-04 23:30:00,NaN,2004,12,1,0,2004,12,5,0,1,2
60_10,40.905,2.77,59.5,25,28.5,NaN,0,960883,961001,HPB,21,2005-10-22 09:00:00,2005-10-24 20:00:00,NaN,2005,10,22,12,2005,10,24,18,3,6
61_10,30.785,3.37,35.5,0,28.5,NaN,0,976399,976469,HPB,21,2006-09-10 15:00:00,2006-09-12 02:00:00,NaN,2006,9,10,18,2006,9,12,0,3,9
62_10,47.405,5.54,40,0,0,NaN,0,976697,976776,HPB,21,2006-09-16 20:00:00,2006-09-18 11:30:00,NaN,2006,9,16,18,2006,9,18,12,3,9
63_10,39.195,4.64,56.5,0,0,NaN,0,992690,992802,HPB,21,2007-08-16 00:30:00,2007-08-18 08:30:00,NaN,2007,8,16,0,2007,8,18,6,3,9
64_10,38.09,5.51,29,13,16,NaN,0,993236,993293,HPB,21,2007-08-27 09:30:00,2007-08-28 14:00:00,NaN,2007,8,27,12,2007,8,28,12,3,9
65_10,36.195,4.06,40,0,0,NaN,0,1010712,1010791,HPB,21,2008-08-25 11:30:00,2008-08-27 03:00:00,NaN,2008,8,25,12,2008,8,27,6,3,8
66_9,28.415,3.21,26.5,0,0,NaN,0,1029672,1029724,HPB,21,2009-09-24 11:30:00,2009-09-25 13:30:00,NaN,2009,9,24,12,2009,9,25,12,1,5
67_9,34.05,4.87,28.5,0,0,NaN,0,1030159,1030215,HPB,21,2009-10-04 15:00:00,2009-10-05 19:00:00,NaN,2009,10,4,18,2009,10,5,18,1,5
68_6,46.24,4.62,52,29,23,NaN,0,1043455,1043558,HPB,21,2010-07-08 15:00:00,2010-07-10 18:30:00,NaN,2010,7,8,18,2010,7,10,18,2,1
1_11,23.145,2.95,36.5,0,0,NaN,14,11507,11579,HPB,22,1951-08-28 17:00:00,1951-08-30 05:00:00,NaN,1951,8,28,18,1951,8,30,6,3,5
2_11,21.04,2,22.5,0,0,NaN,22.5,11948,11992,HPB,22,1951-09-06 21:30:00,1951-09-07 19:30:00,NaN,1951,9,7,0,1951,9,7,18,3,5
3_11,64.69,5.77,50,0,50,NaN,50,12035,12134,HPB,22,1951-09-08 17:00:00,1951-09-10 18:30:00,NaN,1951,9,8,18,1951,9,10,18,3,5
4_11,22.165,1.68,25,0,0,NaN,0,30225,30274,HPB,22,1952-09-21 16:00:00,1952-09-22 16:30:00,NaN,1952,9,21,18,1952,9,22,18,3,2
5_11,61.745,4.29,48,12.5,21.5,NaN,0,30666,30761,HPB,22,1952-09-30 20:30:00,1952-10-02 20:00:00,NaN,1952,9,30,18,1952,10,2,18,3,2
6_11,35.485,5.13,21,0,6,NaN,0,48699,48740,HPB,22,1953-10-11 13:00:00,1953-10-12 09:30:00,NaN,1953,10,11,12,1953,10,12,12,1,2
7_11,36.07,3.19,32.5,0,0,NaN,0,48989,49053,HPB,22,1953-10-17 14:00:00,1953-10-18 22:00:00,NaN,1953,10,17,12,1953,10,19,0,1,2
8_11,60.54,10.63,59.5,26,33.5,NaN,0,64073,64191,HPB,22,1954-08-27 20:00:00,1954-08-30 07:00:00,NaN,1954,8,27,18,1954,8,30,6,1,9
9_11,30.16,4.02,29.5,0,0,NaN,0,79933,79991,HPB,22,1955-07-24 06:00:00,1955-07-25 11:00:00,NaN,1955,7,24,6,1955,7,25,12,1,7
10_11,91.87,10.82,69,17,20.5,NaN,0,96762,96899,HPB,22,1956-07-08 20:30:00,1956-07-11 17:00:00,NaN,1956,7,8,18,1956,7,11,18,1,8
11_11,77.605,7.49,91.5,26,35.5,NaN,0,116194,116376,HPB,22,1957-08-17 16:30:00,1957-08-21 11:30:00,NaN,1957,8,17,18,1957,8,21,12,1,8
12_11,21.015,2.09,27,0,0,NaN,0,133879,133932,HPB,22,1958-08-21 03:00:00,1958-08-22 05:30:00,NaN,1958,8,21,6,1958,8,22,6,3,8
13_11,60.255,5.84,63,37,23.5,NaN,0,134177,134302,HPB,22,1958-08-27 08:00:00,1958-08-29 22:30:00,NaN,1958,8,27,6,1958,8,30,0,3,8
14_11,31.76,5.55,20,7,21,NaN,0,134362,134401,HPB,22,1958-08-31 04:30:00,1958-09-01 00:00:00,NaN,1958,8,31,6,1958,9,1,0,3,8
15_11,30.15,1.53,114,44,27,NaN,0,152450,152677,HPB,22,1959-09-12 00:30:00,1959-09-16 18:00:00,NaN,1959,9,12,0,1959,9,16,18,2,10
16_11,77.465,1.96,174.5,0,0,NaN,0,152776,153124,HPB,22,1959-09-18 19:30:00,1959-09-26 01:30:00,NaN,1959,9,18,18,1959,9,26,0,2,10
17_11,57.68,3.72,90.5,6.5,38.5,NaN,0,166919,167099,HPB,22,1960-07-09 11:00:00,1960-07-13 05:00:00,NaN,1960,7,9,12,1960,7,13,6,3,7
18_11,143.07,13.05,58.5,29,29.5,NaN,0,186608,186724,HPB,22,1961-08-23 15:30:00,1961-08-26 01:30:00,NaN,1961,8,23,18,1961,8,26,0,2,5
19_11,32.515,5.12,70,0,0,NaN,0,202226,202365,HPB,22,1962-07-15 00:30:00,1962-07-17 22:00:00,NaN,1962,7,15,0,1962,7,18,0,3,1
20_11,37.77,3.17,38.5,12.5,26,NaN,0,202808,202884,HPB,22,1962-07-27 03:30:00,1962-07-28 17:30:00,NaN,1962,7,27,6,1962,7,28,18,3,1
21_11,48.325,4.8,62,10,19.5,NaN,0,221646,221769,HPB,22,1963-08-23 14:30:00,1963-08-26 04:00:00,NaN,1963,8,23,12,1963,8,26,6,3,2
22_11,46.17,5.41,43.5,2.5,15.5,NaN,0,240482,240568,HPB,22,1964-09-19 00:30:00,1964-09-20 19:30:00,NaN,1964,9,19,0,1964,9,20,18,1,2
23_11,36.345,2.43,37.5,0,0,NaN,0,259153,259227,HPB,22,1965-10-13 00:00:00,1965-10-14 13:00:00,NaN,1965,10,13,0,1965,10,14,12,3,2
24_11,36.635,5.17,44,15,20,NaN,0,271732,271819,HPB,22,1966-07-02 01:30:00,1966-07-03 21:00:00,NaN,1966,7,2,0,1966,7,4,0,1,6
25_11,48.285,9.68,47.5,22,25.5,NaN,0,272175,272269,HPB,22,1966-07-11 07:00:00,1966-07-13 06:00:00,NaN,1966,7,11,6,1966,7,13,6,1,6
26_11,60.975,4.06,96.5,0,38,NaN,0,292248,292440,HPB,22,1967-09-02 11:30:00,1967-09-06 11:30:00,NaN,1967,9,2,12,1967,9,6,12,2,8
27_11,66.31,4.67,33,3.5,29.5,NaN,0,309742,309807,HPB,22,1968-08-31 22:30:00,1968-09-02 07:00:00,NaN,1968,9,1,0,1968,9,2,6,2,1
28_11,47.51,4.06,47.5,16.5,31,NaN,0,327978,328072,HPB,22,1969-09-15 20:30:00,1969-09-17 19:30:00,NaN,1969,9,15,18,1969,9,17,18,3,8
29_11,26.095,3.41,79.5,0,30,NaN,0,343707,343865,HPB,22,1970-08-09 13:00:00,1970-08-12 20:00:00,NaN,1970,8,9,12,1970,8,12,18,2,7
30_11,23.645,2.02,95.5,0,86.5,NaN,0,343881,344071,HPB,22,1970-08-13 04:00:00,1970-08-17 03:00:00,NaN,1970,8,13,6,1970,8,17,6,2,7
31_11,58.14,4.74,91.5,15.5,29,NaN,0,344205,344387,HPB,22,1970-08-19 22:00:00,1970-08-23 17:00:00,NaN,1970,8,20,0,1970,8,23,18,2,7
32_11,89.635,7.58,130,14.5,66.5,NaN,0,360614,360873,HPB,22,1971-07-27 18:30:00,1971-08-02 04:00:00,NaN,1971,7,27,18,1971,8,2,6,3,6
33_11,57.875,4.66,72,39.5,32.5,NaN,0,360899,361042,HPB,22,1971-08-02 17:00:00,1971-08-05 16:30:00,NaN,1971,8,2,18,1971,8,5,18,3,6
34_11,32.92,3.14,88.5,0,0,NaN,0,381113,381289,HPB,22,1972-09-26 20:00:00,1972-09-30 12:00:00,NaN,1972,9,26,18,1972,9,30,12,3,8
35_11,48.44,3.47,83,0,18,NaN,0,396422,396587,HPB,22,1973-08-11 18:30:00,1973-08-15 05:00:00,NaN,1973,8,11,18,1973,8,15,6,2,6
36_11,35.785,2.37,58.5,0,0,NaN,0,414667,414783,HPB,22,1974-08-26 21:00:00,1974-08-29 07:00:00,NaN,1974,8,27,0,1974,8,29,6,2,6
37_11,63.455,3.15,109,0,16.5,NaN,0,414829,415046,HPB,22,1974-08-30 06:00:00,1974-09-03 18:30:00,NaN,1974,8,30,6,1974,9,3,18,2,6
38_11,54.98,4.96,62,0,0,NaN,0,433970,434093,HPB,22,1975-10-03 00:30:00,1975-10-05 14:00:00,NaN,1975,10,3,0,1975,10,5,12,3,8
39_11,46.55,2.93,57.5,11,23.5,NaN,0,451356,451470,HPB,22,1976-09-29 05:30:00,1976-10-01 14:30:00,NaN,1976,9,29,6,1976,10,1,12,3,9
40_11,45.73,5.42,46,0,0,NaN,0,465455,465546,HPB,22,1977-07-19 23:00:00,1977-07-21 20:30:00,NaN,1977,7,20,0,1977,7,21,18,3,8
41_11,63.215,2.69,71.5,0,0,NaN,0,481509,481651,HPB,22,1978-06-19 10:00:00,1978-06-22 09:00:00,NaN,1978,6,19,12,1978,6,22,12,2,6
42_11,36.075,2.16,54,0,0,NaN,0,502455,502562,HPB,22,1979-08-29 19:00:00,1979-09-01 00:30:00,NaN,1979,8,29,18,1979,9,1,0,3,7
43_11,20.05,4.74,12.5,0,0,NaN,0,502633,502657,HPB,22,1979-09-02 12:00:00,1979-09-03 00:00:00,NaN,1979,9,2,12,1979,9,3,0,3,7
44_11,108.775,4.57,83.5,0,0,NaN,0,522352,522518,HPB,22,1980-10-17 07:30:00,1980-10-20 18:30:00,NaN,1980,10,17,6,1980,10,20,18,2,6
45_11,57.455,3.75,41.5,12.5,29,NaN,0,535977,536059,HPB,22,1981-07-28 04:00:00,1981-07-29 21:00:00,NaN,1981,7,28,6,1981,7,30,0,2,9
46_11,21.36,2.52,43,0,0,NaN,0,555846,555931,HPB,22,1982-09-15 02:30:00,1982-09-16 21:00:00,NaN,1982,9,15,0,1982,9,17,0,2,10
47_11,41.85,2.83,35.5,0,0,NaN,0,556404,556474,HPB,22,1982-09-26 17:30:00,1982-09-28 04:30:00,NaN,1982,9,26,18,1982,9,28,6,2,10
48_11,72.525,1.9,113.5,0,0,NaN,0,571743,571969,HPB,22,1983-08-12 07:00:00,1983-08-17 00:00:00,NaN,1983,8,12,6,1983,8,17,0,2,7
49_11,25.005,3.84,42,8,19.5,NaN,0,589797,589880,HPB,22,1984-08-22 10:00:00,1984-08-24 03:30:00,NaN,1984,8,22,12,1984,8,24,6,2,2
50_11,28.455,2,73,0,0,NaN,0,608389,608534,HPB,22,1985-09-13 18:00:00,1985-09-16 18:30:00,NaN,1985,9,13,18,1985,9,16,18,2,1
51_11,31.595,3.37,45.5,14,22,NaN,0,624963,625053,HPB,22,1986-08-25 01:00:00,1986-08-26 22:00:00,NaN,1986,8,25,0,1986,8,27,0,1,2
52_11,32.59,3.03,53,0,0,NaN,0,625147,625252,HPB,22,1986-08-28 21:00:00,1986-08-31 01:30:00,NaN,1986,8,29,0,1986,8,31,0,1,2
53_11,21.845,2.56,36.5,17,19.5,NaN,0,642331,642403,HPB,22,1987-08-21 21:00:00,1987-08-23 09:00:00,NaN,1987,8,22,0,1987,8,23,12,1,8
54_11,29.695,3.61,51,26.5,24.5,NaN,0,642509,642610,HPB,22,1987-08-25 14:00:00,1987-08-27 16:30:00,NaN,1987,8,25,12,1987,8,27,18,1,8
55_11,25.565,2.4,31,0,0,NaN,0,659308,659369,HPB,22,1988-08-09 13:30:00,1988-08-10 20:00:00,NaN,1988,8,9,12,1988,8,10,18,2,3
56_11,21.78,2.77,41,0,0,NaN,0,678574,678655,HPB,22,1989-09-14 22:30:00,1989-09-16 15:00:00,NaN,1989,9,15,0,1989,9,16,18,2,9
57_11,67.59,2.86,83,27.5,41,NaN,0,678839,679004,HPB,22,1989-09-20 11:00:00,1989-09-23 21:30:00,NaN,1989,9,20,12,1989,9,24,0,2,9
58_11,46.935,2.18,53,0,0,NaN,0,697591,697696,HPB,22,1990-10-16 03:00:00,1990-10-18 07:30:00,NaN,1990,10,16,6,1990,10,18,6,2,8
59_11,35.59,4.01,58.5,37.5,21,NaN,0,709944,710060,HPB,22,1991-06-30 11:30:00,1991-07-02 21:30:00,NaN,1991,6,30,12,1991,7,3,0,3,2
60_11,32.695,3.65,22,0,0,NaN,0,734728,734771,HPB,22,1992-11-27 19:30:00,1992-11-28 17:00:00,NaN,1992,11,27,18,1992,11,28,18,1,6
61_11,32.76,2.79,71,29.5,55.5,NaN,0,749870,750011,HPB,22,1993-10-09 06:30:00,1993-10-12 05:00:00,NaN,1993,10,9,6,1993,10,12,6,3,9
62_11,41.225,2.18,69,0,0,NaN,0,761995,762132,HPB,22,1994-06-18 21:00:00,1994-06-21 17:30:00,NaN,1994,6,19,0,1994,6,21,18,2,9
63_11,110.465,8.74,94.5,0,0,NaN,0,779449,779637,HPB,22,1995-06-17 12:00:00,1995-06-21 10:00:00,NaN,1995,6,17,12,1995,6,21,12,3,6
64_11,37.145,3.31,35.5,0,0,NaN,0,800557,800627,HPB,22,1996-08-30 06:00:00,1996-08-31 17:00:00,NaN,1996,8,30,6,1996,8,31,18,2,5
65_11,37.555,2.36,78.5,0,0,NaN,0,800907,801063,HPB,22,1996-09-06 13:00:00,1996-09-09 19:00:00,NaN,1996,9,6,12,1996,9,9,18,2,5
66_10,46.63,3.21,78.5,47.5,20,NaN,0,818755,818911,HPB,22,1997-09-13 09:00:00,1997-09-16 15:00:00,NaN,1997,9,13,12,1997,9,16,18,3,9
67_10,33.855,2.65,72,0,0,NaN,0,837886,838029,HPB,22,1998-10-16 22:30:00,1998-10-19 22:00:00,NaN,1998,10,17,0,1998,10,20,0,3,6
68_7,36.09,3.56,30.5,18,12.5,NaN,0,854070,854130,HPB,22,1999-09-19 02:30:00,1999-09-20 08:30:00,NaN,1999,9,19,0,1999,9,20,6,3,6
69_4,22.53,3.89,17,0,0,NaN,0,872531,872564,HPB,22,2000-10-07 17:00:00,2000-10-08 09:30:00,NaN,2000,10,7,18,2000,10,8,12,3,9
70_4,59.85,5.33,79.5,0,0,NaN,0,872867,873025,HPB,22,2000-10-14 17:00:00,2000-10-18 00:00:00,NaN,2000,10,14,18,2000,10,18,0,3,9
71_3,21.02,3.01,51,18,27.5,NaN,0,886147,886248,HPB,22,2001-07-18 09:00:00,2001-07-20 11:30:00,NaN,2001,7,18,12,2001,7,20,12,1,1
72_3,108.46,11.64,47.5,0,0,NaN,0,886596,886690,HPB,22,2001-07-27 17:30:00,2001-07-29 16:30:00,NaN,2001,7,27,18,2001,7,29,18,1,1
73_3,36.64,7.25,74,62.5,11,NaN,0,904379,904526,HPB,22,2002-08-02 05:00:00,2002-08-05 06:30:00,NaN,2002,8,2,6,2002,8,5,6,1,8
74_2,27.795,3.05,80.5,10.5,37.5,NaN,0,921712,921872,HPB,22,2003-07-29 07:30:00,2003-08-01 15:30:00,NaN,2003,7,29,6,2003,8,1,18,1,6
75_2,62.47,7.47,44.5,0,27.5,NaN,0,938647,938735,HPB,22,2004-07-16 03:00:00,2004-07-17 23:00:00,NaN,2004,7,16,6,2004,7,18,0,3,1
76_1,26.64,4.63,28,0,0,NaN,0,960415,960470,HPB,22,2005-10-12 15:00:00,2005-10-13 18:30:00,NaN,2005,10,12,18,2005,10,13,18,1,8
77_1,43.705,7.65,57.5,14,43.5,NaN,0,960649,960763,HPB,22,2005-10-17 12:00:00,2005-10-19 21:00:00,NaN,2005,10,17,12,2005,10,20,0,1,8
78,34.235,2.77,106,0,0,NaN,0,974037,974248,HPB,22,2006-07-23 10:00:00,2006-07-27 19:30:00,NaN,2006,7,23,12,2006,7,27,18,2,1
79,48.65,3.53,67,0,0,NaN,0,974268,974401,HPB,22,2006-07-28 05:30:00,2006-07-31 00:00:00,NaN,2006,7,28,6,2006,7,31,0,2,1
80,67.88,6.02,40,0,0,NaN,0,994009,994088,HPB,22,2007-09-12 12:00:00,2007-09-14 03:30:00,NaN,2007,9,12,12,2007,9,14,6,3,7
81,56.985,6.65,27.5,0,0,NaN,0,1010766,1010820,HPB,22,2008-08-26 14:30:00,2008-08-27 17:30:00,NaN,2008,8,26,12,2008,8,27,18,1,5
82,27.395,3.71,98.5,0,0,NaN,0,1032909,1033105,HPB,22,2009-11-30 22:00:00,2009-12-05 00:00:00,NaN,2009,12,1,0,2009,12,5,0,1,2
83,40.985,2.49,53.5,0,0,NaN,0,1045766,1045872,HPB,22,2010-08-25 18:30:00,2010-08-27 23:30:00,NaN,2010,8,25,18,2010,8,28,0,3,9
1_12,33.1,3.55,25.5,0,0,NaN,0,11603,11653,HPB,23,1951-08-30 17:00:00,1951-08-31 18:00:00,NaN,1951,8,30,18,1951,8,31,18,1,9
2_12,71.77,8.76,61,31,30,NaN,61,11973,12094,HPB,23,1951-09-07 10:00:00,1951-09-09 22:30:00,NaN,1951,9,7,12,1951,9,10,0,1,9
3_12,131.725,3.36,143,0,0,NaN,0,29092,29377,HPB,23,1952-08-29 01:30:00,1952-09-04 00:00:00,NaN,1952,8,29,0,1952,9,4,0,2,8
4_12,45.07,2.85,49,25,15.5,NaN,0,47035,47132,HPB,23,1953-09-06 21:00:00,1953-09-08 21:30:00,NaN,1953,9,7,0,1953,9,9,0,2,1
5_12,110.615,8.8,80.5,22,30,NaN,0,63726,63886,HPB,23,1954-08-20 14:30:00,1954-08-23 22:30:00,NaN,1954,8,20,12,1954,8,24,0,3,6
6_12,32.465,3.71,63.5,0,0,NaN,0,84424,84550,HPB,23,1955-10-25 19:30:00,1955-10-28 10:30:00,NaN,1955,10,25,18,1955,10,28,12,1,8
7_12,38.64,4.17,73.5,0,0,NaN,0,113173,113319,HPB,23,1957-06-15 18:00:00,1957-06-18 19:00:00,NaN,1957,6,15,18,1957,6,18,18,1,2
8_12,35.785,2.89,109.5,0,0,NaN,0,138340,138558,HPB,23,1958-11-22 01:30:00,1958-11-26 14:30:00,NaN,1958,11,22,0,1958,11,26,12,3,9
9_12,30.26,6.45,20,17,3,NaN,0,150405,150444,HPB,23,1959-07-31 10:00:00,1959-08-01 05:30:00,NaN,1959,7,31,12,1959,8,1,6,1,9
10_12,28.65,1.03,62.5,0,0,NaN,0,165956,166080,HPB,23,1960-06-19 09:30:00,1960-06-21 23:30:00,NaN,1960,6,19,12,1960,6,22,0,2,8
11_12,52.62,2.44,61.5,16.5,37,NaN,0,204425,204547,HPB,23,1962-08-29 20:00:00,1962-09-01 09:00:00,NaN,1962,8,29,18,1962,9,1,12,2,5
12_12,28.175,3.69,39.5,0,0,NaN,0,225113,225191,HPB,23,1963-11-03 20:00:00,1963-11-05 11:00:00,NaN,1963,11,3,18,1963,11,5,12,1,2
13_12,27.825,3.48,57.5,0,0,NaN,0,242920,243034,HPB,23,1964-11-08 19:30:00,1964-11-11 04:30:00,NaN,1964,11,8,18,1964,11,11,6,1,2
14_12,30.035,3.92,46,0,0,NaN,0,258735,258826,HPB,23,1965-10-04 07:00:00,1965-10-06 04:30:00,NaN,1965,10,4,6,1965,10,6,6,1,2
15_12,32.21,2.33,76,16.5,75,NaN,0,274370,274521,HPB,23,1966-08-26 00:30:00,1966-08-29 04:00:00,NaN,1966,8,26,0,1966,8,29,6,2,6
16_12,87.255,3.94,93,0.5,27.5,NaN,0,274880,275065,HPB,23,1966-09-05 15:30:00,1966-09-09 12:00:00,NaN,1966,9,5,18,1966,9,9,12,2,6
17_12,98.26,6.14,69.5,0,0,NaN,0,292099,292237,HPB,23,1967-08-30 09:00:00,1967-09-02 06:00:00,NaN,1967,8,30,12,1967,9,2,6,2,6
18_12,21.96,1.23,55,0,0,NaN,0,310713,310822,HPB,23,1968-09-21 04:00:00,1968-09-23 10:30:00,NaN,1968,9,21,6,1968,9,23,12,2,9
19_12,26.925,4.78,61,0,0,NaN,0,330760,330881,HPB,23,1969-11-12 19:30:00,1969-11-15 08:00:00,NaN,1969,11,12,18,1969,11,15,6,1,2
20_12,55.08,2.64,108,0,21.5,NaN,0,345530,345745,HPB,23,1970-09-16 12:30:00,1970-09-21 00:00:00,NaN,1970,9,16,12,1970,9,21,0,2,7
21_12,40.085,3.51,45.5,0,0,NaN,0,366058,366148,HPB,23,1971-11-18 04:30:00,1971-11-20 01:30:00,NaN,1971,11,18,6,1971,11,20,0,3,6
22_12,96.11,4.34,91.5,0,0,NaN,0,379756,379938,HPB,23,1972-08-29 13:30:00,1972-09-02 08:30:00,NaN,1972,8,29,12,1972,9,2,6,2,5
23_12,22.685,5.44,16,0,0,NaN,0,379986,380017,HPB,23,1972-09-03 08:30:00,1972-09-04 00:00:00,NaN,1972,9,3,6,1972,9,4,0,2,5
24_12,45.095,3.28,42,0,0,NaN,0,398201,398284,HPB,23,1973-09-17 20:00:00,1973-09-19 13:30:00,NaN,1973,9,17,18,1973,9,19,12,3,9
25_12,23.14,0.99,65,0,0,NaN,0,419251,419380,HPB,23,1974-11-30 09:00:00,1974-12-03 01:30:00,NaN,1974,11,30,12,1974,12,3,0,2,6
26_12,41.69,7.47,58.5,0,0,NaN,0,432084,432200,HPB,23,1975-08-24 17:30:00,1975-08-27 03:30:00,NaN,1975,8,24,18,1975,8,27,6,1,8
27_12,57.795,4.31,33,0,0,NaN,0,466856,466921,HPB,23,1977-08-18 03:30:00,1977-08-19 12:00:00,NaN,1977,8,18,6,1977,8,19,12,3,1
28_12,33.02,2.17,124.5,0,42.5,NaN,0,485741,485989,HPB,23,1978-09-15 14:00:00,1978-09-20 18:00:00,NaN,1978,9,15,12,1978,9,20,18,3,6
29_12,34.195,3.83,28,27,4,NaN,0,486129,486184,HPB,23,1978-09-23 16:00:00,1978-09-24 19:30:00,NaN,1978,9,23,18,1978,9,24,18,3,6
30_12,70.86,2.05,118.5,0,0,NaN,0,504773,505009,HPB,23,1979-10-17 02:00:00,1979-10-22 00:00:00,NaN,1979,10,17,0,1979,10,22,0,2,9
31_12,40.09,3.94,114,0,0,NaN,0,516880,517107,HPB,23,1980-06-25 07:30:00,1980-06-30 01:00:00,NaN,1980,6,25,6,1980,6,30,0,3,9
32_12,41.8,1.98,51.5,29,18.5,NaN,0,533906,534008,HPB,23,1981-06-15 00:30:00,1981-06-17 03:30:00,NaN,1981,6,15,0,1981,6,17,6,2,6
33_12,29.555,1.83,105.5,0,0,NaN,0,558290,558500,HPB,23,1982-11-05 00:30:00,1982-11-09 09:30:00,NaN,1982,11,5,0,1982,11,9,12,2,6
34_12,23.695,2.89,62,0,0,NaN,0,558546,558669,HPB,23,1982-11-10 08:30:00,1982-11-12 22:00:00,NaN,1982,11,10,6,1982,11,13,0,2,6
35_12,23.675,2.9,45.5,0,0,NaN,0,558727,558817,HPB,23,1982-11-14 03:00:00,1982-11-16 00:00:00,NaN,1982,11,14,6,1982,11,16,0,2,6
36_12,59.185,7.35,63.5,22,29.5,NaN,0,572130,572256,HPB,23,1983-08-20 08:30:00,1983-08-22 23:30:00,NaN,1983,8,20,6,1983,8,23,0,3,6
37_12,41.27,4.57,47.5,0,0,NaN,0,587628,587722,HPB,23,1984-07-08 05:30:00,1984-07-10 04:30:00,NaN,1984,7,8,6,1984,7,10,6,1,6
38_12,22.905,2.69,58,0,0,NaN,0,609621,609736,HPB,23,1985-10-09 10:00:00,1985-10-11 19:30:00,NaN,1985,10,9,12,1985,10,11,18,1,8
39_12,57.475,12.15,44.5,20,22,NaN,0,642292,642380,HPB,23,1987-08-21 01:30:00,1987-08-22 21:30:00,NaN,1987,8,21,0,1987,8,23,0,1,8
40_12,36.065,2.68,43,0,0,NaN,0,660946,661031,HPB,23,1988-09-12 16:30:00,1988-09-14 11:00:00,NaN,1988,9,12,18,1988,9,14,12,3,6
41_12,41.22,2.93,59,0,50,NaN,0,677859,677976,HPB,23,1989-08-31 01:00:00,1989-09-02 11:30:00,NaN,1989,8,31,0,1989,9,2,12,3,8
42_12,28.83,1.9,95.5,2.5,51.5,NaN,0,693842,694032,HPB,23,1990-07-30 00:30:00,1990-08-02 23:30:00,NaN,1990,7,30,0,1990,8,3,0,1,9
43_12,63.35,7.57,59,17.5,26,NaN,0,694351,694468,HPB,23,1990-08-09 15:00:00,1990-08-12 01:30:00,NaN,1990,8,9,18,1990,8,12,0,1,9
44_12,66.805,5.19,56,27,29,NaN,0,711982,712093,HPB,23,1991-08-11 22:30:00,1991-08-14 06:00:00,NaN,1991,8,12,0,1991,8,14,6,3,6
45_12,38.26,2.25,36.5,0,0,NaN,0,730170,730242,HPB,23,1992-08-24 20:30:00,1992-08-26 08:30:00,NaN,1992,8,24,18,1992,8,26,6,2,3
46_12,89.895,6.12,75,28,30.5,NaN,0,748499,748648,HPB,23,1993-09-10 17:00:00,1993-09-13 19:30:00,NaN,1993,9,10,18,1993,9,13,18,3,8
47_12,25.045,3.64,58.5,0,0,NaN,0,797686,797802,HPB,23,1996-07-01 10:30:00,1996-07-03 20:30:00,NaN,1996,7,1,12,1996,7,3,18,2,1
48_12,33.895,3.2,48.5,35.5,13,NaN,0,818497,818593,HPB,23,1997-09-08 00:00:00,1997-09-10 00:00:00,NaN,1997,9,8,0,1997,9,10,0,3,8
49_12,55.78,2.2,183,0,0,NaN,0,830930,831295,HPB,23,1998-05-25 00:30:00,1998-06-01 15:00:00,NaN,1998,5,25,0,1998,6,1,18,2,8
50_12,49.405,1.85,75.5,0,0,NaN,0,831446,831596,HPB,23,1998-06-04 18:30:00,1998-06-07 21:30:00,NaN,1998,6,4,18,1998,6,8,0,2,8
51_12,76.15,2.67,109.5,0,0,NaN,0,851675,851893,HPB,23,1999-07-31 05:00:00,1999-08-04 18:00:00,NaN,1999,7,31,6,1999,8,4,18,2,6
52_12,59.845,3.15,87.5,0,0,NaN,0,868984,869158,HPB,23,2000-07-25 19:30:00,2000-07-29 10:30:00,NaN,2000,7,25,18,2000,7,29,12,2,6
53_12,20.48,1.8,48,0,0,NaN,0,889718,889813,HPB,23,2001-09-30 18:30:00,2001-10-02 18:00:00,NaN,2001,9,30,18,2001,10,2,18,3,8
54_12,58.045,4.85,79.5,0,0,NaN,0,907884,908042,HPB,23,2002-10-14 05:30:00,2002-10-17 12:30:00,NaN,2002,10,14,6,2002,10,17,12,3,8
55_12,20.675,1.63,34,31.5,2.5,NaN,0,923495,923562,HPB,23,2003-09-04 11:00:00,2003-09-05 20:30:00,NaN,2003,9,4,12,2003,9,5,18,2,6
56_12,76.545,4.64,38.5,0,0,NaN,0,923760,923836,HPB,23,2003-09-09 23:30:00,2003-09-11 13:30:00,NaN,2003,9,10,0,2003,9,11,12,2,6
57_12,29.695,1.93,53,0,0,NaN,0,961577,961682,HPB,23,2005-11-05 20:00:00,2005-11-08 00:30:00,NaN,2005,11,5,18,2005,11,8,0,2,6
58_12,47.31,4.22,42,14,28,NaN,0,975800,975883,HPB,23,2006-08-29 03:30:00,2006-08-30 21:00:00,NaN,2006,8,29,6,2006,8,31,0,3,10
59_12,61.055,2.58,95.5,19,38,NaN,0,994160,994350,HPB,23,2007-09-15 15:30:00,2007-09-19 14:30:00,NaN,2007,9,15,18,2007,9,19,12,2,8
60_12,29.34,3.48,60,0,0,NaN,0,1013302,1013421,HPB,23,2008-10-18 10:30:00,2008-10-20 22:00:00,NaN,2008,10,18,12,2008,10,21,0,1,2
61_12,43.165,3.48,49.5,0,0,NaN,0,1027766,1027864,HPB,23,2009-08-15 18:30:00,2009-08-17 19:30:00,NaN,2009,8,15,18,2009,8,17,18,1,8
62_12,98.56,9.84,59.5,16.5,30,NaN,0,1027909,1028027,HPB,23,2009-08-18 18:00:00,2009-08-21 05:00:00,NaN,2009,8,18,18,2009,8,21,6,1,8
63_12,40.925,2.32,113.5,0,0,NaN,0,1049391,1049617,HPB,23,2010-11-09 07:00:00,2010-11-14 00:00:00,NaN,2010,11,9,6,2010,11,14,0,3,8
1_13,63.305,3.19,83.5,0,22,NaN,15,11556,11722,HPB,24,1951-08-29 17:30:00,1951-09-02 04:30:00,NaN,1951,8,29,18,1951,9,2,6,2,7
2_13,28.49,2.24,55.5,27.5,53.5,NaN,0,27053,27163,HPB,24,1952-07-17 14:00:00,1952-07-19 21:00:00,NaN,1952,7,17,12,1952,7,20,0,2,7
3_13,77.895,3.41,72.5,0,13.5,NaN,0,46571,46715,HPB,24,1953-08-28 05:00:00,1953-08-31 05:00:00,NaN,1953,8,28,6,1953,8,31,6,2,6
4_13,61.215,2.38,91.5,6.5,46,NaN,0,62593,62775,HPB,24,1954-07-28 00:00:00,1954-07-31 19:00:00,NaN,1954,7,28,0,1954,7,31,18,2,3
5_13,39.505,3.4,78.5,8.5,34.5,NaN,0,85147,85303,HPB,24,1955-11-09 21:00:00,1955-11-13 03:00:00,NaN,1955,11,10,0,1955,11,13,6,3,8
6_13,37.04,5.24,14,0,0,NaN,0,99271,99298,HPB,24,1956-08-30 03:00:00,1956-08-30 16:30:00,NaN,1956,8,30,6,1956,8,30,18,2,8
7_13,26.55,2.18,40.5,0,0,NaN,0,99389,99469,HPB,24,1956-09-01 14:00:00,1956-09-03 06:00:00,NaN,1956,9,1,12,1956,9,3,6,2,8
8_13,73.31,2.31,82.5,0,20.5,NaN,0,99485,99649,HPB,24,1956-09-03 14:00:00,1956-09-07 00:00:00,NaN,1956,9,3,12,1956,9,7,0,2,8
9_13,49.315,3.27,36.5,0,5,NaN,0,119782,119854,HPB,24,1957-10-31 10:30:00,1957-11-01 22:30:00,NaN,1957,10,31,12,1957,11,2,0,2,2
10_13,39.89,4.63,53.5,0,0,NaN,0,136983,137089,HPB,24,1958-10-24 19:00:00,1958-10-27 00:00:00,NaN,1958,10,24,18,1958,10,27,0,3,6
11_13,24.48,2.83,26,0,0,NaN,0,155586,155637,HPB,24,1959-11-16 08:30:00,1959-11-17 10:00:00,NaN,1959,11,16,6,1959,11,17,12,3,8
12_13,39.665,2,81,0,0,NaN,0,168312,168473,HPB,24,1960-08-07 11:30:00,1960-08-10 20:00:00,NaN,1960,8,7,12,1960,8,10,18,2,5
13_13,110.33,5.41,89,0,0,NaN,0,168557,168734,HPB,24,1960-08-12 14:00:00,1960-08-16 06:30:00,NaN,1960,8,12,12,1960,8,16,6,2,5
14_13,51.175,3.41,112.5,0,40.5,NaN,0,186941,187165,HPB,24,1961-08-30 14:00:00,1961-09-04 06:00:00,NaN,1961,8,30,12,1961,9,4,6,2,7
15_13,45.055,2.23,65,0,0,NaN,0,187188,187317,HPB,24,1961-09-04 17:30:00,1961-09-07 10:00:00,NaN,1961,9,4,18,1961,9,7,12,2,7
16_13,27.35,2.44,68,14,35.5,NaN,0,203666,203801,HPB,24,1962-08-14 00:30:00,1962-08-16 20:00:00,NaN,1962,8,14,0,1962,8,16,18,2,5
17_13,144.31,7.72,77,0,0,NaN,0,204188,204341,HPB,24,1962-08-24 21:30:00,1962-08-28 02:00:00,NaN,1962,8,25,0,1962,8,28,0,2,5
18_13,39.17,1.82,56.5,0,0,NaN,0,221141,221253,HPB,24,1963-08-13 02:00:00,1963-08-15 10:00:00,NaN,1963,8,13,0,1963,8,15,12,1,6
19_13,22.925,3.52,33,0,0,NaN,0,221267,221332,HPB,24,1963-08-15 17:00:00,1963-08-17 01:30:00,NaN,1963,8,15,18,1963,8,17,0,1,6
20_13,21.705,2.72,38.5,0,0,NaN,0,221582,221658,HPB,24,1963-08-22 06:30:00,1963-08-23 20:30:00,NaN,1963,8,22,6,1963,8,23,18,1,6
21_13,40.655,3.01,129.5,0,3.5,NaN,0,260863,261121,HPB,24,1965-11-17 15:00:00,1965-11-23 00:00:00,NaN,1965,11,17,18,1965,11,23,0,3,8
22_13,37.025,5.94,20,0,0,NaN,0,291876,291915,HPB,24,1967-08-25 17:30:00,1967-08-26 13:00:00,NaN,1967,8,25,18,1967,8,26,12,1,1
23_13,39.58,5.75,49.5,23.5,26,NaN,0,311693,311791,HPB,24,1968-10-11 14:00:00,1968-10-13 15:00:00,NaN,1968,10,11,12,1968,10,13,18,1,6
24_13,36.17,2.61,41.5,0,21,NaN,0,327715,327797,HPB,24,1969-09-10 09:00:00,1969-09-12 02:00:00,NaN,1969,9,10,12,1969,9,12,0,3,8
25_13,52.495,1.45,107.5,0,92,NaN,0,344217,344431,HPB,24,1970-08-20 04:00:00,1970-08-24 15:00:00,NaN,1970,8,20,6,1970,8,24,18,2,9
26_13,51.735,2.53,72.5,0,0,NaN,0,344449,344593,HPB,24,1970-08-25 00:00:00,1970-08-28 00:00:00,NaN,1970,8,25,0,1970,8,28,0,2,9
27_13,29.33,4.76,127,0,0,NaN,0,365922,366175,HPB,24,1971-11-15 08:30:00,1971-11-20 15:00:00,NaN,1971,11,15,6,1971,11,20,18,3,5
28_13,43.955,3.8,59,0,0,NaN,0,383586,383703,HPB,24,1972-11-17 08:30:00,1972-11-19 19:00:00,NaN,1972,11,17,6,1972,11,19,18,3,2
29_13,74.115,4.24,142.5,0,10.5,NaN,0,395053,395337,HPB,24,1973-07-14 06:00:00,1973-07-20 04:00:00,NaN,1973,7,14,6,1973,7,20,6,3,7
30_13,54.76,3.1,69.5,0,0,NaN,0,414417,414555,HPB,24,1974-08-21 16:00:00,1974-08-24 13:00:00,NaN,1974,8,21,18,1974,8,24,12,2,6
31_13,31.72,2.88,25.5,0,0,NaN,0,433551,433601,HPB,24,1975-09-24 07:00:00,1975-09-25 08:00:00,NaN,1975,9,24,6,1975,9,25,6,3,1
32_13,32.94,4.53,46,18.5,27.5,NaN,0,450489,450580,HPB,24,1976-09-11 04:00:00,1976-09-13 01:30:00,NaN,1976,9,11,6,1976,9,13,0,1,8
33_13,28.61,2.23,50,32.5,17.5,NaN,0,468155,468254,HPB,24,1977-09-14 05:00:00,1977-09-16 06:30:00,NaN,1977,9,14,6,1977,9,16,6,2,8
34_13,24.815,1.31,92.5,0,29.5,NaN,0,482616,482800,HPB,24,1978-07-12 11:30:00,1978-07-16 07:30:00,NaN,1978,7,12,12,1978,7,16,6,2,9
35_13,79.055,3.16,83.5,0,57.5,NaN,0,482871,483037,HPB,24,1978-07-17 19:00:00,1978-07-21 06:00:00,NaN,1978,7,17,18,1978,7,21,6,2,9
36_13,34.995,2.25,49,0,0,NaN,0,499683,499780,HPB,24,1979-07-03 01:00:00,1979-07-05 01:30:00,NaN,1979,7,3,0,1979,7,5,0,2,9
37_13,56.86,7.42,39,14,25,NaN,0,519602,519679,HPB,24,1980-08-21 00:30:00,1980-08-22 15:00:00,NaN,1980,8,21,0,1980,8,22,18,3,6
38_13,34.93,5.21,46,0,0,NaN,0,520091,520182,HPB,24,1980-08-31 05:00:00,1980-09-02 02:30:00,NaN,1980,8,31,6,1980,9,2,0,3,6
39_13,39.245,2.95,91.5,0,0,NaN,0,537541,537723,HPB,24,1981-08-29 18:00:00,1981-09-02 13:00:00,NaN,1981,8,29,18,1981,9,2,12,2,7
40_13,62.79,3.22,104,0,0,NaN,0,537738,537945,HPB,24,1981-09-02 20:30:00,1981-09-07 04:00:00,NaN,1981,9,2,18,1981,9,7,6,2,7
41_13,60.345,3.39,130,0,0,NaN,0,555822,556081,HPB,24,1982-09-14 14:30:00,1982-09-20 00:00:00,NaN,1982,9,14,12,1982,9,20,0,1,8
42_13,26.42,2.21,32.5,0,32.5,NaN,0,590505,590569,HPB,24,1984-09-06 04:00:00,1984-09-07 12:00:00,NaN,1984,9,6,6,1984,9,7,12,3,9
43_13,44.775,2.49,49,0,0,NaN,0,606390,606487,HPB,24,1985-08-03 02:30:00,1985-08-05 03:00:00,NaN,1985,8,3,0,1985,8,5,6,2,9
44_13,24.495,2.74,32.5,0,0,NaN,0,624303,624367,HPB,24,1986-08-11 07:00:00,1986-08-12 15:00:00,NaN,1986,8,11,6,1986,8,12,18,2,9
45_13,52.405,6.98,22,0,0,NaN,0,643827,643870,HPB,24,1987-09-22 01:00:00,1987-09-22 22:30:00,NaN,1987,9,22,0,1987,9,23,0,1,2
46_13,54.53,4.64,79.5,0,0,NaN,0,659718,659876,HPB,24,1988-08-18 02:30:00,1988-08-21 09:30:00,NaN,1988,8,18,0,1988,8,21,12,3,8
47_13,21.78,0.87,86.5,0,0,NaN,0,697519,697691,HPB,24,1990-10-14 15:00:00,1990-10-18 05:00:00,NaN,1990,10,14,18,1990,10,18,6,3,6
48_13,23.565,1.71,51,0,0,NaN,0,697833,697934,HPB,24,1990-10-21 04:00:00,1990-10-23 06:30:00,NaN,1990,10,21,6,1990,10,23,6,3,6
49_13,54.84,5.25,42.5,26.5,16,NaN,0,712279,712363,HPB,24,1991-08-18 03:00:00,1991-08-19 21:00:00,NaN,1991,8,18,6,1991,8,20,0,3,2
50_13,70.93,5.44,57,0,0,NaN,0,712677,712790,HPB,24,1991-08-26 10:00:00,1991-08-28 18:30:00,NaN,1991,8,26,12,1991,8,28,18,3,2
51_13,22.455,3.54,23.5,10,13.5,NaN,0,730850,730896,HPB,24,1992-09-08 00:30:00,1992-09-08 23:30:00,NaN,1992,9,8,0,1992,9,9,0,3,1
52_13,36.51,2.89,41,0,0,NaN,0,731357,731438,HPB,24,1992-09-18 14:00:00,1992-09-20 06:30:00,NaN,1992,9,18,12,1992,9,20,6,3,1
53_13,45.145,3.65,44.5,0,0,NaN,0,748033,748121,HPB,24,1993-09-01 00:00:00,1993-09-02 20:00:00,NaN,1993,9,1,0,1993,9,2,18,2,7
54_13,52.07,4.48,41.5,0,0,NaN,0,765298,765380,HPB,24,1994-08-26 16:30:00,1994-08-28 09:30:00,NaN,1994,8,26,18,1994,8,28,12,2,6
55_13,20.505,1.41,39.5,0,1.5,NaN,0,783890,783968,HPB,24,1995-09-18 00:30:00,1995-09-19 15:30:00,NaN,1995,9,18,0,1995,9,19,18,2,8
56_13,47.61,2.14,55.5,0,0,NaN,0,784421,784531,HPB,24,1995-09-29 02:00:00,1995-10-01 09:00:00,NaN,1995,9,29,0,1995,10,1,12,2,8
57_13,57.75,3.3,47.5,16.5,31,NaN,0,799921,800015,HPB,24,1996-08-17 00:00:00,1996-08-18 23:00:00,NaN,1996,8,17,0,1996,8,19,0,2,9
58_13,127.945,5.59,76.5,0,0,NaN,0,816156,816308,HPB,24,1997-07-21 05:30:00,1997-07-24 09:30:00,NaN,1997,7,21,6,1997,7,24,12,2,7
59_13,26.755,4.84,18.5,0,0,NaN,0,838893,838929,HPB,24,1998-11-06 22:00:00,1998-11-07 16:00:00,NaN,1998,11,7,0,1998,11,7,18,1,2
60_13,38.455,5.69,22.5,0,0,NaN,0,853794,853838,HPB,24,1999-09-13 08:30:00,1999-09-14 06:30:00,NaN,1999,9,13,6,1999,9,14,6,1,6
61_13,55.18,3.63,72.5,0,0,NaN,0,867176,867320,HPB,24,2000-06-18 03:30:00,2000-06-21 03:30:00,NaN,2000,6,18,6,2000,6,21,6,2,5
62_13,22.74,2.54,19.5,0,0,NaN,0,888507,888545,HPB,24,2001-09-05 13:00:00,2001-09-06 08:00:00,NaN,2001,9,5,12,2001,9,6,6,1,5
63_13,27.92,3.2,26.5,0,2.5,NaN,0,888801,888853,HPB,24,2001-09-11 16:00:00,2001-09-12 18:00:00,NaN,2001,9,11,18,2001,9,12,18,1,5
64_12,33.055,4.47,50.5,0,0,NaN,0,905352,905452,HPB,24,2002-08-22 11:30:00,2002-08-24 13:30:00,NaN,2002,8,22,12,2002,8,24,12,3,9
65_12,67.58,5.65,61,0,0,NaN,0,905733,905854,HPB,24,2002-08-30 10:00:00,2002-09-01 22:30:00,NaN,2002,8,30,12,2002,9,2,0,3,9
66_11,22.425,2.1,24,0,0,NaN,0,924385,924432,HPB,24,2003-09-23 00:00:00,2003-09-23 23:30:00,NaN,2003,9,23,0,2003,9,24,0,1,2
67_11,45.525,5.55,98.5,0,0,NaN,0,924753,924949,HPB,24,2003-09-30 16:00:00,2003-10-04 18:00:00,NaN,2003,9,30,18,2003,10,4,18,1,2
68_8,27.82,1.85,57.5,27.5,30,NaN,0,942182,942296,HPB,24,2004-09-27 18:30:00,2004-09-30 03:30:00,NaN,2004,9,27,18,2004,9,30,6,3,8
69_5,26.12,2.12,47.5,14,24.5,NaN,0,958111,958205,HPB,24,2005-08-25 15:00:00,2005-08-27 14:00:00,NaN,2005,8,25,18,2005,8,27,12,3,1
70_5,47.255,4.73,55,16.5,32.5,NaN,0,958390,958499,HPB,24,2005-08-31 10:30:00,2005-09-02 17:00:00,NaN,2005,8,31,12,2005,9,2,18,3,1
71_4,22.535,1.46,39.5,0,0,NaN,0,973593,973671,HPB,24,2006-07-14 04:00:00,2006-07-15 19:00:00,NaN,2006,7,14,6,2006,7,15,18,2,6
72_4,86,7.67,60.5,0,0,NaN,0,973863,973983,HPB,24,2006-07-19 19:00:00,2006-07-22 07:00:00,NaN,2006,7,19,18,2006,7,22,6,2,6
73_4,41.69,4.02,47.5,28,19.5,NaN,0,995148,995242,HPB,24,2007-10-06 05:30:00,2007-10-08 04:30:00,NaN,2007,10,6,6,2007,10,8,6,3,6
74_3,42.365,3.32,106,0,0,NaN,0,1008364,1008575,HPB,24,2008-07-07 13:30:00,2008-07-11 23:00:00,NaN,2008,7,7,12,2008,7,12,0,2,8
75_3,27.255,6.69,15,0,0,NaN,0,1030735,1030764,HPB,24,2009-10-16 15:00:00,2009-10-17 05:30:00,NaN,2009,10,16,18,2009,10,17,6,1,5
76_2,24.54,1.4,43.5,0,0,NaN,0,1047706,1047792,HPB,24,2010-10-05 04:30:00,2010-10-06 23:30:00,NaN,2010,10,5,6,2010,10,7,0,3,6
77_2,42.955,4.93,36,0,0,NaN,0,1048088,1048159,HPB,24,2010-10-13 03:30:00,2010-10-14 15:00:00,NaN,2010,10,13,6,2010,10,14,18,3,6
1_14,70.88,4.7,96,0,61,NaN,0,14081,14272,HPB,25,1951-10-21 08:00:00,1951-10-25 07:30:00,NaN,1951,10,21,6,1951,10,25,6,3,2
2_14,67.65,7.91,127,0,0,NaN,0,28380,28633,HPB,25,1952-08-14 05:30:00,1952-08-19 12:00:00,NaN,1952,8,14,6,1952,8,19,12,1,6
3_14,23.13,2.51,121.5,0,0,NaN,0,42424,42666,HPB,25,1953-06-02 19:30:00,1953-06-07 20:30:00,NaN,1953,6,2,18,1953,6,7,18,1,7
4_14,22.475,1.59,113,0,0,NaN,0,62416,62641,HPB,25,1954-07-24 07:30:00,1954-07-29 00:00:00,NaN,1954,7,24,6,1954,7,29,0,2,9
5_14,42.25,3.97,43.5,0,0,NaN,0,84400,84486,HPB,25,1955-10-25 07:30:00,1955-10-27 02:30:00,NaN,1955,10,25,6,1955,10,27,0,3,4
6_14,37.145,2.46,89.5,21,68.5,NaN,0,84766,84944,HPB,25,1955-11-01 22:30:00,1955-11-05 15:30:00,NaN,1955,11,2,0,1955,11,5,18,3,4
7_14,22.87,2.24,36.5,0,0,NaN,0,99109,99181,HPB,25,1956-08-26 18:00:00,1956-08-28 06:00:00,NaN,1956,8,26,18,1956,8,28,6,3,1
8_14,49.08,4.56,77,0,11,NaN,0,132880,133033,HPB,25,1958-07-31 07:30:00,1958-08-03 12:00:00,NaN,1958,7,31,6,1958,8,3,12,3,6
9_14,56.99,2.91,48.5,0,33.5,NaN,0,153594,153690,HPB,25,1959-10-05 20:30:00,1959-10-07 20:30:00,NaN,1959,10,5,18,1959,10,7,18,2,6
10_14,43.71,3.97,57,17.5,39.5,NaN,0,171278,171391,HPB,25,1960-10-08 06:30:00,1960-10-10 15:00:00,NaN,1960,10,8,6,1960,10,10,18,3,5
11_14,89.42,5.09,68.5,13,56.5,NaN,0,189717,189853,HPB,25,1961-10-27 10:00:00,1961-10-30 06:00:00,NaN,1961,10,27,12,1961,10,30,6,2,6
12_14,69.73,2,202.5,44,22,NaN,0,220394,220798,HPB,25,1963-07-28 12:30:00,1963-08-05 22:30:00,NaN,1963,7,28,12,1963,8,6,0,2,7
13_14,44.455,4.91,72,0,0,NaN,0,241673,241816,HPB,25,1964-10-13 20:00:00,1964-10-16 19:30:00,NaN,1964,10,13,18,1964,10,16,18,3,6
14_14,58.175,2.5,47.5,0,37,NaN,0,258246,258340,HPB,25,1965-09-24 02:30:00,1965-09-26 01:30:00,NaN,1965,9,24,0,1965,9,26,0,2,8
15_14,22.81,3.21,21,0,0,NaN,0,274190,274231,HPB,25,1966-08-22 06:30:00,1966-08-23 03:00:00,NaN,1966,8,22,6,1966,8,23,6,1,2
16_14,41.385,7.17,42.5,29,13.5,NaN,0,274493,274577,HPB,25,1966-08-28 14:00:00,1966-08-30 08:00:00,NaN,1966,8,28,12,1966,8,30,6,1,2
17_14,38.545,3.34,40.5,1,17,NaN,0,294193,294273,HPB,25,1967-10-13 00:00:00,1967-10-14 16:00:00,NaN,1967,10,13,0,1967,10,14,18,3,8
18_14,85.985,3.99,61.5,20,41.5,NaN,0,308512,308634,HPB,25,1968-08-06 07:30:00,1968-08-08 20:30:00,NaN,1968,8,6,6,1968,8,8,18,3,2
19_14,49.165,4.2,47.5,19,21.5,NaN,0,308902,308996,HPB,25,1968-08-14 10:30:00,1968-08-16 09:30:00,NaN,1968,8,14,12,1968,8,16,12,3,2
20_14,33.825,3.87,73.5,0,0,NaN,0,327197,327343,HPB,25,1969-08-30 14:00:00,1969-09-02 15:00:00,NaN,1969,8,30,12,1969,9,2,18,2,10
21_14,39.33,4.46,30,0,0,NaN,0,342679,342738,HPB,25,1970-07-19 03:00:00,1970-07-20 08:30:00,NaN,1970,7,19,6,1970,7,20,6,1,6
22_14,30.515,4.03,41.5,0,0,NaN,0,360247,360329,HPB,25,1971-07-20 03:00:00,1971-07-21 20:00:00,NaN,1971,7,20,6,1971,7,21,18,1,5
23_14,23.86,1.54,113,0,17,NaN,0,381554,381779,HPB,25,1972-10-06 00:30:00,1972-10-10 17:00:00,NaN,1972,10,6,0,1972,10,10,18,3,8
24_14,59.365,4.61,69.5,0,0,NaN,0,382060,382198,HPB,25,1972-10-16 13:30:00,1972-10-19 10:30:00,NaN,1972,10,16,12,1972,10,19,12,3,8
25_14,25.255,2.79,23.5,0,0,NaN,0,401060,401106,HPB,25,1973-11-16 09:30:00,1973-11-17 08:30:00,NaN,1973,11,16,12,1973,11,17,6,3,2
26_14,38.32,6.94,74,0,24,NaN,0,415207,415354,HPB,25,1974-09-07 03:00:00,1974-09-10 04:30:00,NaN,1974,9,7,6,1974,9,10,6,1,5
27_14,34.675,2.44,51,0,0,NaN,0,436419,436520,HPB,25,1975-11-23 01:00:00,1975-11-25 03:30:00,NaN,1975,11,23,0,1975,11,25,6,3,6
28_14,24.095,3.19,52.5,0,0,NaN,0,450269,450373,HPB,25,1976-09-06 14:00:00,1976-09-08 18:00:00,NaN,1976,9,6,12,1976,9,8,18,2,3
29_14,32.275,1.73,47,0,25,NaN,0,450548,450641,HPB,25,1976-09-12 09:30:00,1976-09-14 08:00:00,NaN,1976,9,12,12,1976,9,14,6,2,3
30_14,26.23,2,73,31,20.5,NaN,0,464813,464958,HPB,25,1977-07-06 14:00:00,1977-07-09 14:30:00,NaN,1977,7,6,12,1977,7,9,12,3,9
31_14,47.225,3.64,60,0,0,NaN,0,465208,465327,HPB,25,1977-07-14 19:30:00,1977-07-17 07:00:00,NaN,1977,7,14,18,1977,7,17,6,3,9
32_14,33.63,2.74,48.5,0,0,NaN,0,482433,482529,HPB,25,1978-07-08 16:00:00,1978-07-10 16:00:00,NaN,1978,7,8,18,1978,7,10,18,2,6
33_14,42.545,3.2,49,0,0,NaN,0,482549,482646,HPB,25,1978-07-11 02:00:00,1978-07-13 02:30:00,NaN,1978,7,11,0,1978,7,13,0,2,6
34_14,35.86,2.43,69,10,31,NaN,0,504957,505094,HPB,25,1979-10-20 22:00:00,1979-10-23 18:30:00,NaN,1979,10,21,0,1979,10,23,18,3,8
35_14,70.42,4.82,73,0,8,NaN,0,523480,523625,HPB,25,1980-11-09 19:30:00,1980-11-12 20:00:00,NaN,1980,11,9,18,1980,11,12,18,3,6
36_14,39.825,1.86,78.5,0,0,NaN,0,533349,533505,HPB,25,1981-06-03 10:00:00,1981-06-06 16:00:00,NaN,1981,6,3,12,1981,6,6,18,2,6
37_14,33.555,4.67,33,0,33,NaN,0,572894,572959,HPB,25,1983-09-05 06:30:00,1983-09-06 15:00:00,NaN,1983,9,5,6,1983,9,6,18,1,5
38_14,49.435,3.66,71.5,31,32,NaN,0,592059,592201,HPB,25,1984-10-08 13:00:00,1984-10-11 12:00:00,NaN,1984,10,8,12,1984,10,11,12,3,8
39_14,50.07,5.12,39,12,27,NaN,0,608772,608849,HPB,25,1985-09-21 17:30:00,1985-09-23 08:00:00,NaN,1985,9,21,18,1985,9,23,6,3,2
40_14,49.715,2.45,71.5,0,0,NaN,0,623845,623987,HPB,25,1986-08-01 18:00:00,1986-08-04 17:00:00,NaN,1986,8,1,18,1986,8,4,18,2,9
41_14,59.555,4.57,92.5,0,0,NaN,0,645185,645369,HPB,25,1987-10-20 08:00:00,1987-10-24 04:00:00,NaN,1987,10,20,6,1987,10,24,6,2,9
42_14,35.97,1.56,66.5,0,39.5,NaN,0,656062,656194,HPB,25,1988-06-02 22:30:00,1988-06-05 16:30:00,NaN,1988,6,3,0,1988,6,5,18,2,2
43_14,72.785,2.28,94.5,0,0,NaN,0,693931,694119,HPB,25,1990-07-31 21:00:00,1990-08-04 19:00:00,NaN,1990,8,1,0,1990,8,4,18,2,7
44_14,40.645,3.25,46.5,23,23.5,NaN,0,712776,712868,HPB,25,1991-08-28 11:30:00,1991-08-30 09:30:00,NaN,1991,8,28,12,1991,8,30,12,3,8
45_14,40.96,2.71,66,0,1.5,NaN,0,732241,732372,HPB,25,1992-10-07 00:00:00,1992-10-09 17:30:00,NaN,1992,10,7,0,1992,10,9,18,2,6
46_14,27.955,1.8,63.5,0,0,NaN,0,752147,752273,HPB,25,1993-11-25 17:00:00,1993-11-28 08:00:00,NaN,1993,11,25,18,1993,11,28,6,3,9
47_14,28.675,3.51,22.5,0,0,NaN,0,765638,765682,HPB,25,1994-09-02 18:30:00,1994-09-03 16:30:00,NaN,1994,9,2,18,1994,9,3,18,1,5
48_14,36.765,4.23,64.5,0,60,NaN,0,765878,766006,HPB,25,1994-09-07 18:30:00,1994-09-10 10:30:00,NaN,1994,9,7,18,1994,9,10,12,1,5
49_14,81.24,8.33,55.5,7,25,NaN,0,766145,766255,HPB,25,1994-09-13 08:00:00,1994-09-15 15:00:00,NaN,1994,9,13,6,1994,9,15,18,1,5
50_14,47.02,2.39,79,0,0,NaN,0,782782,782939,HPB,25,1995-08-25 22:30:00,1995-08-29 05:00:00,NaN,1995,8,26,0,1995,8,29,6,2,6
51_14,20.13,3.55,25.5,17.5,8,NaN,0,798606,798656,HPB,25,1996-07-20 14:30:00,1996-07-21 15:30:00,NaN,1996,7,20,12,1996,7,21,18,1,9
52_14,29.97,6.49,24.5,0,0,NaN,0,799092,799140,HPB,25,1996-07-30 17:30:00,1996-07-31 17:30:00,NaN,1996,7,30,18,1996,7,31,18,1,9
53_14,51.805,3.39,78.5,0,0,NaN,0,819345,819501,HPB,25,1997-09-25 16:00:00,1997-09-28 22:00:00,NaN,1997,9,25,18,1997,9,29,0,2,8
54_14,36.14,3.72,90.5,0,12,NaN,0,837800,837980,HPB,25,1998-10-15 03:30:00,1998-10-18 21:30:00,NaN,1998,10,15,6,1998,10,19,0,2,2
55_14,43.335,2.36,50,18,32,NaN,0,855331,855430,HPB,25,1999-10-15 09:00:00,1999-10-17 10:30:00,NaN,1999,10,15,12,1999,10,17,12,2,9
56_14,58.28,3.12,96,0,0,NaN,0,868569,868760,HPB,25,2000-07-17 04:00:00,2000-07-21 03:30:00,NaN,2000,7,17,6,2000,7,21,6,2,1
57_14,23.78,2.62,24,0,0,NaN,0,889750,889797,HPB,25,2001-10-01 10:30:00,2001-10-02 10:00:00,NaN,2001,10,1,12,2001,10,2,12,1,8
58_14,25.83,4.61,25,0,0,NaN,0,890060,890109,HPB,25,2001-10-07 21:30:00,2001-10-08 22:00:00,NaN,2001,10,8,0,2001,10,9,0,1,8
59_14,36.07,2.14,37,24.5,12.5,NaN,0,906710,906783,HPB,25,2002-09-19 18:30:00,2002-09-21 07:00:00,NaN,2002,9,19,18,2002,9,21,6,2,6
60_14,29.45,3.39,40.5,19.5,21,NaN,0,922716,922796,HPB,25,2003-08-19 05:30:00,2003-08-20 21:30:00,NaN,2003,8,19,6,2003,8,21,0,3,7
61_14,48.515,5.01,19,0,0,NaN,0,938856,938893,HPB,25,2004-07-20 11:30:00,2004-07-21 06:00:00,NaN,2004,7,20,12,2004,7,21,6,1,1
62_14,74.2,7.9,40.5,17,23.5,NaN,0,939317,939397,HPB,25,2004-07-30 02:00:00,2004-07-31 18:00:00,NaN,2004,7,30,0,2004,7,31,18,1,1
63_14,32.015,5.55,25.5,13.5,12,NaN,0,978237,978287,HPB,25,2006-10-18 22:00:00,2006-10-19 23:00:00,NaN,2006,10,19,0,2006,10,20,0,1,2
64_13,20.16,2.41,97,0,0,NaN,0,992786,992979,HPB,25,2007-08-18 00:30:00,2007-08-22 01:00:00,NaN,2007,8,18,0,2007,8,22,0,3,9
65_13,40.1,5.32,30,26.5,3.5,NaN,0,993358,993417,HPB,25,2007-08-29 22:30:00,2007-08-31 04:00:00,NaN,2007,8,30,0,2007,8,31,6,3,9
66_12,39.895,2.53,130.5,41,58,NaN,0,1011319,1011579,HPB,25,2008-09-07 03:00:00,2008-09-12 13:00:00,NaN,2008,9,7,6,2008,9,12,12,3,9
67_12,36.455,4.35,121.5,0,9.5,NaN,0,1031999,1032241,HPB,25,2009-11-11 23:00:00,2009-11-17 00:00:00,NaN,2009,11,12,0,2009,11,17,0,1,2
68_9,51.23,6.51,40.5,0,0,NaN,0,1047567,1047647,HPB,25,2010-10-02 07:00:00,2010-10-03 23:00:00,NaN,2010,10,2,6,2010,10,4,0,1,6
1_15,53.025,6.67,44,0,0,NaN,0,11170,11257,HPB,26,1951-08-21 16:30:00,1951-08-23 12:00:00,NaN,1951,8,21,18,1951,8,23,12,2,5
2_15,86.28,3.4,84.5,0,27,NaN,0,29279,29447,HPB,26,1952-09-01 23:00:00,1952-09-05 11:00:00,NaN,1952,9,2,0,1952,9,5,12,2,2
3_15,41.44,2.67,39.5,0,0,NaN,0,45561,45639,HPB,26,1953-08-07 04:00:00,1953-08-08 19:00:00,NaN,1953,8,7,6,1953,8,8,18,2,1
4_15,43.765,3.07,28.5,0,0,NaN,0,64156,64212,HPB,26,1954-08-29 13:30:00,1954-08-30 17:30:00,NaN,1954,8,29,12,1954,8,30,18,2,1
5_15,45.925,2.98,41,0,0,NaN,0,64239,64320,HPB,26,1954-08-31 07:00:00,1954-09-01 23:30:00,NaN,1954,8,31,6,1954,9,2,0,2,1
6_15,68.745,5.53,57.5,22,23,NaN,0,83236,83350,HPB,26,1955-10-01 01:30:00,1955-10-03 10:30:00,NaN,1955,10,1,0,1955,10,3,12,3,9
7_15,59.635,3.27,55,0,48.5,NaN,0,100286,100395,HPB,26,1956-09-20 06:30:00,1956-09-22 13:00:00,NaN,1956,9,20,6,1956,9,22,12,2,1
8_15,41.31,6.99,36.5,0,20,NaN,0,116134,116206,HPB,26,1957-08-16 10:30:00,1957-08-17 22:30:00,NaN,1957,8,16,12,1957,8,18,0,1,8
9_15,68.53,4.29,82,0,16.5,NaN,0,150056,150219,HPB,26,1959-07-24 03:30:00,1959-07-27 13:00:00,NaN,1959,7,24,6,1959,7,27,12,2,6
10_15,42.205,5.79,79,0,0,NaN,0,170053,170210,HPB,26,1960-09-12 18:00:00,1960-09-16 00:30:00,NaN,1960,9,12,18,1960,9,16,0,2,9
11_15,65.36,4.02,37.5,14,23.5,NaN,0,187758,187832,HPB,26,1961-09-16 14:30:00,1961-09-18 03:30:00,NaN,1961,9,16,12,1961,9,18,6,2,7
12_15,21.63,1.22,40,0,0,NaN,0,205877,205956,HPB,26,1962-09-29 02:00:00,1962-09-30 17:30:00,NaN,1962,9,29,0,1962,9,30,18,2,2
13_15,34.11,5.57,17,0,0,NaN,0,221046,221079,HPB,26,1963-08-11 02:30:00,1963-08-11 19:00:00,NaN,1963,8,11,0,1963,8,11,18,1,8
14_15,48.7,3.51,57.5,0,6,NaN,0,257731,257845,HPB,26,1965-09-13 09:00:00,1965-09-15 18:00:00,NaN,1965,9,13,12,1965,9,15,18,2,8
15_15,42.63,3.21,58.5,26.5,22.5,NaN,0,273711,273827,HPB,26,1966-08-12 07:00:00,1966-08-14 17:00:00,NaN,1966,8,12,6,1966,8,14,18,3,6
16_15,39.365,5.8,29,0,0,NaN,0,292418,292475,HPB,26,1967-09-06 00:30:00,1967-09-07 05:00:00,NaN,1967,9,6,0,1967,9,7,6,2,7
17_15,91.55,9.66,110,8,38,NaN,0,292626,292845,HPB,26,1967-09-10 08:30:00,1967-09-14 22:00:00,NaN,1967,9,10,6,1967,9,15,0,2,7
18_15,46.74,3.64,51,23,25.5,NaN,0,311746,311847,HPB,26,1968-10-12 16:30:00,1968-10-14 19:00:00,NaN,1968,10,12,18,1968,10,14,18,3,9
19_15,44.93,2.87,69.5,48,21.5,NaN,0,325874,326012,HPB,26,1969-08-03 00:30:00,1969-08-05 21:30:00,NaN,1969,8,3,0,1969,8,6,0,2,1
20_15,78.915,3.64,123,0,44,NaN,0,326348,326593,HPB,26,1969-08-12 21:30:00,1969-08-18 00:00:00,NaN,1969,8,13,0,1969,8,18,0,2,1
21_15,32.55,3.15,50.5,0,0,NaN,0,344213,344313,HPB,26,1970-08-20 02:00:00,1970-08-22 04:00:00,NaN,1970,8,20,0,1970,8,22,6,2,10
22_15,40.05,3.01,28,11,17,NaN,0,359262,359317,HPB,26,1971-06-29 14:30:00,1971-06-30 18:00:00,NaN,1971,6,29,12,1971,6,30,18,3,8
23_15,52.7,4.37,43.5,0,0,NaN,0,381302,381388,HPB,26,1972-09-30 18:30:00,1972-10-02 13:30:00,NaN,1972,9,30,18,1972,10,2,12,3,9
24_15,35.09,1.12,82.5,22,38,NaN,0,397442,397606,HPB,26,1973-09-02 00:30:00,1973-09-05 10:30:00,NaN,1973,9,2,0,1973,9,5,12,2,5
25_15,41.91,5.43,94,0,1.5,NaN,0,397723,397910,HPB,26,1973-09-07 21:00:00,1973-09-11 18:30:00,NaN,1973,9,8,0,1973,9,11,18,2,5
26_15,64.375,2.96,69,0,0,NaN,0,397947,398084,HPB,26,1973-09-12 13:00:00,1973-09-15 09:30:00,NaN,1973,9,12,12,1973,9,15,12,2,5
27_15,29.49,3.74,34.5,0,0,NaN,0,413858,413926,HPB,26,1974-08-10 00:30:00,1974-08-11 10:30:00,NaN,1974,8,10,0,1974,8,11,12,1,8
28_15,54.065,5.04,71.5,0,0,NaN,0,414363,414505,HPB,26,1974-08-20 13:00:00,1974-08-23 12:00:00,NaN,1974,8,20,12,1974,8,23,12,1,8
29_15,36.145,3.1,81.5,0,0,NaN,0,436442,436604,HPB,26,1975-11-23 12:30:00,1975-11-26 21:30:00,NaN,1975,11,23,12,1975,11,27,0,1,2
30_15,42.66,7.32,34,13,21,NaN,0,468901,468968,HPB,26,1977-09-29 18:00:00,1977-10-01 03:30:00,NaN,1977,9,29,18,1977,10,1,6,1,5
31_15,23.905,2.38,44,22,22,NaN,0,483807,483894,HPB,26,1978-08-06 07:00:00,1978-08-08 02:30:00,NaN,1978,8,6,6,1978,8,8,0,2,3
32_15,22.805,1.69,44.5,0,0,NaN,0,502773,502861,HPB,26,1979-09-05 10:00:00,1979-09-07 06:00:00,NaN,1979,9,5,12,1979,9,7,6,3,2
33_15,44.62,4.13,41.5,0,0,NaN,0,503080,503162,HPB,26,1979-09-11 19:30:00,1979-09-13 12:30:00,NaN,1979,9,11,18,1979,9,13,12,3,2
34_15,61.75,3.93,39,0,0,NaN,0,519989,520066,HPB,26,1980-08-29 02:00:00,1980-08-30 16:30:00,NaN,1980,8,29,0,1980,8,30,18,2,6
35_15,24.77,1.45,38,0,6.5,NaN,0,539815,539890,HPB,26,1981-10-16 03:00:00,1981-10-17 16:30:00,NaN,1981,10,16,6,1981,10,17,18,1,8
36_15,22.245,3.13,85.5,0,0,NaN,0,540263,540433,HPB,26,1981-10-25 11:00:00,1981-10-29 00:00:00,NaN,1981,10,25,12,1981,10,29,0,1,8
37_15,33.48,2.48,64.5,0,0,NaN,0,577121,577249,HPB,26,1983-12-02 08:00:00,1983-12-05 00:00:00,NaN,1983,12,2,6,1983,12,5,0,3,10
38_15,20.67,4.54,13.5,0,0,NaN,0,591692,591718,HPB,26,1984-09-30 21:30:00,1984-10-01 10:30:00,NaN,1984,10,1,0,1984,10,1,12,1,2
39_15,32.36,3.38,42.5,0,0,NaN,0,591879,591963,HPB,26,1984-10-04 19:00:00,1984-10-06 13:00:00,NaN,1984,10,4,18,1984,10,6,12,1,2
40_15,55.01,3.96,56,15,22.5,NaN,0,608338,608449,HPB,26,1985-09-12 16:30:00,1985-09-15 00:00:00,NaN,1985,9,12,18,1985,9,15,0,2,6
41_15,31.075,2.23,108.5,0,0,NaN,0,626689,626905,HPB,26,1986-09-30 00:00:00,1986-10-04 12:00:00,NaN,1986,9,30,0,1986,10,4,12,3,5
42_15,41.345,5.81,48,0,0,NaN,0,643631,643726,HPB,26,1987-09-17 23:00:00,1987-09-19 22:30:00,NaN,1987,9,18,0,1987,9,20,0,1,9
43_15,23.43,2.7,70,0,0,NaN,0,659311,659450,HPB,26,1988-08-09 15:00:00,1988-08-12 12:30:00,NaN,1988,8,9,18,1988,8,12,12,1,1
44_15,38.9,4.97,31,16,15,NaN,0,677733,677794,HPB,26,1989-08-28 10:00:00,1989-08-29 16:30:00,NaN,1989,8,28,12,1989,8,29,18,1,8
45_15,31.615,2.08,71,10.5,23.5,NaN,0,693986,694127,HPB,26,1990-08-02 00:30:00,1990-08-04 23:00:00,NaN,1990,8,2,0,1990,8,5,0,2,2
46_15,45.53,2.08,68,22,46,NaN,0,694480,694615,HPB,26,1990-08-12 07:30:00,1990-08-15 03:00:00,NaN,1990,8,12,6,1990,8,15,6,2,2
47_15,35.455,5.28,58,0,1.5,NaN,0,715374,715489,HPB,26,1991-10-21 14:30:00,1991-10-24 00:00:00,NaN,1991,10,21,12,1991,10,24,0,3,6
48_15,37.135,2.31,65.5,0,21.5,NaN,0,727777,727907,HPB,26,1992-07-06 00:00:00,1992-07-08 17:00:00,NaN,1992,7,6,0,1992,7,8,18,2,1
49_15,23.52,4.2,76.5,0,0,NaN,0,751380,751532,HPB,26,1993-11-09 17:30:00,1993-11-12 21:30:00,NaN,1993,11,9,18,1993,11,13,0,1,2
50_15,97.815,2.91,119,0,0,NaN,0,766629,766866,HPB,26,1994-09-23 10:00:00,1994-09-28 08:30:00,NaN,1994,9,23,12,1994,9,28,6,2,9
51_15,49.63,2.54,107.5,0,22.5,NaN,0,780596,780810,HPB,26,1995-07-11 09:30:00,1995-07-15 20:30:00,NaN,1995,7,11,12,1995,7,15,18,2,6
52_15,33.76,5.77,98,0,0,NaN,0,804990,805185,HPB,26,1996-11-30 14:30:00,1996-12-04 16:00:00,NaN,1996,11,30,12,1996,12,4,18,1,5
53_15,51.115,3.58,64,21,25.5,NaN,0,820108,820235,HPB,26,1997-10-11 13:30:00,1997-10-14 05:00:00,NaN,1997,10,11,12,1997,10,14,6,2,6
54_15,55.11,3.56,34.5,6,15.5,NaN,0,837569,837637,HPB,26,1998-10-10 08:00:00,1998-10-11 18:00:00,NaN,1998,10,10,6,1998,10,11,18,3,1
55_15,54.645,5.82,71.5,0,37,NaN,0,837887,838029,HPB,26,1998-10-16 23:00:00,1998-10-19 22:00:00,NaN,1998,10,17,0,1998,10,20,0,3,1
56_15,28.125,4.93,43,20.5,22.5,NaN,0,852726,852811,HPB,26,1999-08-22 02:30:00,1999-08-23 21:00:00,NaN,1999,8,22,0,1999,8,24,0,2,8
57_15,76.815,8.08,80,16,41,NaN,0,853127,853286,HPB,26,1999-08-30 11:00:00,1999-09-02 18:30:00,NaN,1999,8,30,12,1999,9,2,18,2,8
58_15,20.925,2.43,28,0,0,NaN,0,871996,872051,HPB,26,2000-09-26 13:30:00,2000-09-27 17:00:00,NaN,2000,9,26,12,2000,9,27,18,2,3
59_15,96.74,4.65,60.5,0,0,NaN,0,872311,872431,HPB,26,2000-10-03 03:00:00,2000-10-05 15:00:00,NaN,2000,10,3,6,2000,10,5,18,2,3
60_15,26.275,2.98,20.5,0,12.5,NaN,0,889823,889863,HPB,26,2001-10-02 23:00:00,2001-10-03 19:00:00,NaN,2001,10,3,0,2001,10,3,18,3,8
61_15,21.67,2.8,44,0,0,NaN,0,923908,923995,HPB,26,2003-09-13 01:30:00,2003-09-14 21:00:00,NaN,2003,9,13,0,2003,9,15,0,2,8
62_15,39.725,1.93,129.5,0,12.5,NaN,0,924031,924289,HPB,26,2003-09-15 15:00:00,2003-09-21 00:00:00,NaN,2003,9,15,18,2003,9,21,0,2,8
63_15,73.705,3.27,63,0,29.5,NaN,0,939145,939270,HPB,26,2004-07-26 12:00:00,2004-07-29 02:30:00,NaN,2004,7,26,12,2004,7,29,0,2,2
64_14,36.04,4.24,41,0,25,NaN,0,958932,959013,HPB,26,2005-09-11 17:30:00,2005-09-13 10:00:00,NaN,2005,9,11,18,2005,9,13,12,1,1
65_14,29.77,4.48,56,0,0,NaN,0,980003,980114,HPB,26,2006-11-24 17:00:00,2006-11-27 00:30:00,NaN,2006,11,24,18,2006,11,27,0,1,9
66_13,45.86,7.71,26,0,0,NaN,0,994864,994915,HPB,26,2007-09-30 07:30:00,2007-10-01 09:00:00,NaN,2007,9,30,6,2007,10,1,12,1,6
67_13,73.165,5.85,95.5,0,0,NaN,0,1010098,1010288,HPB,26,2008-08-12 16:30:00,2008-08-16 15:30:00,NaN,2008,8,12,18,2008,8,16,18,2,9
68_10,55.21,6.47,48,0,0,NaN,0,1046771,1046866,HPB,26,2010-09-15 17:00:00,2010-09-17 16:30:00,NaN,2010,9,15,18,2010,9,17,18,1,2
1_16,22.94,4.58,28,0,0,NaN,26,12091,12146,HPB,27,1951-09-09 21:00:00,1951-09-11 00:30:00,NaN,1951,9,10,0,1951,9,11,0,2,6
2_16,63.96,3.19,98.5,0,57,NaN,57.5,12168,12364,HPB,27,1951-09-11 11:30:00,1951-09-15 13:30:00,NaN,1951,9,11,12,1951,9,15,12,2,6
3_16,53.115,5.24,63,16.5,34,NaN,0,28928,29053,HPB,27,1952-08-25 15:30:00,1952-08-28 06:00:00,NaN,1952,8,25,18,1952,8,28,6,3,8
4_16,21.64,4.7,25,0,0,NaN,0,64264,64313,HPB,27,1954-08-31 19:30:00,1954-09-01 20:00:00,NaN,1954,8,31,18,1954,9,1,18,1,8
5_16,62.81,8.79,84,44.5,83.5,NaN,0,64407,64574,HPB,27,1954-09-03 19:00:00,1954-09-07 06:30:00,NaN,1954,9,3,18,1954,9,7,6,1,8
6_16,42.18,5.11,72.5,0,0,NaN,0,83925,84069,HPB,27,1955-10-15 10:00:00,1955-10-18 10:00:00,NaN,1955,10,15,12,1955,10,18,12,1,2
7_16,28.155,5.11,114,0,0,NaN,0,102734,102961,HPB,27,1956-11-10 06:30:00,1956-11-15 00:00:00,NaN,1956,11,10,6,1956,11,15,0,1,2
8_16,63.86,4,35.5,0,0,NaN,0,117487,117557,HPB,27,1957-09-13 15:00:00,1957-09-15 02:00:00,NaN,1957,9,13,18,1957,9,15,0,2,9
9_16,32,4.35,43,0,0,NaN,0,152485,152570,HPB,27,1959-09-12 18:00:00,1959-09-14 12:30:00,NaN,1959,9,12,18,1959,9,14,12,1,9
10_16,77.835,6.85,52.5,1.5,27,NaN,0,167671,167775,HPB,27,1960-07-25 03:00:00,1960-07-27 07:00:00,NaN,1960,7,25,6,1960,7,27,6,3,8
11_16,45.92,2.96,78.5,22.5,41,NaN,0,183370,183526,HPB,27,1961-06-17 04:30:00,1961-06-20 10:30:00,NaN,1961,6,17,6,1961,6,20,12,2,9
12_16,25.85,1.38,54,0,25.5,NaN,0,200902,201009,HPB,27,1962-06-17 10:30:00,1962-06-19 16:00:00,NaN,1962,6,17,12,1962,6,19,18,2,6
13_16,30.56,2.94,50.5,0,0,NaN,0,224630,224730,HPB,27,1963-10-24 18:30:00,1963-10-26 20:30:00,NaN,1963,10,24,18,1963,10,26,18,3,6
14_16,41.205,3.65,61,0,25,NaN,0,224903,225024,HPB,27,1963-10-30 11:00:00,1963-11-01 23:30:00,NaN,1963,10,30,12,1963,11,2,0,3,6
15_16,58.86,3.83,176.5,0,0,NaN,0,242212,242564,HPB,27,1964-10-25 01:30:00,1964-11-01 09:30:00,NaN,1964,10,25,0,1964,11,1,12,3,6
16_16,24.85,5.68,26.5,0,0,NaN,0,276173,276225,HPB,27,1966-10-02 14:00:00,1966-10-03 16:00:00,NaN,1966,10,2,12,1966,10,3,18,1,6
17_16,30.5,2.22,65,22.5,63.5,NaN,0,293556,293685,HPB,27,1967-09-29 17:30:00,1967-10-02 10:00:00,NaN,1967,9,29,18,1967,10,2,12,3,8
18_16,33.56,2.68,43.5,0,0,NaN,0,308874,308960,HPB,27,1968-08-13 20:30:00,1968-08-15 15:30:00,NaN,1968,8,13,18,1968,8,15,18,2,6
19_16,25.075,2.34,41.5,0,14.5,NaN,0,329435,329517,HPB,27,1969-10-16 05:00:00,1969-10-17 22:00:00,NaN,1969,10,16,6,1969,10,18,0,3,1
20_16,25.44,2.41,26.5,0,0,NaN,0,329837,329889,HPB,27,1969-10-24 14:00:00,1969-10-25 16:00:00,NaN,1969,10,24,12,1969,10,25,18,3,1
21_16,29.21,1.31,106.5,0,0,NaN,0,342098,342310,HPB,27,1970-07-07 00:30:00,1970-07-11 10:30:00,NaN,1970,7,7,0,1970,7,11,12,2,5
22_16,26.71,1.67,32,0,0,NaN,0,364227,364290,HPB,27,1971-10-11 01:00:00,1971-10-12 08:30:00,NaN,1971,10,11,0,1971,10,12,6,1,8
23_16,31.89,3.22,60,0,0,NaN,0,364561,364680,HPB,27,1971-10-18 00:00:00,1971-10-20 11:30:00,NaN,1971,10,18,0,1971,10,20,12,1,8
24_16,26.08,3.22,52.5,0,0,NaN,0,383173,383277,HPB,27,1972-11-08 18:00:00,1972-11-10 22:00:00,NaN,1972,11,8,18,1972,11,11,0,2,8
25_16,33.13,2.09,86,0,0,NaN,0,383572,383743,HPB,27,1972-11-17 01:30:00,1972-11-20 15:00:00,NaN,1972,11,17,0,1972,11,20,18,2,8
26_16,29.905,2.09,41.5,0,41.5,NaN,0,395861,395943,HPB,27,1973-07-31 02:00:00,1973-08-01 19:00:00,NaN,1973,7,31,0,1973,8,1,18,2,7
27_16,35.57,2.7,53.5,0,0,NaN,0,416423,416529,HPB,27,1974-10-02 11:00:00,1974-10-04 16:00:00,NaN,1974,10,2,12,1974,10,4,18,3,8
28_16,60.66,2.13,60.5,0,0,NaN,0,435745,435865,HPB,27,1975-11-09 00:00:00,1975-11-11 12:00:00,NaN,1975,11,9,0,1975,11,11,12,2,5
29_16,52.695,1.75,104,0,12.5,NaN,0,449890,450097,HPB,27,1976-08-29 16:30:00,1976-09-03 00:00:00,NaN,1976,8,29,18,1976,9,3,0,2,1
30_16,28.57,3.41,54.5,0,0,NaN,0,469849,469957,HPB,27,1977-10-19 12:00:00,1977-10-21 18:00:00,NaN,1977,10,19,12,1977,10,21,18,1,2
31_16,41.335,3.99,79.5,12,23,NaN,0,482631,482789,HPB,27,1978-07-12 19:00:00,1978-07-16 02:00:00,NaN,1978,7,12,18,1978,7,16,0,2,7
32_16,59.13,5.13,89,34.5,43,NaN,0,518505,518682,HPB,27,1980-07-29 04:00:00,1980-08-01 20:30:00,NaN,1980,7,29,6,1980,8,1,18,3,6
33_16,26.15,2.01,43,0,23,NaN,0,539030,539115,HPB,27,1981-09-29 18:30:00,1981-10-01 13:00:00,NaN,1981,9,29,18,1981,10,1,12,2,6
34_16,56.855,4.37,75.5,16,57.5,NaN,0,554348,554498,HPB,27,1982-08-14 21:30:00,1982-08-18 00:30:00,NaN,1982,8,15,0,1982,8,18,0,2,9
35_16,25.99,2.88,50.5,0,0,NaN,0,570446,570546,HPB,27,1983-07-16 06:30:00,1983-07-18 08:30:00,NaN,1983,7,16,6,1983,7,18,6,1,7
36_16,54.81,3.83,74.5,0.5,13.5,NaN,0,593296,593444,HPB,27,1984-11-03 07:30:00,1984-11-06 09:30:00,NaN,1984,11,3,6,1984,11,6,12,3,2
37_16,63.495,8.16,32,0,0,NaN,0,608510,608573,HPB,27,1985-09-16 06:30:00,1985-09-17 14:00:00,NaN,1985,9,16,6,1985,9,17,12,1,5
38_16,81.835,3.69,83.5,0,0,NaN,0,625374,625540,HPB,27,1986-09-02 14:30:00,1986-09-06 01:30:00,NaN,1986,9,2,12,1986,9,6,0,2,6
39_16,33.7,3.67,74,0,0,NaN,0,645881,646028,HPB,27,1987-11-03 20:00:00,1987-11-06 21:30:00,NaN,1987,11,3,18,1987,11,7,0,3,2
40_16,78.015,6.76,90,11.5,31,NaN,0,660148,660327,HPB,27,1988-08-27 01:30:00,1988-08-30 19:00:00,NaN,1988,8,27,0,1988,8,30,18,1,5
41_16,32.97,5.03,16,0,0,NaN,0,678654,678685,HPB,27,1989-09-16 14:30:00,1989-09-17 06:00:00,NaN,1989,9,16,12,1989,9,17,6,1,1
42_16,37.89,2.18,55,0,0,NaN,0,695589,695698,HPB,27,1990-09-04 10:00:00,1990-09-06 16:30:00,NaN,1990,9,4,12,1990,9,6,18,2,9
43_16,58.875,5.6,38.5,0,0,NaN,0,712931,713007,HPB,27,1991-08-31 17:00:00,1991-09-02 07:00:00,NaN,1991,8,31,18,1991,9,2,6,3,8
44_16,55.53,3.99,49,15,27,NaN,0,729941,730038,HPB,27,1992-08-20 02:00:00,1992-08-22 02:30:00,NaN,1992,8,20,0,1992,8,22,0,2,8
45_16,68.2,5.45,74.5,25,49.5,NaN,0,746705,746853,HPB,27,1993-08-04 08:00:00,1993-08-07 10:00:00,NaN,1993,8,4,6,1993,8,7,12,3,8
46_16,44.415,4.15,69,0,0,NaN,0,765782,765919,HPB,27,1994-09-05 18:30:00,1994-09-08 15:00:00,NaN,1994,9,5,18,1994,9,8,18,3,5
47_16,26.605,2.64,47.5,0,0,NaN,0,782769,782863,HPB,27,1995-08-25 16:00:00,1995-08-27 15:00:00,NaN,1995,8,25,18,1995,8,27,18,1,6
48_16,48.365,3.52,61.5,0,0,NaN,0,802115,802237,HPB,27,1996-10-01 17:00:00,1996-10-04 06:00:00,NaN,1996,10,1,18,1996,10,4,6,3,2
49_16,50.795,4.09,43,23,20,NaN,0,818165,818250,HPB,27,1997-09-01 02:00:00,1997-09-02 20:30:00,NaN,1997,9,1,0,1997,9,2,18,3,6
50_16,27.97,1.54,65.5,0,0,NaN,0,835354,835484,HPB,27,1998-08-25 04:30:00,1998-08-27 21:30:00,NaN,1998,8,25,6,1998,8,28,0,2,8
51_16,21.77,3.21,96.5,0,0,NaN,0,856964,857156,HPB,27,1999-11-18 09:30:00,1999-11-22 09:30:00,NaN,1999,11,18,12,1999,11,22,12,1,2
52_16,36.885,5.1,22.5,0,0,NaN,0,873840,873884,HPB,27,2000-11-03 23:30:00,2000-11-04 21:30:00,NaN,2000,11,4,0,2000,11,5,0,3,2
53_16,45.15,4.03,42.5,0,6.5,NaN,0,888222,888306,HPB,27,2001-08-30 14:30:00,2001-09-01 08:30:00,NaN,2001,8,30,12,2001,9,1,6,2,2
54_16,34.58,2.11,90,0,0,NaN,0,902772,902951,HPB,27,2002-06-29 17:30:00,2002-07-03 11:00:00,NaN,2002,6,29,18,2002,7,3,12,2,9
55_16,29.62,5.42,26,0,0,NaN,0,921403,921454,HPB,27,2003-07-22 21:00:00,2003-07-23 22:30:00,NaN,2003,7,23,0,2003,7,24,0,1,9
56_16,41.965,2.86,55,25.5,29.5,NaN,0,942708,942817,HPB,27,2004-10-08 17:30:00,2004-10-11 00:00:00,NaN,2004,10,8,18,2004,10,11,0,3,6
57_16,34.375,3.57,55.5,0,0,NaN,0,957457,957567,HPB,27,2005-08-12 00:00:00,2005-08-14 07:00:00,NaN,2005,8,12,0,2005,8,14,6,1,7
58_16,51.95,3.78,107.5,0,0,NaN,0,975208,975422,HPB,27,2006-08-16 19:30:00,2006-08-21 06:30:00,NaN,2006,8,16,18,2006,8,21,6,3,6
59_16,30.675,2.02,60.5,0,11,NaN,0,994364,994484,HPB,27,2007-09-19 21:30:00,2007-09-22 09:30:00,NaN,2007,9,20,0,2007,9,22,12,2,6
60_16,27.685,4.3,33.5,0,0,NaN,0,1011611,1011677,HPB,27,2008-09-13 05:00:00,2008-09-14 14:00:00,NaN,2008,9,13,6,2008,9,14,12,2,3
61_16,40.61,2.31,36,0,9,NaN,0,1011914,1011985,HPB,27,2008-09-19 12:30:00,2008-09-21 00:00:00,NaN,2008,9,19,12,2008,9,21,0,2,3
62_16,49.2,3.08,85,20.5,59,NaN,0,1028498,1028667,HPB,27,2009-08-31 00:30:00,2009-09-03 13:00:00,NaN,2009,8,31,0,2009,9,3,12,2,9
63_16,30.86,5.06,21,0,0,NaN,0,1045758,1045799,HPB,27,2010-08-25 14:30:00,2010-08-26 11:00:00,NaN,2010,8,25,12,2010,8,26,12,1,7
1_17,27.095,1.15,67,0,33.5,NaN,0,9193,9326,HPB,28,1951-07-11 12:00:00,1951-07-14 06:30:00,NaN,1951,7,11,12,1951,7,14,6,2,10
2_17,20.22,2.74,28.5,0,2.5,NaN,0,29424,29480,HPB,28,1952-09-04 23:30:00,1952-09-06 03:30:00,NaN,1952,9,5,0,1952,9,6,6,3,5
3_17,42.76,4,50,23,27,NaN,0,29504,29603,HPB,28,1952-09-06 15:30:00,1952-09-08 17:00:00,NaN,1952,9,6,18,1952,9,8,18,3,5
4_17,28.18,4.09,24,0,0,NaN,0,46867,46914,HPB,28,1953-09-03 09:00:00,1953-09-04 08:30:00,NaN,1953,9,3,12,1953,9,4,6,3,5
5_17,43.87,4.31,45.5,0,34.5,NaN,0,46997,47087,HPB,28,1953-09-06 02:00:00,1953-09-07 23:00:00,NaN,1953,9,6,0,1953,9,8,0,3,5
6_17,42.64,3.24,79,0,0,NaN,0,67173,67330,HPB,28,1954-10-31 10:00:00,1954-11-03 16:30:00,NaN,1954,10,31,12,1954,11,3,18,2,8
7_17,27.745,3.45,54.5,0,0,NaN,0,85062,85170,HPB,28,1955-11-08 02:30:00,1955-11-10 08:30:00,NaN,1955,11,8,0,1955,11,10,6,3,8
8_17,30.35,1.95,43,0,0,NaN,0,85247,85332,HPB,28,1955-11-11 23:00:00,1955-11-13 17:30:00,NaN,1955,11,12,0,1955,11,13,18,3,8
9_17,78.23,5.52,110,27.5,49,NaN,0,97919,98138,HPB,28,1956-08-01 23:00:00,1956-08-06 12:30:00,NaN,1956,8,2,0,1956,8,6,12,2,8
10_17,24.145,4.18,27,8,19,NaN,0,116377,116430,HPB,28,1957-08-21 12:00:00,1957-08-22 14:30:00,NaN,1957,8,21,12,1957,8,22,12,3,1
11_17,40.105,1.79,118.5,0,0,NaN,0,149995,150231,HPB,28,1959-07-22 21:00:00,1959-07-27 19:00:00,NaN,1959,7,23,0,1959,7,27,18,2,6
12_17,28.25,2.23,50.5,0,0,NaN,0,168499,168599,HPB,28,1960-08-11 09:00:00,1960-08-13 11:00:00,NaN,1960,8,11,12,1960,8,13,12,2,7
13_17,56.15,2.63,72,0,0,NaN,0,168686,168829,HPB,28,1960-08-15 06:30:00,1960-08-18 06:00:00,NaN,1960,8,15,6,1960,8,18,6,2,7
14_17,75.355,5.69,48,0,0,NaN,0,187766,187861,HPB,28,1961-09-16 18:30:00,1961-09-18 18:00:00,NaN,1961,9,16,18,1961,9,18,18,3,8
15_17,35.745,3.33,99.5,0,0,NaN,0,205639,205837,HPB,28,1962-09-24 03:00:00,1962-09-28 06:00:00,NaN,1962,9,24,6,1962,9,28,6,3,9
16_17,34.335,3.32,56,0,0,NaN,0,221717,221828,HPB,28,1963-08-25 02:00:00,1963-08-27 09:30:00,NaN,1963,8,25,0,1963,8,27,12,2,7
17_17,27.05,2.12,99,0,46,NaN,0,238242,238439,HPB,28,1964-08-03 08:30:00,1964-08-07 11:00:00,NaN,1964,8,3,6,1964,8,7,12,1,2
18_17,36.915,5.57,51.5,0,0,NaN,0,238675,238777,HPB,28,1964-08-12 09:00:00,1964-08-14 12:00:00,NaN,1964,8,12,12,1964,8,14,12,1,2
19_17,131.35,8.55,69.5,14,22.5,NaN,0,258097,258235,HPB,28,1965-09-21 00:00:00,1965-09-23 21:00:00,NaN,1965,9,21,0,1965,9,24,0,2,6
20_17,57.855,9.08,54,0,10,NaN,0,258270,258377,HPB,28,1965-09-24 14:30:00,1965-09-26 20:00:00,NaN,1965,9,24,12,1965,9,26,18,2,6
21_17,44.505,3.53,42.5,0,0.5,NaN,0,274115,274199,HPB,28,1966-08-20 17:00:00,1966-08-22 11:00:00,NaN,1966,8,20,18,1966,8,22,12,3,8
22_17,88.57,8.17,77.5,13,20,NaN,0,274448,274602,HPB,28,1966-08-27 15:30:00,1966-08-30 20:30:00,NaN,1966,8,27,18,1966,8,30,18,3,8
23_17,41.145,3.4,66,29,37,NaN,0,308978,309109,HPB,28,1968-08-16 00:30:00,1968-08-18 18:00:00,NaN,1968,8,16,0,1968,8,18,18,2,6
24_17,60.77,3.71,75.5,0,2.5,NaN,0,309488,309638,HPB,28,1968-08-26 15:30:00,1968-08-29 18:30:00,NaN,1968,8,26,18,1968,8,29,18,2,6
25_17,29.95,1.94,55,0,0,NaN,0,329585,329694,HPB,28,1969-10-19 08:00:00,1969-10-21 14:30:00,NaN,1969,10,19,6,1969,10,21,12,3,10
26_17,23.87,4.72,28,0,0,NaN,0,344925,344980,HPB,28,1970-09-03 22:00:00,1970-09-05 01:30:00,NaN,1970,9,4,0,1970,9,5,0,1,2
27_17,69.035,8.3,78,0,16.5,NaN,0,345104,345259,HPB,28,1970-09-07 15:30:00,1970-09-10 21:00:00,NaN,1970,9,7,18,1970,9,11,0,1,2
28_17,35.035,2.65,98,0,14,NaN,0,365278,365473,HPB,28,1971-11-01 22:30:00,1971-11-06 00:00:00,NaN,1971,11,2,0,1971,11,6,0,1,8
29_17,44.84,4.31,60.5,0,0,NaN,0,382431,382551,HPB,28,1972-10-24 07:00:00,1972-10-26 19:00:00,NaN,1972,10,24,6,1972,10,26,18,3,8
30_17,27.89,1.65,68.5,0,12.5,NaN,0,395914,396050,HPB,28,1973-08-01 04:30:00,1973-08-04 00:30:00,NaN,1973,8,1,6,1973,8,4,0,1,5
31_17,30.48,8.06,22,17.5,4.5,NaN,0,396118,396161,HPB,28,1973-08-05 10:30:00,1973-08-06 08:00:00,NaN,1973,8,5,12,1973,8,6,6,1,5
32_17,33.655,3.68,60.5,38,0,NaN,0,396370,396490,HPB,28,1973-08-10 16:30:00,1973-08-13 04:30:00,NaN,1973,8,10,18,1973,8,13,6,1,5
33_17,20.995,2.81,43,0,0,NaN,0,430676,430761,HPB,28,1975-07-26 09:30:00,1975-07-28 04:00:00,NaN,1975,7,26,12,1975,7,28,6,1,9
34_17,20.985,1.47,62.5,0,5,NaN,0,453428,453552,HPB,28,1976-11-11 09:30:00,1976-11-13 23:30:00,NaN,1976,11,11,12,1976,11,14,0,3,8
35_17,77.36,3.87,76.5,0,0,NaN,0,465616,465768,HPB,28,1977-07-23 07:30:00,1977-07-26 11:30:00,NaN,1977,7,23,6,1977,7,26,12,2,2
36_17,55.685,3.5,45.5,0,3,NaN,0,487820,487910,HPB,28,1978-10-28 21:30:00,1978-10-30 18:30:00,NaN,1978,10,29,0,1978,10,30,18,3,6
37_17,69.86,4.59,34,11.5,20.5,NaN,0,501933,502000,HPB,28,1979-08-18 22:00:00,1979-08-20 07:30:00,NaN,1979,8,19,0,1979,8,20,6,2,1
38_17,36.295,7.21,27.5,11,16.5,NaN,0,519432,519486,HPB,28,1980-08-17 11:30:00,1980-08-18 14:30:00,NaN,1980,8,17,12,1980,8,18,12,2,6
39_17,75.885,4.68,49.5,0,5.5,NaN,0,519800,519898,HPB,28,1980-08-25 03:30:00,1980-08-27 04:30:00,NaN,1980,8,25,6,1980,8,27,6,2,6
40_17,26.11,1.33,46.5,28.5,5,NaN,0,553063,553155,HPB,28,1982-07-19 03:00:00,1982-07-21 01:00:00,NaN,1982,7,19,6,1982,7,21,0,2,9
41_17,27.075,6.35,53,0,0,NaN,0,573030,573135,HPB,28,1983-09-08 02:30:00,1983-09-10 07:00:00,NaN,1983,9,8,0,1983,9,10,6,3,9
42_17,40.045,2.65,51.5,39,12.5,NaN,0,573355,573457,HPB,28,1983-09-14 21:00:00,1983-09-17 00:00:00,NaN,1983,9,15,0,1983,9,17,0,3,9
43_17,77.19,3.87,65,0,0,NaN,0,593256,593385,HPB,28,1984-11-02 11:30:00,1984-11-05 04:00:00,NaN,1984,11,2,12,1984,11,5,6,2,8
44_17,20.685,1.07,118,0,0,NaN,0,609433,609668,HPB,28,1985-10-05 12:00:00,1985-10-10 09:30:00,NaN,1985,10,5,12,1985,10,10,12,2,8
45_17,24.76,3.16,24,0,22.5,NaN,0,625805,625852,HPB,28,1986-09-11 14:00:00,1986-09-12 13:30:00,NaN,1986,9,11,12,1986,9,12,12,1,5
46_17,25.325,2.68,19.5,0,0,NaN,0,643799,643837,HPB,28,1987-09-21 11:00:00,1987-09-22 06:00:00,NaN,1987,9,21,12,1987,9,22,6,1,6
47_17,23.265,2.02,64.5,0,0,NaN,0,662548,662676,HPB,28,1988-10-16 01:30:00,1988-10-18 17:30:00,NaN,1988,10,16,0,1988,10,18,18,3,4
48_17,51.77,4.43,82.5,0,25,NaN,0,679027,679191,HPB,28,1989-09-24 09:00:00,1989-09-27 19:00:00,NaN,1989,9,24,12,1989,9,27,18,2,2
49_17,33.81,4.85,22.5,17,5.5,NaN,0,695056,695100,HPB,28,1990-08-24 07:30:00,1990-08-25 05:30:00,NaN,1990,8,24,6,1990,8,25,6,2,7
50_17,32.87,2.73,42,0,0,NaN,0,695179,695262,HPB,28,1990-08-26 21:00:00,1990-08-28 14:30:00,NaN,1990,8,27,0,1990,8,28,12,2,7
51_17,63.295,5.67,83,0,0,NaN,0,695432,695597,HPB,28,1990-09-01 03:30:00,1990-09-04 14:00:00,NaN,1990,9,1,6,1990,9,4,12,2,7
52_17,23.655,2.22,69.5,0,0,NaN,0,712108,712246,HPB,28,1991-08-14 13:30:00,1991-08-17 10:30:00,NaN,1991,8,14,12,1991,8,17,12,3,8
53_17,61.07,3.25,50.5,0,0.5,NaN,0,712570,712670,HPB,28,1991-08-24 04:30:00,1991-08-26 06:30:00,NaN,1991,8,24,6,1991,8,26,6,3,8
54_17,89.92,8.66,40,31,9,NaN,0,728967,729046,HPB,28,1992-07-30 19:00:00,1992-08-01 10:30:00,NaN,1992,7,30,18,1992,8,1,12,3,9
55_17,34.435,2.12,73.5,0,0,NaN,0,747372,747518,HPB,28,1993-08-18 05:30:00,1993-08-21 06:30:00,NaN,1993,8,18,6,1993,8,21,6,2,2
56_17,60.855,2.83,107,42,24,NaN,0,766557,766770,HPB,28,1994-09-21 22:00:00,1994-09-26 08:30:00,NaN,1994,9,22,0,1994,9,26,6,2,9
57_17,47.025,5.35,61,0,0,NaN,0,782348,782469,HPB,28,1995-08-16 21:30:00,1995-08-19 10:00:00,NaN,1995,8,17,0,1995,8,19,12,1,9
58_17,31.095,2.41,29.5,0,0,NaN,0,796529,796587,HPB,28,1996-06-07 08:00:00,1996-06-08 13:00:00,NaN,1996,6,7,6,1996,6,8,12,3,2
59_17,65.56,7.19,67,9.5,47.5,NaN,0,818060,818193,HPB,28,1997-08-29 21:30:00,1997-09-01 16:00:00,NaN,1997,8,30,0,1997,9,1,18,2,7
60_17,23.985,3.44,54.5,0,0,NaN,0,839105,839213,HPB,28,1998-11-11 08:00:00,1998-11-13 14:00:00,NaN,1998,11,11,6,1998,11,13,12,3,8
61_17,56.665,9.81,28,15,13,NaN,0,854195,854250,HPB,28,1999-09-21 17:00:00,1999-09-22 20:30:00,NaN,1999,9,21,18,1999,9,22,18,1,9
62_17,28.505,3.53,25.5,0,0,NaN,0,872313,872363,HPB,28,2000-10-03 04:00:00,2000-10-04 05:00:00,NaN,2000,10,3,6,2000,10,4,6,1,9
63_17,29.895,1.69,95.5,14.5,39.5,NaN,0,886554,886744,HPB,28,2001-07-26 20:30:00,2001-07-30 19:30:00,NaN,2001,7,26,18,2001,7,30,18,2,3
64_15,47.69,3.64,45.5,7,25,NaN,0,904702,904792,HPB,28,2002-08-08 22:30:00,2002-08-10 19:30:00,NaN,2002,8,9,0,2002,8,10,18,2,9
65_15,107.95,3.65,122,0,54.5,NaN,0,922702,922945,HPB,28,2003-08-18 22:30:00,2003-08-24 00:00:00,NaN,2003,8,19,0,2003,8,24,0,2,5
66_14,35.055,1.5,83,0,50.5,NaN,0,945292,945457,HPB,28,2004-12-01 13:30:00,2004-12-05 00:00:00,NaN,2004,12,1,12,2004,12,5,0,2,9
67_14,67.14,5.21,71,0,0,NaN,0,958511,958652,HPB,28,2005-09-02 23:00:00,2005-09-05 21:30:00,NaN,2005,9,3,0,2005,9,6,0,3,6
68_11,57.14,6.9,55.5,40.5,15,NaN,0,977022,977132,HPB,28,2006-09-23 14:30:00,2006-09-25 21:30:00,NaN,2006,9,23,12,2006,9,26,0,3,8
69_6,52.825,2.59,74.5,0,51.5,NaN,0,993934,994082,HPB,28,2007-09-10 22:30:00,2007-09-14 00:30:00,NaN,2007,9,11,0,2007,9,14,0,2,6
70_6,34.24,6.45,28.5,0,16,NaN,0,994110,994166,HPB,28,2007-09-14 14:30:00,2007-09-15 18:30:00,NaN,2007,9,14,12,2007,9,15,18,2,6
71_5,31.095,2.6,89.5,0,0,NaN,0,1025199,1025377,HPB,28,2009-06-23 07:00:00,2009-06-27 00:00:00,NaN,2009,6,23,6,2009,6,27,0,1,5
1_18,87.31,3.23,113,0,0,NaN,69.5,11368,11593,HPB,29,1951-08-25 19:30:00,1951-08-30 12:00:00,NaN,1951,8,25,18,1951,8,30,12,2,9
2_18,41.81,4.96,76.5,48,28.5,NaN,0,28955,29107,HPB,29,1952-08-26 05:00:00,1952-08-29 09:00:00,NaN,1952,8,26,6,1952,8,29,12,1,9
3_18,20.18,1.33,117,0,0,NaN,0,50166,50399,HPB,29,1953-11-11 02:30:00,1953-11-15 23:00:00,NaN,1953,11,11,0,1953,11,16,0,3,6
4_18,27.785,2.19,72.5,0,0,NaN,0,50528,50672,HPB,29,1953-11-18 15:30:00,1953-11-21 15:30:00,NaN,1953,11,18,18,1953,11,21,18,3,6
5_18,41.39,5.87,23,14,9,NaN,0,64173,64218,HPB,29,1954-08-29 22:00:00,1954-08-30 20:30:00,NaN,1954,8,30,0,1954,8,30,18,1,9
6_18,66.62,6.91,89.5,0,0,NaN,0,81130,81308,HPB,29,1955-08-18 04:30:00,1955-08-21 21:30:00,NaN,1955,8,18,6,1955,8,22,0,3,6
7_18,91.96,7.22,83,1.5,15,NaN,0,101081,101246,HPB,29,1956-10-06 20:00:00,1956-10-10 06:30:00,NaN,1956,10,6,18,1956,10,10,6,2,2
8_18,37.74,3.84,32,0,38.5,NaN,0,116987,117050,HPB,29,1957-09-03 05:00:00,1957-09-04 12:30:00,NaN,1957,9,3,6,1957,9,4,12,3,8
9_18,22.685,2.96,50.5,5,25.5,NaN,0,133545,133645,HPB,29,1958-08-14 04:00:00,1958-08-16 06:00:00,NaN,1958,8,14,6,1958,8,16,6,3,1
10_18,75.34,4.43,69,59.5,9.5,NaN,0,151808,151945,HPB,29,1959-08-29 15:30:00,1959-09-01 12:00:00,NaN,1959,8,29,18,1959,9,1,12,2,8
11_18,48.935,12.96,22.5,1.5,3,NaN,0,151973,152017,HPB,29,1959-09-02 02:00:00,1959-09-03 00:00:00,NaN,1959,9,2,0,1959,9,3,0,2,8
12_18,26.175,2.26,55,0,0,NaN,0,167589,167698,HPB,29,1960-07-23 10:00:00,1960-07-25 16:30:00,NaN,1960,7,23,12,1960,7,25,18,2,9
13_18,61.95,3.51,80,38.5,41.5,NaN,0,167856,168015,HPB,29,1960-07-28 23:30:00,1960-08-01 07:00:00,NaN,1960,7,29,0,1960,8,1,6,2,9
14_18,49.685,5.02,31.5,0,0,NaN,0,187145,187207,HPB,29,1961-09-03 20:00:00,1961-09-05 03:00:00,NaN,1961,9,3,18,1961,9,5,6,3,2
15_18,106.485,5.01,92.5,3,23,NaN,0,204521,204705,HPB,29,1962-08-31 20:00:00,1962-09-04 16:00:00,NaN,1962,8,31,18,1962,9,4,18,2,6
16_18,54.385,4.58,84.5,22.5,48.5,NaN,0,219776,219944,HPB,29,1963-07-15 15:30:00,1963-07-19 03:30:00,NaN,1963,7,15,18,1963,7,19,6,2,8
17_18,24.665,3.91,26,0,1.5,NaN,0,238695,238746,HPB,29,1964-08-12 19:00:00,1964-08-13 20:30:00,NaN,1964,8,12,18,1964,8,13,18,1,8
18_18,28.64,5.3,30.5,18,12.5,NaN,0,239010,239070,HPB,29,1964-08-19 08:30:00,1964-08-20 14:30:00,NaN,1964,8,19,6,1964,8,20,12,1,8
19_18,59.24,8.23,27.5,0,3.5,NaN,0,258073,258127,HPB,29,1965-09-20 12:00:00,1965-09-21 15:00:00,NaN,1965,9,20,12,1965,9,21,18,1,6
20_18,46.19,5.38,33.5,0,20,NaN,0,274478,274544,HPB,29,1966-08-28 06:30:00,1966-08-29 15:30:00,NaN,1966,8,28,6,1966,8,29,18,3,1
21_18,61.875,6.28,44,0,0.5,NaN,0,293365,293452,HPB,29,1967-09-25 18:00:00,1967-09-27 13:30:00,NaN,1967,9,25,18,1967,9,27,12,1,9
22_18,20.58,1.03,72.5,0,0,NaN,0,308616,308760,HPB,29,1968-08-08 11:30:00,1968-08-11 11:30:00,NaN,1968,8,8,12,1968,8,11,12,3,9
23_18,94.305,9.02,28,11.5,16.5,NaN,0,309008,309063,HPB,29,1968-08-16 15:30:00,1968-08-17 19:00:00,NaN,1968,8,16,18,1968,8,17,18,3,9
24_18,42.275,2.23,60.5,14.5,46,NaN,0,344569,344689,HPB,29,1970-08-27 12:00:00,1970-08-30 00:00:00,NaN,1970,8,27,12,1970,8,30,0,2,9
25_18,50.62,4.42,58.5,0,0,NaN,0,380606,380722,HPB,29,1972-09-16 06:30:00,1972-09-18 16:30:00,NaN,1972,9,16,6,1972,9,18,18,3,8
26_18,26.415,2.26,39.5,26,13.5,NaN,0,381026,381104,HPB,29,1972-09-25 00:30:00,1972-09-26 15:30:00,NaN,1972,9,25,0,1972,9,26,18,3,8
27_18,39.305,3.39,51,0,0,NaN,0,397998,398099,HPB,29,1973-09-13 14:30:00,1973-09-15 17:00:00,NaN,1973,9,13,12,1973,9,15,18,2,2
28_18,69.385,4.34,63,0,0,NaN,0,414592,414717,HPB,29,1974-08-25 07:30:00,1974-08-27 22:00:00,NaN,1974,8,25,6,1974,8,28,0,2,8
29_18,21.365,1.39,54,0,0,NaN,0,433740,433847,HPB,29,1975-09-28 05:30:00,1975-09-30 11:00:00,NaN,1975,9,28,6,1975,9,30,12,2,8
30_18,35.6,3.56,42.5,0,11.5,NaN,0,450171,450255,HPB,29,1976-09-04 13:00:00,1976-09-06 07:00:00,NaN,1976,9,4,12,1976,9,6,6,1,8
31_18,33.45,2.14,60,29.5,24.5,NaN,0,468770,468889,HPB,29,1977-09-27 00:30:00,1977-09-29 12:00:00,NaN,1977,9,27,0,1977,9,29,12,2,6
32_18,57.695,2.65,56,8,31,NaN,0,469279,469390,HPB,29,1977-10-07 15:00:00,1977-10-09 22:30:00,NaN,1977,10,7,18,1977,10,10,0,2,6
33_18,21.5,2.41,50,0,0,NaN,0,485007,485106,HPB,29,1978-08-31 07:00:00,1978-09-02 08:30:00,NaN,1978,8,31,6,1978,9,2,6,3,7
34_18,64.625,5.77,58,0,33,NaN,0,485354,485469,HPB,29,1978-09-07 12:30:00,1978-09-09 22:00:00,NaN,1978,9,7,12,1978,9,10,0,3,7
35_18,42.65,5.91,39.5,22,17.5,NaN,0,500955,501033,HPB,29,1979-07-29 13:00:00,1979-07-31 04:00:00,NaN,1979,7,29,12,1979,7,31,6,1,6
36_18,91.97,13.01,60.5,0,0,NaN,0,501450,501570,HPB,29,1979-08-08 20:30:00,1979-08-11 08:30:00,NaN,1979,8,8,18,1979,8,11,6,1,6
37_18,47.4,1.93,114,0,0,NaN,0,516256,516483,HPB,29,1980-06-12 07:30:00,1980-06-17 01:00:00,NaN,1980,6,12,6,1980,6,17,0,1,9
38_18,34.295,3.73,64,0,0,NaN,0,516677,516804,HPB,29,1980-06-21 02:00:00,1980-06-23 17:30:00,NaN,1980,6,21,0,1980,6,23,18,1,9
39_18,27.945,1.86,39.5,0,0,NaN,0,539029,539107,HPB,29,1981-09-29 18:00:00,1981-10-01 09:00:00,NaN,1981,9,29,18,1981,10,1,12,3,9
40_18,28.945,3.21,50,0,0,NaN,0,555105,555204,HPB,29,1982-08-30 16:00:00,1982-09-01 17:30:00,NaN,1982,8,30,18,1982,9,1,18,2,1
41_18,42.88,2.45,64,0,0,NaN,0,555579,555706,HPB,29,1982-09-09 13:00:00,1982-09-12 04:30:00,NaN,1982,9,9,12,1982,9,12,6,2,1
42_18,43.995,3.07,44.5,0,0,NaN,0,573269,573357,HPB,29,1983-09-13 02:00:00,1983-09-14 22:00:00,NaN,1983,9,13,0,1983,9,15,0,3,8
43_18,28.495,4.93,25.5,0,0,NaN,0,590599,590649,HPB,29,1984-09-08 03:00:00,1984-09-09 04:00:00,NaN,1984,9,8,6,1984,9,9,6,2,9
44_18,73.32,4,63.5,13,19,NaN,0,590969,591095,HPB,29,1984-09-15 20:00:00,1984-09-18 11:00:00,NaN,1984,9,15,18,1984,9,18,12,2,9
45_18,54.02,3.93,141,0,23.5,NaN,0,623555,623836,HPB,29,1986-07-26 17:00:00,1986-08-01 13:30:00,NaN,1986,7,26,18,1986,8,1,12,2,1
46_18,21.005,0.98,93,0,0,NaN,0,641868,642053,HPB,29,1987-08-12 05:30:00,1987-08-16 02:00:00,NaN,1987,8,12,6,1987,8,16,0,1,6
47_18,41.67,7.21,50.5,17.5,33,NaN,0,642277,642377,HPB,29,1987-08-20 18:00:00,1987-08-22 20:00:00,NaN,1987,8,20,18,1987,8,22,18,1,6
48_18,21.425,1.88,48,0,0,NaN,0,663632,663727,HPB,29,1988-11-07 15:30:00,1988-11-09 15:00:00,NaN,1988,11,7,18,1988,11,9,18,3,8
49_18,41.495,5.26,61.5,0,0.5,NaN,0,677817,677939,HPB,29,1989-08-30 04:00:00,1989-09-01 17:00:00,NaN,1989,8,30,6,1989,9,1,18,1,6
50_18,93,4.83,55.5,0,0,NaN,0,694581,694691,HPB,29,1990-08-14 10:00:00,1990-08-16 17:00:00,NaN,1990,8,14,12,1990,8,16,18,2,7
51_18,25.095,2.18,44.5,0,0,NaN,0,694713,694801,HPB,29,1990-08-17 04:00:00,1990-08-19 00:00:00,NaN,1990,8,17,6,1990,8,19,0,2,7
52_18,32.88,4.09,28,0,28,NaN,0,730348,730403,HPB,29,1992-08-28 13:30:00,1992-08-29 17:00:00,NaN,1992,8,28,12,1992,8,29,18,3,5
53_18,34.06,3.56,34.5,0,14.5,NaN,0,763473,763541,HPB,29,1994-07-19 16:00:00,1994-07-21 02:00:00,NaN,1994,7,19,18,1994,7,21,0,3,9
54_18,23.86,1.51,72,13.5,24.5,NaN,0,779902,780045,HPB,29,1995-06-26 22:30:00,1995-06-29 22:00:00,NaN,1995,6,27,0,1995,6,30,0,3,5
55_18,35.815,2.8,98.5,0,0,NaN,0,780310,780506,HPB,29,1995-07-05 10:30:00,1995-07-09 12:30:00,NaN,1995,7,5,12,1995,7,9,12,3,5
56_18,46.505,3.52,47,0,0,NaN,0,801539,801632,HPB,29,1996-09-19 17:00:00,1996-09-21 15:30:00,NaN,1996,9,19,18,1996,9,21,18,3,9
57_18,36.53,5.39,30,8,18,NaN,0,817903,817962,HPB,29,1997-08-26 15:00:00,1997-08-27 20:30:00,NaN,1997,8,26,18,1997,8,27,18,3,8
58_18,75.675,6.58,42.5,0,12,NaN,0,818351,818435,HPB,29,1997-09-04 23:00:00,1997-09-06 17:00:00,NaN,1997,9,5,0,1997,9,6,18,3,8
59_18,99.17,3.63,132,0,0,NaN,0,834375,834638,HPB,29,1998-08-04 19:00:00,1998-08-10 06:30:00,NaN,1998,8,4,18,1998,8,10,6,2,9
60_18,20.455,1.45,180.5,0,0,NaN,0,856873,857233,HPB,29,1999-11-16 12:00:00,1999-11-24 00:00:00,NaN,1999,11,16,12,1999,11,24,0,3,4
61_18,42.575,3,42.5,30.5,12,NaN,0,869604,869688,HPB,29,2000-08-07 17:30:00,2000-08-09 11:30:00,NaN,2000,8,7,18,2000,8,9,12,2,10
62_18,35.865,3.67,84,0,0,NaN,0,884433,884600,HPB,29,2001-06-12 16:00:00,2001-06-16 03:30:00,NaN,2001,6,12,18,2001,6,16,6,1,9
63_18,62.08,6.03,97,0,0,NaN,0,884756,884949,HPB,29,2001-06-19 09:30:00,2001-06-23 10:00:00,NaN,2001,6,19,12,2001,6,23,12,1,9
64_16,67.55,4.82,67.5,44.5,23,NaN,0,908183,908317,HPB,29,2002-10-20 11:00:00,2002-10-23 06:00:00,NaN,2002,10,20,12,2002,10,23,6,3,8
65_16,113.72,7.98,71,0,50,NaN,0,923162,923303,HPB,29,2003-08-28 12:30:00,2003-08-31 11:00:00,NaN,2003,8,28,12,2003,8,31,12,3,5
66_15,45.47,3.42,50.5,41,9.5,NaN,0,957055,957155,HPB,29,2005-08-03 15:00:00,2005-08-05 17:00:00,NaN,2005,8,3,18,2005,8,5,18,3,10
67_15,56.205,4.61,51,21,30,NaN,0,994184,994285,HPB,29,2007-09-16 03:30:00,2007-09-18 06:00:00,NaN,2007,9,16,6,2007,9,18,6,3,6
68_12,29.07,1.6,72.5,0,0,NaN,0,1012968,1013112,HPB,29,2008-10-11 11:30:00,2008-10-14 11:30:00,NaN,2008,10,11,12,2008,10,14,12,2,8
69_7,39.06,6.26,18.5,0,0,NaN,0,1029025,1029061,HPB,29,2009-09-11 00:00:00,2009-09-11 18:00:00,NaN,2009,9,11,0,2009,9,11,18,2,6
70_7,73.72,6.67,73.5,0,21.5,NaN,0,1029245,1029391,HPB,29,2009-09-15 14:00:00,2009-09-18 15:00:00,NaN,2009,9,15,12,2009,9,18,18,2,6
71_6,26.47,2.59,28.5,0,0,NaN,0,1046609,1046665,HPB,29,2010-09-12 08:00:00,2010-09-13 12:00:00,NaN,2010,9,12,6,2010,9,13,12,3,5
72_5,32.1,3.39,33.5,0,0,NaN,0,1047165,1047231,HPB,29,2010-09-23 22:00:00,2010-09-25 07:00:00,NaN,2010,9,24,0,2010,9,25,6,3,5
1_19,42.895,3.99,53.5,0,0,NaN,53.5,12370,12476,HPB,30,1951-09-15 16:30:00,1951-09-17 21:30:00,NaN,1951,9,15,18,1951,9,18,0,1,8
2_19,37.62,2.22,110.5,79.5,5.5,NaN,0,30492,30712,HPB,30,1952-09-27 05:30:00,1952-10-01 19:30:00,NaN,1952,9,27,6,1952,10,1,18,2,8
3_19,49.865,1.65,59,0,0,NaN,0,45675,45792,HPB,30,1953-08-09 13:00:00,1953-08-11 23:30:00,NaN,1953,8,9,12,1953,8,12,0,2,5
4_19,55.335,1.33,246,0,205,NaN,0,63314,63805,HPB,30,1954-08-12 00:30:00,1954-08-22 06:00:00,NaN,1954,8,12,0,1954,8,22,6,1,9
5_19,72.81,7.87,40,17,23,NaN,0,63848,63927,HPB,30,1954-08-23 03:30:00,1954-08-24 19:00:00,NaN,1954,8,23,6,1954,8,24,18,1,9
6_19,30.89,3.87,42.5,0,0,NaN,0,82115,82199,HPB,30,1955-09-07 17:00:00,1955-09-09 11:00:00,NaN,1955,9,7,18,1955,9,9,12,1,9
7_19,29.735,5.21,32,0,0,NaN,0,98943,99006,HPB,30,1956-08-23 07:00:00,1956-08-24 14:30:00,NaN,1956,8,23,6,1956,8,24,12,1,9
8_19,41.745,4.79,50.5,0,0,NaN,0,118526,118626,HPB,30,1957-10-05 06:30:00,1957-10-07 08:30:00,NaN,1957,10,5,6,1957,10,7,6,3,8
9_19,88.65,2.81,123.5,0,0,NaN,0,134867,135113,HPB,30,1958-09-10 17:00:00,1958-09-15 20:00:00,NaN,1958,9,10,18,1958,9,15,18,2,7
10_19,91.67,9.81,45,17.5,27.5,NaN,0,153498,153587,HPB,30,1959-10-03 20:30:00,1959-10-05 17:00:00,NaN,1959,10,3,18,1959,10,5,18,3,8
11_19,37.345,1.48,123.5,0,0,NaN,0,168021,168267,HPB,30,1960-08-01 10:00:00,1960-08-06 13:00:00,NaN,1960,8,1,12,1960,8,6,12,2,3
12_19,46.65,8.89,92.5,0,0,NaN,0,205002,205186,HPB,30,1962-09-10 20:30:00,1962-09-14 16:30:00,NaN,1962,9,10,18,1962,9,14,18,1,5
13_19,75.5899999999999,7.02,84,0,11.5,NaN,0,223401,223568,HPB,30,1963-09-29 04:00:00,1963-10-02 15:30:00,NaN,1963,9,29,6,1963,10,2,18,3,9
14_19,20.14,1.33,84,0,16,NaN,0,240926,241093,HPB,30,1964-09-28 06:30:00,1964-10-01 18:00:00,NaN,1964,9,28,6,1964,10,1,18,3,8
15_19,21.935,2.81,34,0,0,NaN,0,257903,257970,HPB,30,1965-09-16 23:00:00,1965-09-18 08:30:00,NaN,1965,9,17,0,1965,9,18,6,1,9
16_19,35.975,4.25,46.5,24.5,19,NaN,0,258178,258270,HPB,30,1965-09-22 16:30:00,1965-09-24 14:30:00,NaN,1965,9,22,18,1965,9,24,12,1,9
17_19,34.68,3.08,46,0,0,NaN,0,276149,276240,HPB,30,1966-10-02 02:00:00,1966-10-03 23:30:00,NaN,1966,10,2,0,1966,10,4,0,2,6
18_19,47.78,4.37,66.5,31,35.5,NaN,0,276253,276385,HPB,30,1966-10-04 06:00:00,1966-10-07 00:00:00,NaN,1966,10,4,6,1966,10,7,0,2,6
19_19,58.31,3.78,77.5,0,0,NaN,0,291698,291852,HPB,30,1967-08-22 00:30:00,1967-08-25 05:30:00,NaN,1967,8,22,0,1967,8,25,6,3,8
20_19,38.995,5.31,33.5,0,0,NaN,0,291904,291970,HPB,30,1967-08-26 07:30:00,1967-08-27 16:30:00,NaN,1967,8,26,6,1967,8,27,18,3,8
21_19,56.5,3.7,32.5,0,0,NaN,0,292221,292285,HPB,30,1967-09-01 22:00:00,1967-09-03 06:00:00,NaN,1967,9,2,0,1967,9,3,6,3,8
22_19,50.775,1.93,121,0,49,NaN,0,308837,309078,HPB,30,1968-08-13 02:00:00,1968-08-18 02:30:00,NaN,1968,8,13,0,1968,8,18,0,2,2
23_19,48.555,2.55,79.5,0,0,NaN,0,309336,309494,HPB,30,1968-08-23 11:30:00,1968-08-26 18:30:00,NaN,1968,8,23,12,1968,8,26,18,2,2
24_19,27.965,2.37,57,0,0,NaN,0,330881,330994,HPB,30,1969-11-15 08:00:00,1969-11-17 16:30:00,NaN,1969,11,15,6,1969,11,17,18,1,6
25_19,44.195,4.63,99,0,0,NaN,0,331147,331344,HPB,30,1969-11-20 21:00:00,1969-11-24 23:30:00,NaN,1969,11,21,0,1969,11,25,0,1,6
26_19,95.06,3.66,71,0,40.5,NaN,0,343591,343732,HPB,30,1970-08-07 03:00:00,1970-08-10 01:30:00,NaN,1970,8,7,6,1970,8,10,0,2,5
27_19,89.18,3.23,118.5,0,0,NaN,0,362105,362341,HPB,30,1971-08-27 20:00:00,1971-09-01 18:00:00,NaN,1971,8,27,18,1971,9,1,18,2,6
28_19,26.99,3.73,22,0,0,NaN,0,382344,382387,HPB,30,1972-10-22 11:30:00,1972-10-23 09:00:00,NaN,1972,10,22,12,1972,10,23,12,3,6
29_19,39.46,1.5,129,0,0,NaN,0,400290,400547,HPB,30,1973-10-31 08:30:00,1973-11-05 17:00:00,NaN,1973,10,31,6,1973,11,5,18,2,6
30_19,36.315,2.61,78.5,0,0,NaN,0,414808,414964,HPB,30,1974-08-29 19:30:00,1974-09-02 01:30:00,NaN,1974,8,29,18,1974,9,2,0,2,6
31_19,28.495,3.45,70,0,0,NaN,0,433092,433231,HPB,30,1975-09-14 17:30:00,1975-09-17 15:00:00,NaN,1975,9,14,18,1975,9,17,18,2,8
32_19,23.42,2.67,117,0,0,NaN,0,454155,454388,HPB,30,1976-11-26 13:00:00,1976-12-01 09:30:00,NaN,1976,11,26,12,1976,12,1,12,1,2
33_19,48.62,3.59,43.5,0,0,NaN,0,467883,467969,HPB,30,1977-09-08 13:00:00,1977-09-10 08:00:00,NaN,1977,9,8,12,1977,9,10,6,2,6
34_19,57.185,3.41,41.5,13,28.5,NaN,0,484316,484398,HPB,30,1978-08-16 21:30:00,1978-08-18 14:30:00,NaN,1978,8,17,0,1978,8,18,12,2,1
35_19,35.11,2.64,27.5,24,3.5,NaN,0,538532,538586,HPB,30,1981-09-19 09:30:00,1981-09-20 12:30:00,NaN,1981,9,19,12,1981,9,20,12,3,6
36_19,28.23,1.87,34,20.5,13.5,NaN,0,554173,554240,HPB,30,1982-08-11 06:00:00,1982-08-12 15:30:00,NaN,1982,8,11,6,1982,8,12,18,1,10
37_19,58.49,7.56,90.5,37,40.5,NaN,0,554348,554528,HPB,30,1982-08-14 21:30:00,1982-08-18 15:30:00,NaN,1982,8,15,0,1982,8,18,18,1,10
38_19,39.37,1.31,96.5,28.5,49,NaN,0,570483,570675,HPB,30,1983-07-17 01:00:00,1983-07-21 01:00:00,NaN,1983,7,17,0,1983,7,21,0,2,6
39_19,59.835,2.91,93.5,0,0,NaN,0,593075,593261,HPB,30,1984-10-29 17:00:00,1984-11-02 14:00:00,NaN,1984,10,29,18,1984,11,2,12,2,9
40_19,51.62,3.69,82,41,41,NaN,0,623397,623560,HPB,30,1986-07-23 10:00:00,1986-07-26 19:30:00,NaN,1986,7,23,12,1986,7,26,18,2,1
41_19,62.12,3.07,69,0,0,NaN,0,640458,640595,HPB,30,1987-07-13 20:30:00,1987-07-16 17:00:00,NaN,1987,7,13,18,1987,7,16,18,2,7
42_19,21.335,2.41,41,0,0,NaN,0,676975,677056,HPB,30,1989-08-12 15:00:00,1989-08-14 07:30:00,NaN,1989,8,12,18,1989,8,14,6,3,6
43_19,20.415,1.49,36,0,0,NaN,0,677120,677191,HPB,30,1989-08-15 15:30:00,1989-08-17 03:00:00,NaN,1989,8,15,18,1989,8,17,6,3,6
44_19,53.885,5.34,48,0,48,NaN,0,677381,677476,HPB,30,1989-08-21 02:00:00,1989-08-23 01:30:00,NaN,1989,8,21,0,1989,8,23,0,3,6
45_19,115.64,5.37,132,46.5,36.5,NaN,0,693098,693361,HPB,30,1990-07-14 12:30:00,1990-07-20 00:00:00,NaN,1990,7,14,12,1990,7,20,0,2,6
46_19,61.4,4.63,76.5,0,0,NaN,0,709521,709673,HPB,30,1991-06-21 16:00:00,1991-06-24 20:00:00,NaN,1991,6,21,18,1991,6,24,18,2,7
47_19,50.255,4.07,67,0,75.5,NaN,0,748182,748315,HPB,30,1993-09-04 02:30:00,1993-09-06 21:00:00,NaN,1993,9,4,0,1993,9,7,0,2,7
48_19,59.895,5.33,68,26.5,28.5,NaN,0,764861,764996,HPB,30,1994-08-17 14:00:00,1994-08-20 09:30:00,NaN,1994,8,17,12,1994,8,20,12,3,7
49_19,49.47,4.77,80.5,0,0,NaN,0,786381,786541,HPB,30,1995-11-08 22:00:00,1995-11-12 06:00:00,NaN,1995,11,9,0,1995,11,12,6,3,8
50_19,22.565,2.57,31.5,0,0,NaN,0,800300,800362,HPB,30,1996-08-24 21:30:00,1996-08-26 04:30:00,NaN,1996,8,25,0,1996,8,26,6,1,9
51_19,81.955,4.96,69.5,27.5,42,NaN,0,817583,817721,HPB,30,1997-08-19 23:00:00,1997-08-22 20:00:00,NaN,1997,8,20,0,1997,8,22,18,2,9
52_19,62.325,3.69,77.5,0,0,NaN,0,835680,835834,HPB,30,1998-08-31 23:30:00,1998-09-04 04:30:00,NaN,1998,9,1,0,1998,9,4,6,2,9
53_19,52.82,4.58,61.5,19.5,19,NaN,0,853259,853381,HPB,30,1999-09-02 05:00:00,1999-09-04 18:00:00,NaN,1999,9,2,6,1999,9,4,18,3,5
54_19,23.575,2.91,41.5,0,0,NaN,0,871046,871128,HPB,30,2000-09-06 18:30:00,2000-09-08 11:30:00,NaN,2000,9,6,18,2000,9,8,12,2,2
55_19,33.55,5.35,58.5,0,18,NaN,0,871273,871389,HPB,30,2000-09-11 12:00:00,2000-09-13 22:00:00,NaN,2000,9,11,12,2000,9,14,0,2,2
56_19,81.375,7.02,75,35,40,NaN,0,886223,886372,HPB,30,2001-07-19 23:00:00,2001-07-23 01:30:00,NaN,2001,7,20,0,2001,7,23,0,2,9
57_19,55,4.14,96.5,31.5,54.5,NaN,0,906055,906247,HPB,30,2002-09-06 03:00:00,2002-09-10 03:00:00,NaN,2002,9,6,6,2002,9,10,6,3,8
58_19,20.16,4.01,42,0,0,NaN,0,925786,925869,HPB,30,2003-10-22 04:30:00,2003-10-23 22:00:00,NaN,2003,10,22,6,2003,10,24,0,1,6
59_19,80.975,2.59,97,23.5,53.5,NaN,0,943192,943385,HPB,30,2004-10-18 19:30:00,2004-10-22 20:00:00,NaN,2004,10,18,18,2004,10,22,18,2,8
60_19,74.145,3.43,104,54,35,NaN,0,956704,956911,HPB,30,2005-07-27 07:30:00,2005-07-31 15:00:00,NaN,2005,7,27,6,2005,7,31,18,2,9
61_19,46.895,3.92,78,0,5,NaN,0,976067,976222,HPB,30,2006-09-03 17:00:00,2006-09-06 22:30:00,NaN,2006,9,3,18,2006,9,7,0,3,1
62_19,32.405,3.12,48.5,0,4,NaN,0,1014358,1014454,HPB,30,2008-11-09 10:30:00,2008-11-11 10:30:00,NaN,2008,11,9,12,2008,11,11,12,3,8
63_19,21.815,4.14,23,0,0,NaN,0,1027587,1027632,HPB,30,2009-08-12 01:00:00,2009-08-12 23:30:00,NaN,2009,8,12,0,2009,8,13,0,2,9
64_17,47.12,3.48,53,23.5,29.5,NaN,0,1027971,1028076,HPB,30,2009-08-20 01:00:00,2009-08-22 05:30:00,NaN,2009,8,20,0,2009,8,22,6,2,9
65_17,26.37,4.34,22,0,0,NaN,0,1046366,1046409,HPB,30,2010-09-07 06:30:00,2010-09-08 04:00:00,NaN,2010,9,7,6,2010,9,8,6,2,7
1_20,27.895,3.87,101.5,0,0,NaN,0,15446,15648,HPB,41,1951-11-18 18:30:00,1951-11-22 23:30:00,NaN,1951,11,18,18,1951,11,23,0,1,4
2_20,38.155,3.88,21.5,0,0,NaN,0,27602,27644,HPB,41,1952-07-29 00:30:00,1952-07-29 21:30:00,NaN,1952,7,29,0,1952,7,30,0,2,9
3_20,78.06,4.56,73,0,13,NaN,0,27911,28056,HPB,41,1952-08-04 11:00:00,1952-08-07 11:30:00,NaN,1952,8,4,12,1952,8,7,12,2,9
4_20,86.64,4.59,74,38.5,35.5,NaN,0,28077,28224,HPB,41,1952-08-07 22:00:00,1952-08-10 23:30:00,NaN,1952,8,8,0,1952,8,11,0,2,9
5_20,46.39,4.87,107,44,21,NaN,0,44092,44305,HPB,41,1953-07-07 13:30:00,1953-07-12 00:00:00,NaN,1953,7,7,12,1953,7,12,0,3,5
6_20,57.12,4.02,84,29,24.5,NaN,0,63993,64160,HPB,41,1954-08-26 04:00:00,1954-08-29 15:30:00,NaN,1954,8,26,6,1954,8,29,18,2,9
7_20,46.255,4.36,47.5,0,0,NaN,0,81967,82061,HPB,41,1955-09-04 15:00:00,1955-09-06 14:00:00,NaN,1955,9,4,18,1955,9,6,12,2,8
8_20,38.78,4.09,38,0,10.5,NaN,0,117692,117767,HPB,41,1957-09-17 21:30:00,1957-09-19 11:00:00,NaN,1957,9,18,0,1957,9,19,12,1,2
9_20,55.6,4.62,31,7.5,23.5,NaN,0,136279,136340,HPB,41,1958-10-10 03:00:00,1958-10-11 09:30:00,NaN,1958,10,10,6,1958,10,11,12,3,9
10_20,31.62,2.45,37.5,0,27,NaN,0,153132,153206,HPB,41,1959-09-26 05:30:00,1959-09-27 18:30:00,NaN,1959,9,26,6,1959,9,27,18,2,1
11_20,63.74,3.71,55,0,0,NaN,0,167366,167475,HPB,41,1960-07-18 18:30:00,1960-07-21 01:00:00,NaN,1960,7,18,18,1960,7,21,0,3,6
12_20,29.965,2.44,97,0,0,NaN,0,190598,190791,HPB,41,1961-11-14 18:30:00,1961-11-18 19:00:00,NaN,1961,11,14,18,1961,11,18,18,1,10
13_20,42.87,4.62,41,11.5,29.5,NaN,0,203520,203601,HPB,41,1962-08-10 23:30:00,1962-08-12 16:00:00,NaN,1962,8,11,0,1962,8,12,18,3,10
14_20,65.6,5.7,38.5,0,0,NaN,0,223279,223355,HPB,41,1963-09-26 15:00:00,1963-09-28 05:00:00,NaN,1963,9,26,18,1963,9,28,6,3,1
15_20,32.655,3.6,34,0,0,NaN,0,241456,241523,HPB,41,1964-10-09 07:30:00,1964-10-10 17:00:00,NaN,1964,10,9,6,1964,10,10,18,1,2
16_20,31.335,3.96,30.5,0,0,NaN,0,241704,241764,HPB,41,1964-10-14 11:30:00,1964-10-15 17:30:00,NaN,1964,10,14,12,1964,10,15,18,1,2
17_20,57.335,3.85,76,0,0,NaN,0,253259,253410,HPB,41,1965-06-12 05:00:00,1965-06-15 08:30:00,NaN,1965,6,12,6,1965,6,15,6,2,8
18_20,32.7,4.08,23,0,0,NaN,0,275911,275956,HPB,41,1966-09-27 03:00:00,1966-09-28 01:30:00,NaN,1966,9,27,6,1966,9,28,0,1,2
19_20,25.83,2.29,26,20,6,NaN,0,291346,291397,HPB,41,1967-08-14 16:30:00,1967-08-15 18:00:00,NaN,1967,8,14,18,1967,8,15,18,3,2
20_20,33.2,3.12,24.5,0,0,NaN,0,291832,291880,HPB,41,1967-08-24 19:30:00,1967-08-25 19:30:00,NaN,1967,8,24,18,1967,8,25,18,3,2
21_20,24.075,2.88,48,0,0,NaN,0,291938,292033,HPB,41,1967-08-27 00:30:00,1967-08-29 00:00:00,NaN,1967,8,27,0,1967,8,29,0,3,2
22_20,31.34,2.41,47,0,0,NaN,0,309344,309437,HPB,41,1968-08-23 15:30:00,1968-08-25 14:00:00,NaN,1968,8,23,18,1968,8,25,12,2,1
23_20,27.28,6.35,14.5,0,0,NaN,0,327805,327833,HPB,41,1969-09-12 06:00:00,1969-09-12 20:00:00,NaN,1969,9,12,6,1969,9,12,18,1,5
24_20,40.905,3.66,44.5,0,0,NaN,0,342641,342729,HPB,41,1970-07-18 08:00:00,1970-07-20 04:00:00,NaN,1970,7,18,6,1970,7,20,6,1,8
25_20,21.425,2.16,101,0,0,NaN,0,365474,365675,HPB,41,1971-11-06 00:30:00,1971-11-10 05:00:00,NaN,1971,11,6,0,1971,11,10,6,1,7
26_20,37.9,2.69,114.5,0,0,NaN,0,365965,366193,HPB,41,1971-11-16 06:00:00,1971-11-21 00:00:00,NaN,1971,11,16,6,1971,11,21,0,1,7
27_20,76.185,8.06,53.5,32,21.5,NaN,0,379208,379314,HPB,41,1972-08-18 03:30:00,1972-08-20 08:30:00,NaN,1972,8,18,6,1972,8,20,6,1,6
28_20,26.195,4.72,13.5,0,0,NaN,0,398087,398113,HPB,41,1973-09-15 11:00:00,1973-09-16 00:00:00,NaN,1973,9,15,12,1973,9,16,0,1,1
29_20,50.225,3.38,43,0,0,NaN,0,415814,415899,HPB,41,1974-09-19 18:30:00,1974-09-21 13:00:00,NaN,1974,9,19,18,1974,9,21,12,2,5
30_20,20.51,2.17,25,0,0,NaN,0,435314,435363,HPB,41,1975-10-31 00:30:00,1975-11-01 01:00:00,NaN,1975,10,31,0,1975,11,1,0,1,1
31_20,84.14,4.48,66.5,0,0,NaN,0,450752,450884,HPB,41,1976-09-16 15:30:00,1976-09-19 09:30:00,NaN,1976,9,16,18,1976,9,19,12,2,6
32_20,20.16,4.94,25,0,0,NaN,0,468452,468501,HPB,41,1977-09-20 09:30:00,1977-09-21 10:00:00,NaN,1977,9,20,12,1977,9,21,12,2,9
33_20,61.395,2.57,94,18,32,NaN,0,468777,468964,HPB,41,1977-09-27 04:00:00,1977-10-01 01:30:00,NaN,1977,9,27,6,1977,10,1,0,2,9
34_20,35.735,1.56,61.5,0,48.5,NaN,0,485963,486085,HPB,41,1978-09-20 05:00:00,1978-09-22 18:00:00,NaN,1978,9,20,6,1978,9,22,18,2,9
35_20,41.405,3.96,40,28,12,NaN,0,503097,503176,HPB,41,1979-09-12 04:00:00,1979-09-13 19:30:00,NaN,1979,9,12,6,1979,9,13,18,3,9
36_20,28.035,4.39,38,0,0,NaN,0,521455,521530,HPB,41,1980-09-28 15:00:00,1980-09-30 04:30:00,NaN,1980,9,28,18,1980,9,30,6,1,2
37_20,20.35,1.8,56,0,0,NaN,0,554980,555091,HPB,41,1982-08-28 01:30:00,1982-08-30 09:00:00,NaN,1982,8,28,0,1982,8,30,12,1,8
38_20,63.335,10.64,39,16,28.5,NaN,0,555359,555436,HPB,41,1982-09-04 23:00:00,1982-09-06 13:30:00,NaN,1982,9,5,0,1982,9,6,12,1,8
39_20,57.93,2.7,120,0,0,NaN,0,575378,575617,HPB,41,1983-10-27 00:30:00,1983-11-01 00:00:00,NaN,1983,10,27,0,1983,11,1,0,2,2
40_20,57.675,2.92,92,0,0,NaN,0,589591,589774,HPB,41,1984-08-18 03:00:00,1984-08-21 22:30:00,NaN,1984,8,18,6,1984,8,22,0,3,5
41_20,30.455,2.85,31.5,0,0,NaN,0,590050,590112,HPB,41,1984-08-27 16:30:00,1984-08-28 23:30:00,NaN,1984,8,27,18,1984,8,29,0,3,5
42_20,23.015,2.54,37.5,0,2.5,NaN,0,609501,609575,HPB,41,1985-10-06 22:00:00,1985-10-08 11:00:00,NaN,1985,10,7,0,1985,10,8,12,3,7
43_20,45.51,6.49,37,23.5,13.5,NaN,0,642548,642621,HPB,41,1987-08-26 09:30:00,1987-08-27 22:00:00,NaN,1987,8,26,12,1987,8,28,0,1,2
44_20,74.745,2.63,79.5,0,0,NaN,0,659611,659769,HPB,41,1988-08-15 21:00:00,1988-08-19 04:00:00,NaN,1988,8,16,0,1988,8,19,6,2,1
45_20,36.35,5.95,25,0,0,NaN,0,659805,659854,HPB,41,1988-08-19 22:00:00,1988-08-20 22:30:00,NaN,1988,8,20,0,1988,8,21,0,2,1
46_20,53.69,3.59,102,0,26,NaN,0,677510,677713,HPB,41,1989-08-23 18:30:00,1989-08-28 00:00:00,NaN,1989,8,23,18,1989,8,28,0,2,8
47_20,33.175,2.34,100,0,0,NaN,0,694370,694569,HPB,41,1990-08-10 00:30:00,1990-08-14 04:00:00,NaN,1990,8,10,0,1990,8,14,6,2,1
48_20,52.76,3.06,59,0,0,NaN,0,694899,695016,HPB,41,1990-08-21 01:00:00,1990-08-23 11:30:00,NaN,1990,8,21,0,1990,8,23,12,2,1
49_20,53.95,3.66,82,0,38,NaN,0,711754,711917,HPB,41,1991-08-07 04:30:00,1991-08-10 14:00:00,NaN,1991,8,7,6,1991,8,10,12,1,9
50_20,70.45,8.75,53.5,20,18.5,NaN,0,712211,712317,HPB,41,1991-08-16 17:00:00,1991-08-18 22:00:00,NaN,1991,8,16,18,1991,8,19,0,1,9
51_20,27.12,3.22,77,0,0,NaN,0,734494,734647,HPB,41,1992-11-22 22:30:00,1992-11-26 03:00:00,NaN,1992,11,23,0,1992,11,26,6,1,2
52_20,37.885,4.1,35.5,25,10.5,NaN,0,747982,748052,HPB,41,1993-08-30 22:30:00,1993-09-01 09:30:00,NaN,1993,8,31,0,1993,9,1,12,3,5
53_20,47.425,6.93,25,0,0,NaN,0,764453,764502,HPB,41,1994-08-09 02:00:00,1994-08-10 02:30:00,NaN,1994,8,9,0,1994,8,10,0,3,1
54_20,45.91,2.8,47.5,0,0,NaN,0,783618,783712,HPB,41,1995-09-12 08:30:00,1995-09-14 07:30:00,NaN,1995,9,12,6,1995,9,14,6,2,10
55_20,45.9,2.87,51.5,0,0,NaN,0,800259,800361,HPB,41,1996-08-24 01:00:00,1996-08-26 04:00:00,NaN,1996,8,24,0,1996,8,26,6,2,6
56_20,82.27,8.09,65.5,45,20.5,NaN,0,816749,816879,HPB,41,1997-08-02 14:00:00,1997-08-05 07:00:00,NaN,1997,8,2,12,1997,8,5,6,3,9
57_20,51.955,8.58,20.5,0,0,NaN,0,835847,835887,HPB,41,1998-09-04 11:00:00,1998-09-05 07:00:00,NaN,1998,9,4,12,1998,9,5,6,1,9
58_20,42.075,4.2,61.5,0,0,NaN,0,851257,851379,HPB,41,1999-07-22 12:00:00,1999-07-25 01:00:00,NaN,1999,7,22,12,1999,7,25,0,3,6
59_20,42.015,3.2,52,0,0,NaN,0,871628,871731,HPB,41,2000-09-18 21:30:00,2000-09-21 01:00:00,NaN,2000,9,19,0,2000,9,21,0,3,8
60_20,72.09,2.51,78.5,28.5,58,NaN,0,890397,890553,HPB,41,2001-10-14 22:00:00,2001-10-18 04:00:00,NaN,2001,10,15,0,2001,10,18,6,2,6
61_20,26.385,2.42,106,0,0,NaN,0,909198,909409,HPB,41,2002-11-10 14:30:00,2002-11-15 00:00:00,NaN,2002,11,10,12,2002,11,15,0,3,4
62_20,32.48,5.41,82,0,0,NaN,0,925262,925425,HPB,41,2003-10-11 06:30:00,2003-10-14 16:00:00,NaN,2003,10,11,6,2003,10,14,18,1,2
63_20,44.625,4.26,30.5,0,0,NaN,0,939139,939199,HPB,41,2004-07-26 09:00:00,2004-07-27 15:00:00,NaN,2004,7,26,12,2004,7,27,18,3,5
64_18,20.185,3.05,31,0,0,NaN,0,958077,958138,HPB,41,2005-08-24 22:00:00,2005-08-26 04:30:00,NaN,2005,8,25,0,2005,8,26,6,3,2
65_18,39.25,3.4,29,0,19,NaN,0,958482,958539,HPB,41,2005-09-02 08:30:00,2005-09-03 13:00:00,NaN,2005,9,2,6,2005,9,3,12,3,2
66_16,32.455,5.48,97.5,0,0,NaN,0,979099,979293,HPB,41,2006-11-05 21:00:00,2006-11-09 22:00:00,NaN,2006,11,6,0,2006,11,10,0,1,2
67_16,35.545,3.73,59,19.5,37.5,NaN,0,994925,995042,HPB,41,2007-10-01 14:00:00,2007-10-04 00:30:00,NaN,2007,10,1,12,2007,10,4,0,3,6
68_13,41.765,2.45,81,0,0,NaN,0,1013497,1013658,HPB,41,2008-10-22 12:00:00,2008-10-25 20:30:00,NaN,2008,10,22,12,2008,10,25,18,3,6
69_8,41.725,2.97,80.5,0,0,NaN,0,1030397,1030557,HPB,41,2009-10-09 14:00:00,2009-10-12 22:00:00,NaN,2009,10,9,12,2009,10,13,0,3,8
1_21,53.83,3.53,77,0,29,NaN,38,11704,11857,HPB,42,1951-09-01 19:30:00,1951-09-05 00:00:00,NaN,1951,9,1,18,1951,9,5,0,2,6
2_21,46.35,8.62,56.5,18,32,NaN,0,29510,29622,HPB,42,1952-09-06 18:30:00,1952-09-09 02:30:00,NaN,1952,9,6,18,1952,9,9,0,1,6
3_21,29.465,3.9,27.5,0,0,NaN,0,45329,45383,HPB,42,1953-08-02 08:00:00,1953-08-03 11:00:00,NaN,1953,8,2,6,1953,8,3,12,1,6
4_21,20.68,2.32,30,0,0,NaN,0,65300,65359,HPB,42,1954-09-22 09:30:00,1954-09-23 15:00:00,NaN,1954,9,22,12,1954,9,23,18,3,2
5_21,41.06,3.6,41,0,16.5,NaN,0,81113,81194,HPB,42,1955-08-17 20:00:00,1955-08-19 12:30:00,NaN,1955,8,17,18,1955,8,19,12,3,8
6_21,69.04,2.4,114.5,0,0,NaN,0,101341,101569,HPB,42,1956-10-12 06:00:00,1956-10-17 00:00:00,NaN,1956,10,12,6,1956,10,17,0,2,2
7_21,22.395,2.36,29.5,16.5,13,NaN,0,115520,115578,HPB,42,1957-08-03 15:30:00,1957-08-04 20:30:00,NaN,1957,8,3,18,1957,8,4,18,2,8
8_21,24.91,2.01,57,0,0,NaN,0,133910,134023,HPB,42,1958-08-21 18:30:00,1958-08-24 03:00:00,NaN,1958,8,21,18,1958,8,24,6,1,9
9_21,57.285,8.01,70.5,37.5,52.5,NaN,0,134069,134209,HPB,42,1958-08-25 02:00:00,1958-08-28 00:00:00,NaN,1958,8,25,0,1958,8,28,0,1,9
10_21,22.02,1.12,71,12.5,32.5,NaN,0,150500,150641,HPB,42,1959-08-02 09:30:00,1959-08-05 08:00:00,NaN,1959,8,2,12,1959,8,5,6,2,3
11_21,38.99,2.26,83.5,0,0,NaN,0,150684,150850,HPB,42,1959-08-06 05:30:00,1959-08-09 16:30:00,NaN,1959,8,6,6,1959,8,9,18,2,3
12_21,33.375,3.65,71,42.5,28.5,NaN,0,170184,170325,HPB,42,1960-09-15 11:30:00,1960-09-18 10:00:00,NaN,1960,9,15,12,1960,9,18,12,3,8
13_21,34.685,2.67,47,12.5,23.5,NaN,0,170553,170646,HPB,42,1960-09-23 04:00:00,1960-09-25 02:30:00,NaN,1960,9,23,6,1960,9,25,0,3,8
14_21,31.245,3.32,30.5,0,0,NaN,0,185549,185609,HPB,42,1961-08-01 14:00:00,1961-08-02 20:00:00,NaN,1961,8,1,12,1961,8,2,18,2,9
15_21,34.71,1.6,72,0,0,NaN,0,185870,186013,HPB,42,1961-08-08 06:30:00,1961-08-11 06:00:00,NaN,1961,8,8,6,1961,8,11,6,2,9
16_21,23.75,1.93,44.5,11.5,23,NaN,0,201014,201102,HPB,42,1962-06-19 18:30:00,1962-06-21 14:30:00,NaN,1962,6,19,18,1962,6,21,12,3,5
17_21,22.8,0.98,138.5,0,15.5,NaN,0,201229,201505,HPB,42,1962-06-24 06:00:00,1962-06-30 00:00:00,NaN,1962,6,24,6,1962,6,30,0,3,5
18_21,50.1,1.77,67,0,0,NaN,0,223918,224051,HPB,42,1963-10-09 22:30:00,1963-10-12 17:00:00,NaN,1963,10,10,0,1963,10,12,18,2,10
19_21,63.945,10.38,34.5,10,24.5,NaN,0,239652,239720,HPB,42,1964-09-01 17:30:00,1964-09-03 03:30:00,NaN,1964,9,1,18,1964,9,3,6,1,6
20_21,44.345,7.29,114.5,25.5,35.5,NaN,0,255998,256226,HPB,42,1965-08-08 06:30:00,1965-08-13 00:30:00,NaN,1965,8,8,6,1965,8,13,0,1,8
21_21,22.38,2.54,21.5,0,0,NaN,0,276195,276237,HPB,42,1966-10-03 01:00:00,1966-10-03 22:00:00,NaN,1966,10,3,0,1966,10,4,0,2,9
22_21,77.38,3.6,141,1,54.5,NaN,0,309343,309624,HPB,42,1968-08-23 15:00:00,1968-08-29 11:30:00,NaN,1968,8,23,18,1968,8,29,12,2,6
23_21,32.195,2.17,66.5,0,45,NaN,0,328374,328506,HPB,42,1969-09-24 02:30:00,1969-09-26 20:30:00,NaN,1969,9,24,0,1969,9,26,18,2,6
24_21,58.275,8.05,23,10.5,12.5,NaN,0,342684,342729,HPB,42,1970-07-19 05:30:00,1970-07-20 04:00:00,NaN,1970,7,19,6,1970,7,20,6,1,5
25_21,67.63,3.97,72.5,12,34,NaN,0,361939,362083,HPB,42,1971-08-24 09:00:00,1971-08-27 09:00:00,NaN,1971,8,24,12,1971,8,27,12,2,3
26_21,73.95,2.96,94.5,66.5,14.5,NaN,0,380492,380680,HPB,42,1972-09-13 21:30:00,1972-09-17 19:30:00,NaN,1972,9,14,0,1972,9,17,18,2,6
27_21,48.67,2.99,119,0,0,NaN,0,399927,400164,HPB,42,1973-10-23 19:00:00,1973-10-28 17:30:00,NaN,1973,10,23,18,1973,10,28,18,3,9
28_21,37.615,4.45,77,0,0,NaN,0,412690,412843,HPB,42,1974-07-16 16:30:00,1974-07-19 21:00:00,NaN,1974,7,16,18,1974,7,20,0,3,1
29_21,43.585,6.66,25,0,0,NaN,0,432638,432687,HPB,42,1975-09-05 06:30:00,1975-09-06 07:00:00,NaN,1975,9,5,6,1975,9,6,6,1,1
30_21,44.84,2.39,80,11,27.5,NaN,0,451160,451319,HPB,42,1976-09-25 03:30:00,1976-09-28 11:00:00,NaN,1976,9,25,6,1976,9,28,12,2,8
31_21,26.92,2.43,64,0,0,NaN,0,466374,466501,HPB,42,1977-08-08 02:30:00,1977-08-10 18:00:00,NaN,1977,8,8,0,1977,8,10,18,1,2
32_21,96.295,10.74,49,28.5,20.5,NaN,0,466625,466722,HPB,42,1977-08-13 08:00:00,1977-08-15 08:30:00,NaN,1977,8,13,6,1977,8,15,6,1,2
33_21,36.105,4.05,28,19.5,8.5,NaN,0,482722,482777,HPB,42,1978-07-14 16:30:00,1978-07-15 20:00:00,NaN,1978,7,14,18,1978,7,15,18,1,10
34_21,71.205,3.98,119,0,0,NaN,0,518891,519128,HPB,42,1980-08-06 05:00:00,1980-08-11 03:30:00,NaN,1980,8,6,6,1980,8,11,6,3,9
35_21,21.885,6.24,28.5,0,0,NaN,0,535388,535444,HPB,42,1981-07-15 21:30:00,1981-07-17 01:30:00,NaN,1981,7,16,0,1981,7,17,0,3,1
36_21,35.7,4.27,30,12.5,17.5,NaN,0,535567,535626,HPB,42,1981-07-19 15:00:00,1981-07-20 20:30:00,NaN,1981,7,19,18,1981,7,20,18,3,1
37_21,30.58,1.15,104.5,0,0,NaN,0,557005,557213,HPB,42,1982-10-09 06:00:00,1982-10-13 14:00:00,NaN,1982,10,9,6,1982,10,13,12,2,6
38_21,24.36,3.15,66,0,0,NaN,0,575491,575622,HPB,42,1983-10-29 09:00:00,1983-11-01 02:30:00,NaN,1983,10,29,12,1983,11,1,0,1,2
39_21,23.59,2.07,45,25.5,19.5,NaN,0,591030,591119,HPB,42,1984-09-17 02:30:00,1984-09-18 23:00:00,NaN,1984,9,17,0,1984,9,19,0,2,6
40_21,33.095,3.13,35,0,0,NaN,0,609025,609094,HPB,42,1985-09-27 00:00:00,1985-09-28 10:30:00,NaN,1985,9,27,0,1985,9,28,12,3,8
41_21,72.655,6.43,44.5,0,6.5,NaN,0,609349,609437,HPB,42,1985-10-03 18:00:00,1985-10-05 14:00:00,NaN,1985,10,3,18,1985,10,5,12,3,8
42_21,41.82,4.92,49.5,0,0,NaN,0,626333,626431,HPB,42,1986-09-22 14:00:00,1986-09-24 15:00:00,NaN,1986,9,22,12,1986,9,24,18,1,7
43_21,22.3,1.94,49.5,0,0,NaN,0,642578,642676,HPB,42,1987-08-27 00:30:00,1987-08-29 01:30:00,NaN,1987,8,27,0,1987,8,29,0,3,6
44_21,38.21,4.34,66.5,0,22,NaN,0,642731,642863,HPB,42,1987-08-30 05:00:00,1987-09-01 23:00:00,NaN,1987,8,30,6,1987,9,2,0,3,6
45_21,20.82,2.78,19.5,0,0,NaN,0,678410,678448,HPB,42,1989-09-11 12:30:00,1989-09-12 07:30:00,NaN,1989,9,11,12,1989,9,12,6,2,9
46_21,49.06,1.65,125.5,0,0,NaN,0,697112,697362,HPB,42,1990-10-06 03:30:00,1990-10-11 08:30:00,NaN,1990,10,6,6,1990,10,11,6,2,10
47_21,43.28,8.07,31,15,16,NaN,0,712675,712736,HPB,42,1991-08-26 09:00:00,1991-08-27 15:30:00,NaN,1991,8,26,12,1991,8,27,18,1,7
48_21,49.23,7,28,8.5,14.5,NaN,0,730766,730821,HPB,42,1992-09-06 06:30:00,1992-09-07 10:00:00,NaN,1992,9,6,6,1992,9,7,12,1,6
49_21,35.9900000000001,4.58,102.5,0,0,NaN,0,751669,751873,HPB,42,1993-11-15 18:00:00,1993-11-20 00:00:00,NaN,1993,11,15,18,1993,11,20,0,1,8
50_21,24.74,3.05,39.5,12,27.5,NaN,0,765894,765972,HPB,42,1994-09-08 02:30:00,1994-09-09 17:30:00,NaN,1994,9,8,0,1994,9,9,18,2,5
51_21,89.515,4.94,49,12.5,24,NaN,0,766220,766317,HPB,42,1994-09-14 21:30:00,1994-09-16 22:00:00,NaN,1994,9,15,0,1994,9,17,0,2,5
52_21,69.93,3.98,97,11.5,32,NaN,0,780822,781015,HPB,42,1995-07-16 02:30:00,1995-07-20 03:00:00,NaN,1995,7,16,0,1995,7,20,6,2,5
53_21,79.395,3.72,83,0,0,NaN,0,799399,799564,HPB,42,1996-08-06 03:00:00,1996-08-09 13:30:00,NaN,1996,8,6,6,1996,8,9,12,2,5
54_21,61.49,6.33,55.5,31,24.5,NaN,0,819431,819541,HPB,42,1997-09-27 11:00:00,1997-09-29 18:00:00,NaN,1997,9,27,12,1997,9,29,18,3,9
55_21,56.24,3.94,59,0,0,NaN,0,838809,838926,HPB,42,1998-11-05 04:00:00,1998-11-07 14:30:00,NaN,1998,11,5,6,1998,11,7,12,3,2
56_21,31.695,5.76,55,0,0,NaN,0,855338,855447,HPB,42,1999-10-15 12:30:00,1999-10-17 19:00:00,NaN,1999,10,15,12,1999,10,17,18,1,5
57_21,37.87,4.94,32.5,0,0,NaN,0,871686,871750,HPB,42,2000-09-20 02:30:00,2000-09-21 10:30:00,NaN,2000,9,20,0,2000,9,21,12,1,2
58_21,37.535,1.52,82,38.5,43.5,NaN,0,891658,891821,HPB,42,2001-11-10 04:30:00,2001-11-13 14:00:00,NaN,2001,11,10,6,2001,11,13,12,2,9
59_21,80.045,7.05,84,16,28,NaN,0,906186,906353,HPB,42,2002-09-08 20:30:00,2002-09-12 08:00:00,NaN,2002,9,8,18,2002,9,12,6,3,7
60_21,30.185,4.25,30,0,0,NaN,0,924581,924640,HPB,42,2003-09-27 02:00:00,2003-09-28 07:30:00,NaN,2003,9,27,0,2003,9,28,6,1,2
61_21,69.895,9.33,116.5,1.5,17.5,NaN,0,941814,942046,HPB,42,2004-09-20 02:30:00,2004-09-24 22:30:00,NaN,2004,9,20,0,2004,9,25,0,2,8
62_21,84.19,5.43,114,21,42,NaN,0,956613,956840,HPB,42,2005-07-25 10:00:00,2005-07-30 03:30:00,NaN,2005,7,25,12,2005,7,30,6,2,6
63_21,35.25,2.37,35,0,0,NaN,0,976220,976289,HPB,42,2006-09-06 21:30:00,2006-09-08 08:00:00,NaN,2006,9,7,0,2006,9,8,6,3,7
64_19,49.375,4.32,71,0,0,NaN,0,976641,976782,HPB,42,2006-09-15 16:00:00,2006-09-18 14:30:00,NaN,2006,9,15,18,2006,9,18,12,3,7
65_19,22.825,2.27,58.5,0,0,NaN,0,993956,994072,HPB,42,2007-09-11 09:30:00,2007-09-13 19:30:00,NaN,2007,9,11,12,2007,9,13,18,2,6
66_17,69.545,3,116,0,53,NaN,0,994138,994369,HPB,42,2007-09-15 04:30:00,2007-09-20 00:00:00,NaN,2007,9,15,6,2007,9,20,0,2,6
67_17,44.97,3.42,46,36,10,NaN,0,1009819,1009910,HPB,42,2008-08-06 21:00:00,2008-08-08 18:30:00,NaN,2008,8,7,0,2008,8,8,18,2,8
68_14,27.995,6.06,28.5,0,0,NaN,0,1009974,1010030,HPB,42,2008-08-10 02:30:00,2008-08-11 06:30:00,NaN,2008,8,10,0,2008,8,11,6,2,8
69_9,37.43,3.24,35.5,0,0,NaN,0,1045385,1045455,HPB,42,2010-08-17 20:00:00,2010-08-19 07:00:00,NaN,2010,8,17,18,2010,8,19,6,3,8
1_22,58.625,3.2,110.5,20,51,NaN,41,11381,11601,HPB,43,1951-08-26 02:00:00,1951-08-30 16:00:00,NaN,1951,8,26,0,1951,8,30,18,2,2
2_22,38.94,4.43,67.5,0,0,NaN,0,32093,32227,HPB,43,1952-10-30 14:00:00,1952-11-02 09:00:00,NaN,1952,10,30,12,1952,11,2,12,1,8
3_22,84.635,4.18,80.5,0,0,NaN,0,49055,49215,HPB,43,1953-10-18 23:00:00,1953-10-22 07:00:00,NaN,1953,10,19,0,1953,10,22,6,2,8
4_22,50.01,7.75,64,21.5,28.5,NaN,0,63558,63685,HPB,43,1954-08-17 02:30:00,1954-08-19 18:00:00,NaN,1954,8,17,0,1954,8,19,18,1,3
5_22,24.62,4.3,53.5,0,0,NaN,0,83394,83500,HPB,43,1955-10-04 08:30:00,1955-10-06 13:30:00,NaN,1955,10,4,6,1955,10,6,12,2,6
6_22,40.135,1.24,93.5,16.5,30.5,NaN,0,83802,83988,HPB,43,1955-10-12 20:30:00,1955-10-16 17:30:00,NaN,1955,10,12,18,1955,10,16,18,2,6
7_22,29.11,2.47,37,0,0,NaN,0,98638,98711,HPB,43,1956-08-16 22:30:00,1956-08-18 11:00:00,NaN,1956,8,17,0,1956,8,18,12,3,3
8_22,45.89,5.68,70.5,1.5,14.5,NaN,0,118783,118923,HPB,43,1957-10-10 15:00:00,1957-10-13 13:00:00,NaN,1957,10,10,18,1957,10,13,12,1,2
9_22,30.465,1.76,34,0,5.5,NaN,0,154178,154245,HPB,43,1959-10-18 00:30:00,1959-10-19 10:00:00,NaN,1959,10,18,0,1959,10,19,12,3,8
10_22,29.66,2.35,45.5,0,0,NaN,0,154681,154771,HPB,43,1959-10-28 12:00:00,1959-10-30 09:00:00,NaN,1959,10,28,12,1959,10,30,12,3,8
11_22,65.625,4.43,66.5,0,0,NaN,0,168274,168406,HPB,43,1960-08-06 16:30:00,1960-08-09 10:30:00,NaN,1960,8,6,18,1960,8,9,12,2,7
12_22,36.745,7.02,33.5,21.5,12,NaN,0,187319,187385,HPB,43,1961-09-07 11:00:00,1961-09-08 20:00:00,NaN,1961,9,7,12,1961,9,8,18,2,6
13_22,69.08,4.23,65,20,30.5,NaN,0,187786,187915,HPB,43,1961-09-17 04:30:00,1961-09-19 21:00:00,NaN,1961,9,17,6,1961,9,20,0,2,6
14_22,20.22,1.57,43,0,0,NaN,0,225572,225657,HPB,43,1963-11-13 09:30:00,1963-11-15 04:00:00,NaN,1963,11,13,12,1963,11,15,6,3,6
15_22,71.545,7.69,29.5,25,4.5,NaN,0,238530,238588,HPB,43,1964-08-09 08:30:00,1964-08-10 13:30:00,NaN,1964,8,9,6,1964,8,10,12,3,9
16_22,24.22,4.2,36,0,0,NaN,0,256960,257031,HPB,43,1965-08-28 07:30:00,1965-08-29 19:00:00,NaN,1965,8,28,6,1965,8,29,18,2,6
17_22,105.365,4.27,66,0,0,NaN,0,257208,257339,HPB,43,1965-09-02 11:30:00,1965-09-05 05:00:00,NaN,1965,9,2,12,1965,9,5,6,2,6
18_22,24.835,5.93,15.5,0,0,NaN,0,274204,274234,HPB,43,1966-08-22 13:30:00,1966-08-23 04:30:00,NaN,1966,8,22,12,1966,8,23,6,2,10
19_22,21.91,1.37,38,18.5,19.5,NaN,0,274426,274501,HPB,43,1966-08-27 04:30:00,1966-08-28 18:00:00,NaN,1966,8,27,6,1966,8,28,18,2,10
20_22,52.6,5.17,42,15.5,26.5,NaN,0,293768,293851,HPB,43,1967-10-04 03:30:00,1967-10-05 21:00:00,NaN,1967,10,4,6,1967,10,6,0,3,6
21_22,57.95,8.79,45,25.5,19.5,NaN,0,308943,309032,HPB,43,1968-08-15 07:00:00,1968-08-17 03:30:00,NaN,1968,8,15,6,1968,8,17,6,1,10
22_22,25.925,5.57,39.5,23,16.5,NaN,0,326049,326127,HPB,43,1969-08-06 16:00:00,1969-08-08 07:00:00,NaN,1969,8,6,18,1969,8,8,6,1,8
23_22,29.84,3.49,34,0,0,NaN,0,326552,326619,HPB,43,1969-08-17 03:30:00,1969-08-18 13:00:00,NaN,1969,8,17,6,1969,8,18,12,1,8
24_22,36.35,3.14,89.5,0,0,NaN,0,348522,348700,HPB,43,1970-11-17 20:30:00,1970-11-21 13:30:00,NaN,1970,11,17,18,1970,11,21,12,3,5
25_22,32.23,2.36,89,0,0,NaN,0,380844,381021,HPB,43,1972-09-21 05:30:00,1972-09-24 22:00:00,NaN,1972,9,21,6,1972,9,25,0,1,9
26_22,42.9,5.41,44,21.5,22.5,NaN,0,381211,381298,HPB,43,1972-09-28 21:00:00,1972-09-30 16:30:00,NaN,1972,9,29,0,1972,9,30,18,1,9
27_22,46.835,4.14,66,0,8.5,NaN,0,397265,397396,HPB,43,1973-08-29 08:00:00,1973-09-01 01:30:00,NaN,1973,8,29,6,1973,9,1,0,1,8
28_22,52.805,3.85,54,0,0,NaN,0,413286,413393,HPB,43,1974-07-29 02:30:00,1974-07-31 08:00:00,NaN,1974,7,29,0,1974,7,31,6,2,9
29_22,29.195,1.88,93,0,0,NaN,0,434998,435183,HPB,43,1975-10-24 10:30:00,1975-10-28 07:00:00,NaN,1975,10,24,12,1975,10,28,6,3,7
30_22,44.22,4.48,71.5,0,0,NaN,0,435240,435382,HPB,43,1975-10-29 11:30:00,1975-11-01 10:30:00,NaN,1975,10,29,12,1975,11,1,12,3,7
31_22,62.015,9.51,34,2.5,15.5,NaN,0,466250,466317,HPB,43,1977-08-05 12:30:00,1977-08-06 22:00:00,NaN,1977,8,5,12,1977,8,7,0,1,1
32_22,30.08,3.92,23.5,0,0,NaN,0,501203,501249,HPB,43,1979-08-03 17:00:00,1979-08-04 16:00:00,NaN,1979,8,3,18,1979,8,4,18,2,3
33_22,24.09,2.02,29,0,0,NaN,0,520180,520237,HPB,43,1980-09-02 01:30:00,1980-09-03 06:00:00,NaN,1980,9,2,0,1980,9,3,6,2,7
34_22,24.775,2.24,35,0,0,NaN,0,520290,520359,HPB,43,1980-09-04 08:30:00,1980-09-05 19:00:00,NaN,1980,9,4,6,1980,9,5,18,2,7
35_22,28.02,2.15,74,0,0,NaN,0,536164,536311,HPB,43,1981-08-01 01:30:00,1981-08-04 03:00:00,NaN,1981,8,1,0,1981,8,4,6,2,8
36_22,27.545,3.68,110,0,0,NaN,0,559036,559255,HPB,43,1982-11-20 13:30:00,1982-11-25 03:00:00,NaN,1982,11,20,12,1982,11,25,6,1,8
37_22,30.945,3.1,164,0,0,NaN,0,576077,576404,HPB,43,1983-11-10 14:00:00,1983-11-17 09:30:00,NaN,1983,11,10,12,1983,11,17,12,1,8
38_22,87.54,2.64,112.5,21,123.5,NaN,0,591329,591553,HPB,43,1984-09-23 08:00:00,1984-09-28 00:00:00,NaN,1984,9,23,6,1984,9,28,0,2,6
39_22,38.51,4.96,40,3,25.5,NaN,0,623008,623087,HPB,43,1986-07-15 07:30:00,1986-07-16 23:00:00,NaN,1986,7,15,6,1986,7,17,0,1,10
40_22,25.915,7,23.5,0,0,NaN,0,644612,644658,HPB,43,1987-10-08 09:30:00,1987-10-09 08:30:00,NaN,1987,10,8,12,1987,10,9,6,1,2
41_22,58.785,8.1,77.5,44,45.5,NaN,0,658328,658482,HPB,43,1988-07-20 03:30:00,1988-07-23 08:30:00,NaN,1988,7,20,6,1988,7,23,6,1,6
42_22,31.09,1.85,59,0,0,NaN,0,680655,680772,HPB,43,1989-10-28 07:00:00,1989-10-30 17:30:00,NaN,1989,10,28,6,1989,10,30,18,2,2
43_22,43.81,5.92,41.5,0,0,NaN,0,694659,694741,HPB,43,1990-08-16 01:00:00,1990-08-17 18:00:00,NaN,1990,8,16,0,1990,8,17,18,1,9
44_22,81.48,4.58,49,21.5,46,NaN,0,713399,713496,HPB,43,1991-09-10 11:00:00,1991-09-12 11:30:00,NaN,1991,9,10,12,1991,9,12,12,2,7
45_22,31.03,1.48,75,12.5,55.5,NaN,0,749412,749561,HPB,43,1993-09-29 17:30:00,1993-10-02 20:00:00,NaN,1993,9,29,18,1993,10,2,18,2,7
46_22,70.305,4,56,14.5,41,NaN,0,767281,767392,HPB,43,1994-10-07 00:00:00,1994-10-09 07:30:00,NaN,1994,10,7,0,1994,10,9,6,2,9
47_22,24.715,3.07,35,0,22.5,NaN,0,783133,783202,HPB,43,1995-09-02 06:00:00,1995-09-03 16:30:00,NaN,1995,9,2,6,1995,9,3,18,2,7
48_22,79.81,5.58,83.5,24,51.5,NaN,0,783363,783529,HPB,43,1995-09-07 01:00:00,1995-09-10 12:00:00,NaN,1995,9,7,0,1995,9,10,12,2,7
49_22,60.235,3.38,51,0,0,NaN,0,800947,801048,HPB,43,1996-09-07 09:00:00,1996-09-09 11:30:00,NaN,1996,9,7,12,1996,9,9,12,2,3
50_22,67.455,3.06,116,0,31.5,NaN,0,817210,817441,HPB,43,1997-08-12 04:30:00,1997-08-17 00:00:00,NaN,1997,8,12,6,1997,8,17,0,2,2
51_22,20.65,2.08,80,0,0,NaN,0,839026,839185,HPB,43,1998-11-09 16:30:00,1998-11-13 00:00:00,NaN,1998,11,9,18,1998,11,13,0,1,4
52_22,31.58,2.07,79.5,0,7.5,NaN,0,852735,852893,HPB,43,1999-08-22 07:00:00,1999-08-25 14:00:00,NaN,1999,8,22,6,1999,8,25,12,1,1
53_22,39.735,5.98,47.5,29.5,18,NaN,0,852914,853008,HPB,43,1999-08-26 00:30:00,1999-08-27 23:30:00,NaN,1999,8,26,0,1999,8,28,0,1,1
54_22,27.34,3.7,91,0,0,NaN,0,869435,869616,HPB,43,2000-08-04 05:00:00,2000-08-07 23:30:00,NaN,2000,8,4,6,2000,8,8,0,3,9
55_22,23.055,3.55,81,0,0,NaN,0,869707,869868,HPB,43,2000-08-09 21:00:00,2000-08-13 05:30:00,NaN,2000,8,10,0,2000,8,13,6,3,9
56_22,21.835,1.9,55.5,0,0,NaN,0,869898,870008,HPB,43,2000-08-13 20:30:00,2000-08-16 03:30:00,NaN,2000,8,13,18,2000,8,16,6,3,9
57_22,62.335,8.42,29.5,20.5,9,NaN,0,887532,887590,HPB,43,2001-08-16 05:30:00,2001-08-17 10:30:00,NaN,2001,8,16,6,2001,8,17,12,1,9
58_22,25.39,2.51,101,0,0,NaN,0,908322,908523,HPB,43,2002-10-23 08:30:00,2002-10-27 13:00:00,NaN,2002,10,23,6,2002,10,27,12,2,2
59_22,25.13,3.85,29.5,0,0,NaN,0,923900,923958,HPB,43,2003-09-12 21:30:00,2003-09-14 02:30:00,NaN,2003,9,13,0,2003,9,14,0,3,8
60_22,37.905,4.31,45,0,7,NaN,0,924039,924128,HPB,43,2003-09-15 19:00:00,2003-09-17 15:30:00,NaN,2003,9,15,18,2003,9,17,18,3,8
61_22,26.155,3.57,28.5,17,11.5,NaN,0,942679,942735,HPB,43,2004-10-08 03:00:00,2004-10-09 07:00:00,NaN,2004,10,8,6,2004,10,9,6,1,6
62_22,26.83,4.74,55.5,0,0,NaN,0,962867,962977,HPB,43,2005-12-02 17:00:00,2005-12-05 00:00:00,NaN,2005,12,2,18,2005,12,5,0,1,6
63_22,78.98,3.28,123.5,19,121.5,NaN,0,974898,975144,HPB,43,2006-08-10 08:30:00,2006-08-15 11:30:00,NaN,2006,8,10,6,2006,8,15,12,2,2
64_20,43.41,3.68,51,0,0,NaN,0,993700,993801,HPB,43,2007-09-06 01:30:00,2007-09-08 04:00:00,NaN,2007,9,6,0,2007,9,8,6,3,7
65_20,31.94,2.82,46.5,0,36.5,NaN,0,1011922,1012014,HPB,43,2008-09-19 16:30:00,2008-09-21 14:30:00,NaN,2008,9,19,18,2008,9,21,12,2,9
66_18,65.56,5.51,77,0,0,NaN,0,1031151,1031304,HPB,43,2009-10-25 07:00:00,2009-10-28 11:30:00,NaN,2009,10,25,6,2009,10,28,12,3,8
67_18,32.095,2.85,23.5,0,0,NaN,0,1048449,1048495,HPB,43,2010-10-20 16:00:00,2010-10-21 15:00:00,NaN,2010,10,20,18,2010,10,21,18,1,1
68_15,47.335,5.83,104,0,0,NaN,0,1048880,1049087,HPB,43,2010-10-29 15:30:00,2010-11-02 23:00:00,NaN,2010,10,29,18,2010,11,3,0,1,1
1_23,44.87,3.57,70.5,19.5,18.5,NaN,0,12208,12348,HPB,44,1951-09-12 07:30:00,1951-09-15 05:30:00,NaN,1951,9,12,6,1951,9,15,6,2,9
2_23,24.275,3.03,41.5,0,0,NaN,0,47892,47974,HPB,44,1953-09-24 17:30:00,1953-09-26 10:30:00,NaN,1953,9,24,18,1953,9,26,12,2,7
3_23,46.405,3.57,45.5,0,0,NaN,0,48129,48219,HPB,44,1953-09-29 16:00:00,1953-10-01 13:00:00,NaN,1953,9,29,18,1953,10,1,12,2,7
4_23,26.03,4.68,106,0,0,NaN,0,67745,67956,HPB,44,1954-11-12 08:00:00,1954-11-16 17:30:00,NaN,1954,11,12,6,1954,11,16,18,1,2
5_23,37.575,4.22,26,0,0,NaN,0,82980,83031,HPB,44,1955-09-25 17:30:00,1955-09-26 19:00:00,NaN,1955,9,25,18,1955,9,26,18,3,1
6_23,44.015,2.51,90,0,0,NaN,0,101056,101235,HPB,44,1956-10-06 07:30:00,1956-10-10 01:00:00,NaN,1956,10,6,6,1956,10,10,0,2,9
7_23,32.785,3.5,32,15.5,16.5,NaN,0,116486,116549,HPB,44,1957-08-23 18:30:00,1957-08-25 02:00:00,NaN,1957,8,23,18,1957,8,25,0,1,9
8_23,24.485,1.79,62,0,0,NaN,0,137446,137569,HPB,44,1958-11-03 10:30:00,1958-11-06 00:00:00,NaN,1958,11,3,12,1958,11,6,0,2,2
9_23,24.465,1.36,76.5,0,0,NaN,0,151555,151707,HPB,44,1959-08-24 09:00:00,1959-08-27 13:00:00,NaN,1959,8,24,12,1959,8,27,12,1,8
10_23,39.195,5.79,19,0,19,NaN,0,152057,152094,HPB,44,1959-09-03 20:00:00,1959-09-04 14:30:00,NaN,1959,9,3,18,1959,9,4,12,1,8
11_23,22.435,2.25,70,0,0,NaN,0,172614,172753,HPB,44,1960-11-05 02:30:00,1960-11-08 00:00:00,NaN,1960,11,5,0,1960,11,8,0,3,2
12_23,44.78,4.16,31.5,0,0,NaN,0,187021,187083,HPB,44,1961-09-01 06:00:00,1961-09-02 13:00:00,NaN,1961,9,1,6,1961,9,2,12,3,10
13_23,51.555,5.14,40,0,0,NaN,0,207572,207651,HPB,44,1962-11-03 09:30:00,1962-11-05 01:00:00,NaN,1962,11,3,12,1962,11,5,0,3,8
14_23,61.325,7.48,44.5,29,15.5,NaN,0,220484,220572,HPB,44,1963-07-30 09:30:00,1963-08-01 05:30:00,NaN,1963,7,30,12,1963,8,1,6,1,9
15_23,30.22,2.69,68,18.5,26,NaN,0,237856,237991,HPB,44,1964-07-26 07:30:00,1964-07-29 03:00:00,NaN,1964,7,26,6,1964,7,29,6,3,8
16_23,26.195,1.89,93.5,0,0,NaN,0,260355,260541,HPB,44,1965-11-07 01:00:00,1965-11-10 22:00:00,NaN,1965,11,7,0,1965,11,11,0,3,2
17_23,24.615,2.23,23,0,0,NaN,0,260953,260998,HPB,44,1965-11-19 12:00:00,1965-11-20 10:30:00,NaN,1965,11,19,12,1965,11,20,12,3,2
18_23,48.95,3.94,59.5,26,29.5,NaN,0,274521,274639,HPB,44,1966-08-29 04:00:00,1966-08-31 15:00:00,NaN,1966,8,29,6,1966,8,31,18,3,6
19_23,23.125,1.85,30,0,0,NaN,0,294488,294547,HPB,44,1967-10-19 03:30:00,1967-10-20 09:00:00,NaN,1967,10,19,6,1967,10,20,12,2,9
20_23,21.29,2.84,21.5,0,0,NaN,0,308079,308121,HPB,44,1968-07-28 07:00:00,1968-07-29 04:00:00,NaN,1968,7,28,6,1968,7,29,6,1,7
21_23,60.545,8.56,37.5,12,24,NaN,0,326285,326359,HPB,44,1969-08-11 14:00:00,1969-08-13 03:00:00,NaN,1969,8,11,12,1969,8,13,6,1,6
22_23,26.95,2.33,31,0,21,NaN,0,344552,344613,HPB,44,1970-08-27 03:30:00,1970-08-28 10:00:00,NaN,1970,8,27,6,1970,8,28,12,1,9
23_23,42.37,4.4,26,0,11.5,NaN,0,344811,344862,HPB,44,1970-09-01 13:00:00,1970-09-02 14:30:00,NaN,1970,9,1,12,1970,9,2,12,1,9
24_23,21.385,3.56,86,0,0,NaN,0,366057,366228,HPB,44,1971-11-18 04:00:00,1971-11-21 17:30:00,NaN,1971,11,18,6,1971,11,21,18,1,2
25_23,29.715,3.79,26,0,0,NaN,0,379322,379373,HPB,44,1972-08-20 12:30:00,1972-08-21 14:00:00,NaN,1972,8,20,12,1972,8,21,12,3,8
26_23,23.25,3.71,29.5,0,0,NaN,0,396723,396781,HPB,44,1973-08-18 01:00:00,1973-08-19 06:00:00,NaN,1973,8,18,0,1973,8,19,6,1,6
27_23,25.265,1.97,68.5,0,18.5,NaN,0,413668,413804,HPB,44,1974-08-06 01:30:00,1974-08-08 21:30:00,NaN,1974,8,6,0,1974,8,9,0,2,10
28_23,165.98,8.71,161,6.5,40,NaN,0,430576,430897,HPB,44,1975-07-24 07:30:00,1975-07-31 00:00:00,NaN,1975,7,24,6,1975,7,31,0,2,1
29_23,50.955,3.31,55,0,24,NaN,0,446145,446254,HPB,44,1976-06-12 16:00:00,1976-06-14 22:30:00,NaN,1976,6,12,18,1976,6,15,0,3,5
30_23,22.49,3.1,16.5,0,9.5,NaN,0,468434,468466,HPB,44,1977-09-20 00:30:00,1977-09-20 16:30:00,NaN,1977,9,20,0,1977,9,20,18,3,5
31_23,75.125,6.9,36.5,17,19.5,NaN,0,468961,469033,HPB,44,1977-10-01 00:00:00,1977-10-02 12:00:00,NaN,1977,10,1,0,1977,10,2,12,3,5
32_23,21.82,2.14,23.5,0,0,NaN,0,486262,486308,HPB,44,1978-09-26 10:30:00,1978-09-27 09:30:00,NaN,1978,9,26,12,1978,9,27,12,3,2
33_23,36.025,2.7,29.5,0,0,NaN,0,486684,486742,HPB,44,1978-10-05 05:30:00,1978-10-06 10:30:00,NaN,1978,10,5,6,1978,10,6,12,3,2
34_23,23.37,3.73,41.5,0,0,NaN,0,503804,503886,HPB,44,1979-09-26 21:30:00,1979-09-28 14:30:00,NaN,1979,9,27,0,1979,9,28,12,2,8
35_23,55.12,2.64,76,28,21.5,NaN,0,504221,504372,HPB,44,1979-10-05 14:00:00,1979-10-08 17:30:00,NaN,1979,10,5,12,1979,10,8,18,2,8
36_23,26.175,4.11,80,0,0,NaN,0,523134,523293,HPB,44,1980-11-02 14:30:00,1980-11-05 22:00:00,NaN,1980,11,2,12,1980,11,6,0,1,8
37_23,33.06,2.49,51.5,10.5,15.5,NaN,0,538300,538402,HPB,44,1981-09-14 13:30:00,1981-09-16 16:30:00,NaN,1981,9,14,12,1981,9,16,18,3,10
38_23,26.25,3.33,34,26,8,NaN,0,554660,554727,HPB,44,1982-08-21 09:30:00,1982-08-22 19:00:00,NaN,1982,8,21,12,1982,8,22,18,3,6
39_23,26.39,4.93,63,0,0,NaN,0,554888,555013,HPB,44,1982-08-26 03:30:00,1982-08-28 18:00:00,NaN,1982,8,26,6,1982,8,28,18,3,6
40_23,31.92,2.18,86.5,32.5,44.5,NaN,0,574265,574437,HPB,44,1983-10-03 20:00:00,1983-10-07 10:00:00,NaN,1983,10,3,18,1983,10,7,12,3,9
41_23,30.54,3.64,69,0,0,NaN,0,593500,593637,HPB,44,1984-11-07 13:30:00,1984-11-10 10:00:00,NaN,1984,11,7,12,1984,11,10,12,1,8
42_23,39.425,4.34,47.5,0,0,NaN,0,610178,610272,HPB,44,1985-10-21 00:30:00,1985-10-22 23:30:00,NaN,1985,10,21,0,1985,10,23,0,1,2
43_23,43.19,3.1,47.5,0,0,NaN,0,620976,621070,HPB,44,1986-06-02 23:30:00,1986-06-04 22:30:00,NaN,1986,6,3,0,1986,6,5,0,3,9
44_23,32.635,3.15,51,0,0,NaN,0,621110,621211,HPB,44,1986-06-05 18:30:00,1986-06-07 21:00:00,NaN,1986,6,5,18,1986,6,8,0,3,9
45_23,28.135,3.98,81.5,0,0,NaN,0,646291,646453,HPB,44,1987-11-12 09:00:00,1987-11-15 18:00:00,NaN,1987,11,12,12,1987,11,15,18,1,8
46_23,31.445,2.21,44,0,0,NaN,0,661628,661715,HPB,44,1988-09-26 21:30:00,1988-09-28 17:00:00,NaN,1988,9,27,0,1988,9,28,18,3,5
47_23,50.475,5.4,33,0,0,NaN,0,661941,662006,HPB,44,1988-10-03 10:00:00,1988-10-04 18:30:00,NaN,1988,10,3,12,1988,10,4,18,3,5
48_23,52.295,2.93,101.5,0,0,NaN,0,676195,676397,HPB,44,1989-07-27 09:00:00,1989-07-31 14:00:00,NaN,1989,7,27,12,1989,7,31,12,2,6
49_23,20.96,1.36,71.5,0,42.5,NaN,0,695173,695315,HPB,44,1990-08-26 18:00:00,1990-08-29 17:00:00,NaN,1990,8,26,18,1990,8,29,18,2,8
50_23,54.665,3.33,60.5,17.5,37.5,NaN,0,695565,695685,HPB,44,1990-09-03 22:00:00,1990-09-06 10:00:00,NaN,1990,9,4,0,1990,9,6,12,2,8
51_23,37.88,3.35,28,0,0,NaN,0,712658,712713,HPB,44,1991-08-26 00:30:00,1991-08-27 04:00:00,NaN,1991,8,26,0,1991,8,27,6,3,8
52_23,48.515,5.83,85,16.5,63.5,NaN,0,734066,734235,HPB,44,1992-11-14 00:30:00,1992-11-17 13:00:00,NaN,1992,11,14,0,1992,11,17,12,1,6
53_23,26.56,2.3,53.5,0,0,NaN,0,744217,744323,HPB,44,1993-06-13 12:00:00,1993-06-15 17:00:00,NaN,1993,6,13,12,1993,6,15,18,1,1
54_23,23.77,5.78,20,0,0,NaN,0,744678,744717,HPB,44,1993-06-23 02:30:00,1993-06-23 22:00:00,NaN,1993,6,23,0,1993,6,24,0,1,1
55_23,54.975,4.2,64,0,19,NaN,0,766318,766445,HPB,44,1994-09-16 22:30:00,1994-09-19 14:00:00,NaN,1994,9,17,0,1994,9,19,12,2,1
56_23,23.76,1.73,108.5,0,0,NaN,0,785758,785974,HPB,44,1995-10-26 22:30:00,1995-10-31 10:30:00,NaN,1995,10,27,0,1995,10,31,12,3,6
57_23,40.865,3.14,39,0,0,NaN,0,786070,786147,HPB,44,1995-11-02 10:30:00,1995-11-04 01:00:00,NaN,1995,11,2,12,1995,11,4,0,3,6
58_23,25.64,1.43,52.5,0,0,NaN,0,801249,801353,HPB,44,1996-09-13 16:00:00,1996-09-15 20:00:00,NaN,1996,9,13,18,1996,9,15,18,3,5
59_23,48.67,2.97,149,0,6,NaN,0,801369,801666,HPB,44,1996-09-16 04:00:00,1996-09-22 08:30:00,NaN,1996,9,16,6,1996,9,22,6,3,5
60_23,69.405,7.38,43.5,19.5,24,NaN,0,818088,818174,HPB,44,1997-08-30 11:30:00,1997-09-01 06:30:00,NaN,1997,8,30,12,1997,9,1,6,3,8
61_23,21.6,3.76,15.5,0,0,NaN,0,833735,833765,HPB,44,1998-07-22 11:00:00,1998-07-23 02:00:00,NaN,1998,7,22,12,1998,7,23,0,2,6
62_23,83.005,6.21,174,0,0,NaN,0,854699,855046,HPB,44,1999-10-02 05:00:00,1999-10-09 10:30:00,NaN,1999,10,2,6,1999,10,9,12,3,2
63_23,35.645,4.09,30,0,0,NaN,0,874495,874554,HPB,44,2000-11-17 15:00:00,2000-11-18 20:30:00,NaN,2000,11,17,18,2000,11,18,18,1,9
64_21,33.805,2.45,73.5,0,0,NaN,0,888409,888555,HPB,44,2001-09-03 12:00:00,2001-09-06 13:00:00,NaN,2001,9,3,12,2001,9,6,12,2,7
65_21,44.46,3.45,67.5,14.5,26,NaN,0,888613,888747,HPB,44,2001-09-07 18:00:00,2001-09-10 13:00:00,NaN,2001,9,7,18,2001,9,10,12,2,7
66_19,32.21,3.76,44.5,0,1,NaN,0,888780,888868,HPB,44,2001-09-11 05:30:00,2001-09-13 01:30:00,NaN,2001,9,11,6,2001,9,13,0,2,7
67_19,40.53,5.01,27,0,0,NaN,0,907616,907669,HPB,44,2002-10-08 15:30:00,2002-10-09 18:00:00,NaN,2002,10,8,18,2002,10,9,18,1,5
68_16,41.38,3.62,36.5,0,9,NaN,0,918918,918990,HPB,44,2003-06-01 02:30:00,2003-06-02 14:30:00,NaN,2003,6,1,0,2003,6,2,12,3,2
69_10,47.285,5.57,45.5,22,18,NaN,0,939786,939876,HPB,44,2004-08-08 20:30:00,2004-08-10 17:30:00,NaN,2004,8,8,18,2004,8,10,18,1,7
70_8,23.47,1.48,76.5,0,0,NaN,0,955546,955698,HPB,44,2005-07-03 04:30:00,2005-07-06 08:30:00,NaN,2005,7,3,6,2005,7,6,6,2,1
71_7,20.595,3.84,19,17,2,NaN,0,972646,972683,HPB,44,2006-06-24 10:30:00,2006-06-25 05:00:00,NaN,2006,6,24,12,2006,6,25,6,1,9
72_6,60.48,5.74,58.5,0,25,NaN,0,990555,990671,HPB,44,2007-07-02 13:00:00,2007-07-04 23:00:00,NaN,2007,7,2,12,2007,7,5,0,3,6
73_5,57.39,7.91,67,50.5,16.5,NaN,0,1012168,1012301,HPB,44,2008-09-24 19:30:00,2008-09-27 14:00:00,NaN,2008,9,24,18,2008,9,27,12,1,9
74_4,24.7,4.55,65,0,0,NaN,0,1031221,1031350,HPB,44,2009-10-26 18:00:00,2009-10-29 10:30:00,NaN,2009,10,26,18,2009,10,29,12,1,4
75_4,75.515,11.33,47,28,20,NaN,0,1045483,1045576,HPB,44,2010-08-19 21:00:00,2010-08-21 19:30:00,NaN,2010,8,20,0,2010,8,21,18,1,9
1_24,69.665,10.47,46,35.5,10.5,NaN,0,11948,12039,HPB,45,1951-09-06 21:30:00,1951-09-08 19:00:00,NaN,1951,9,7,0,1951,9,8,18,1,9
2_24,34.39,4.26,23,23,0,NaN,0,28754,28799,HPB,45,1952-08-22 00:30:00,1952-08-22 23:00:00,NaN,1952,8,22,0,1952,8,23,0,2,1
3_24,42.535,3.24,75,16.5,36,NaN,0,29260,29409,HPB,45,1952-09-01 13:30:00,1952-09-04 16:00:00,NaN,1952,9,1,12,1952,9,4,18,2,1
4_24,44.525,3.18,44,13,31,NaN,0,46321,46408,HPB,45,1953-08-23 00:00:00,1953-08-24 19:30:00,NaN,1953,8,23,0,1953,8,24,18,3,10
5_24,29.225,2.91,38.5,0,0,NaN,0,64113,64189,HPB,45,1954-08-28 16:00:00,1954-08-30 06:00:00,NaN,1954,8,28,18,1954,8,30,6,2,1
6_24,29.485,1.52,80.5,0,0,NaN,0,64207,64367,HPB,45,1954-08-30 15:00:00,1954-09-02 23:00:00,NaN,1954,8,30,18,1954,9,3,0,2,1
7_24,37.89,4.86,30.5,21.5,9,NaN,0,78335,78395,HPB,45,1955-06-20 23:00:00,1955-06-22 05:00:00,NaN,1955,6,21,0,1955,6,22,6,3,5
8_24,30.835,4.02,58,0,0,NaN,0,100838,100953,HPB,45,1956-10-01 18:30:00,1956-10-04 04:00:00,NaN,1956,10,1,18,1956,10,4,6,3,4
9_24,103.035,6.54,81,16,31,NaN,0,116143,116304,HPB,45,1957-08-16 15:00:00,1957-08-19 23:30:00,NaN,1957,8,16,18,1957,8,20,0,2,7
10_24,69.37,7.12,59.5,0,40.5,NaN,0,151854,151972,HPB,45,1959-08-30 14:30:00,1959-09-02 01:30:00,NaN,1959,8,30,12,1959,9,2,0,1,6
11_24,105.655,6.83,50,19,56,NaN,0,170265,170364,HPB,45,1960-09-17 04:00:00,1960-09-19 05:30:00,NaN,1960,9,17,6,1960,9,19,6,2,8
12_24,35.255,5.19,101,0,0,NaN,0,190175,190376,HPB,45,1961-11-05 23:00:00,1961-11-10 03:30:00,NaN,1961,11,6,0,1961,11,10,6,1,8
13_24,49.06,2.49,81.5,0.5,51,NaN,0,204945,205107,HPB,45,1962-09-09 16:00:00,1962-09-13 01:00:00,NaN,1962,9,9,18,1962,9,13,0,2,5
14_24,47.47,3.8,75.5,70,5.5,NaN,0,219967,220117,HPB,45,1963-07-19 15:00:00,1963-07-22 18:00:00,NaN,1963,7,19,18,1963,7,22,18,3,8
15_24,54.2,6.23,51,40.5,10.5,NaN,0,237071,237172,HPB,45,1964-07-09 23:00:00,1964-07-12 01:30:00,NaN,1964,7,10,0,1964,7,12,0,2,1
16_24,56.045,3.01,73,19.5,31.5,NaN,0,237293,237438,HPB,45,1964-07-14 14:00:00,1964-07-17 14:30:00,NaN,1964,7,14,12,1964,7,17,12,2,1
17_24,81.245,6.55,78.5,0,0,NaN,0,257011,257167,HPB,45,1965-08-29 09:00:00,1965-09-01 15:00:00,NaN,1965,8,29,12,1965,9,1,18,3,7
18_24,40.65,6.06,35,0,0,NaN,0,274619,274688,HPB,45,1966-08-31 05:00:00,1966-09-01 15:30:00,NaN,1966,8,31,6,1966,9,1,18,1,9
19_24,111.94,7.75,58,34,24,NaN,0,290020,290135,HPB,45,1967-07-18 01:30:00,1967-07-20 11:00:00,NaN,1967,7,18,0,1967,7,20,12,2,6
20_24,39.595,2.86,40,0,0,NaN,0,310860,310939,HPB,45,1968-09-24 05:30:00,1968-09-25 21:00:00,NaN,1968,9,24,6,1968,9,26,0,1,5
21_24,38.25,6.97,25.5,0,25.5,NaN,0,311232,311282,HPB,45,1968-10-01 23:30:00,1968-10-03 00:30:00,NaN,1968,10,2,0,1968,10,3,0,1,5
22_24,36.385,2.83,39.5,20,44.5,NaN,0,330235,330313,HPB,45,1969-11-01 21:00:00,1969-11-03 12:00:00,NaN,1969,11,2,0,1969,11,3,12,3,8
23_24,48.615,5.59,37,24,13,NaN,0,342888,342961,HPB,45,1970-07-23 11:30:00,1970-07-25 00:00:00,NaN,1970,7,23,12,1970,7,25,0,1,2
24_24,40.735,3.34,45.5,35,10.5,NaN,0,359928,360018,HPB,45,1971-07-13 11:30:00,1971-07-15 08:30:00,NaN,1971,7,13,12,1971,7,15,6,3,6
25_24,23.65,3.01,35.5,0,0,NaN,0,378452,378522,HPB,45,1972-08-02 09:30:00,1972-08-03 20:30:00,NaN,1972,8,2,12,1972,8,3,18,2,7
26_24,33.52,2.85,56,28.5,27.5,NaN,0,416509,416620,HPB,45,1974-10-04 06:00:00,1974-10-06 13:30:00,NaN,1974,10,4,6,1974,10,6,12,3,8
27_24,43.125,6.07,43,0,0,NaN,0,432395,432480,HPB,45,1975-08-31 05:00:00,1975-09-01 23:30:00,NaN,1975,8,31,6,1975,9,2,0,1,8
28_24,28.16,1.53,87,17,70,NaN,0,432495,432668,HPB,45,1975-09-02 07:00:00,1975-09-05 21:30:00,NaN,1975,9,2,6,1975,9,6,0,1,8
29_24,20.24,2.53,47.5,0,0,NaN,0,450639,450733,HPB,45,1976-09-14 07:00:00,1976-09-16 06:00:00,NaN,1976,9,14,6,1976,9,16,6,2,9
30_24,91.14,4.47,71.5,0,0,NaN,0,450905,451047,HPB,45,1976-09-19 20:00:00,1976-09-22 19:00:00,NaN,1976,9,19,18,1976,9,22,18,2,9
31_24,61.125,2.52,87.5,0,0,NaN,0,469276,469450,HPB,45,1977-10-07 13:30:00,1977-10-11 04:30:00,NaN,1977,10,7,12,1977,10,11,6,2,10
32_24,40.495,2.48,52.5,0,0,NaN,0,483165,483269,HPB,45,1978-07-23 22:00:00,1978-07-26 02:00:00,NaN,1978,7,24,0,1978,7,26,0,2,5
33_24,21.58,1.82,25.5,0,0,NaN,0,505612,505662,HPB,45,1979-11-03 13:30:00,1979-11-04 14:30:00,NaN,1979,11,3,12,1979,11,4,12,3,4
34_24,29.79,3.78,130.5,0,0,NaN,0,523181,523441,HPB,45,1980-11-03 14:00:00,1980-11-09 00:00:00,NaN,1980,11,3,12,1980,11,9,0,1,2
35_24,34.15,2.68,34.5,28.5,6,NaN,0,538642,538710,HPB,45,1981-09-21 16:30:00,1981-09-23 02:30:00,NaN,1981,9,21,18,1981,9,23,0,3,4
36_24,72.595,3.98,89.5,0,0,NaN,0,551647,551825,HPB,45,1982-06-19 15:00:00,1982-06-23 08:00:00,NaN,1982,6,19,18,1982,6,23,6,2,1
37_24,27.9,2.69,54,0,0,NaN,0,569486,569593,HPB,45,1983-06-26 06:30:00,1983-06-28 12:00:00,NaN,1983,6,26,6,1983,6,28,12,3,6
38_24,25.05,1.95,56,0,0,NaN,0,587390,587501,HPB,45,1984-07-03 06:30:00,1984-07-05 14:00:00,NaN,1984,7,3,6,1984,7,5,12,2,9
39_24,69.565,3.74,72,29.5,42.5,NaN,0,587842,587985,HPB,45,1984-07-12 16:30:00,1984-07-15 16:00:00,NaN,1984,7,12,18,1984,7,15,18,2,9
40_24,36.98,2.92,54,20.5,38.5,NaN,0,609216,609323,HPB,45,1985-09-30 23:30:00,1985-10-03 05:00:00,NaN,1985,10,1,0,1985,10,3,6,3,9
41_24,42.165,2.94,69,13,24,NaN,0,626038,626175,HPB,45,1986-09-16 10:30:00,1986-09-19 07:00:00,NaN,1986,9,16,12,1986,9,19,6,2,6
42_24,37.205,1.51,151.5,0,0,NaN,0,642390,642692,HPB,45,1987-08-23 02:30:00,1987-08-29 09:30:00,NaN,1987,8,23,0,1987,8,29,12,2,10
43_24,36.375,2.78,30.5,0,0,NaN,0,662060,662120,HPB,45,1988-10-05 21:30:00,1988-10-07 03:30:00,NaN,1988,10,6,0,1988,10,7,6,3,8
44_24,29.7,4.15,41.5,0,2.5,NaN,0,697595,697677,HPB,45,1990-10-16 05:00:00,1990-10-17 22:00:00,NaN,1990,10,16,6,1990,10,18,0,1,9
45_24,26.435,3.09,66.5,0,0,NaN,0,711904,712036,HPB,45,1991-08-10 07:30:00,1991-08-13 01:30:00,NaN,1991,8,10,6,1991,8,13,0,2,5
46_24,55.61,5,56,0,0,NaN,0,712100,712211,HPB,45,1991-08-14 09:30:00,1991-08-16 17:00:00,NaN,1991,8,14,12,1991,8,16,18,2,5
47_24,37.095,4.7,42,21.5,32,NaN,0,729989,730072,HPB,45,1992-08-21 02:00:00,1992-08-22 19:30:00,NaN,1992,8,21,0,1992,8,22,18,3,8
48_24,81.71,2.3,105.5,0,15.5,NaN,0,745903,746113,HPB,45,1993-07-18 15:00:00,1993-07-23 00:00:00,NaN,1993,7,18,18,1993,7,23,0,2,1
49_24,33.855,3.97,49.5,41.5,8,NaN,0,781363,781461,HPB,45,1995-07-27 09:00:00,1995-07-29 10:00:00,NaN,1995,7,27,12,1995,7,29,12,3,5
50_24,64.72,9.38,45.5,17,28.5,NaN,0,800441,800531,HPB,45,1996-08-27 20:00:00,1996-08-29 17:00:00,NaN,1996,8,27,18,1996,8,29,18,3,6
51_24,74.24,6.2,42,20,22,NaN,0,818556,818639,HPB,45,1997-09-09 05:30:00,1997-09-10 23:00:00,NaN,1997,9,9,6,1997,9,11,0,3,8
52_24,26.355,2.17,80.5,29,45.5,NaN,0,834434,834594,HPB,45,1998-08-06 00:30:00,1998-08-09 08:30:00,NaN,1998,8,6,0,1998,8,9,6,2,6
53_24,35.11,1.81,73,0,0,NaN,0,834722,834867,HPB,45,1998-08-12 00:30:00,1998-08-15 01:00:00,NaN,1998,8,12,0,1998,8,15,0,2,6
54_24,56.785,4.75,53.5,0,0,NaN,0,856129,856235,HPB,45,1999-11-01 00:00:00,1999-11-03 05:00:00,NaN,1999,11,1,0,1999,11,3,6,1,6
55_24,42.325,6.21,67,0,0,NaN,0,873179,873312,HPB,45,2000-10-21 05:00:00,2000-10-23 23:30:00,NaN,2000,10,21,6,2000,10,24,0,1,9
56_24,44.405,5.44,35,17,18,NaN,0,888383,888452,HPB,45,2001-09-02 23:00:00,2001-09-04 09:30:00,NaN,2001,9,3,0,2001,9,4,12,1,9
57_24,58.26,5.34,59.5,30,29.5,NaN,0,908193,908311,HPB,45,2002-10-20 16:00:00,2002-10-23 03:00:00,NaN,2002,10,20,18,2002,10,23,6,3,8
58_24,58.625,9.52,37,0,0,NaN,0,924256,924329,HPB,45,2003-09-20 07:30:00,2003-09-21 20:00:00,NaN,2003,9,20,6,2003,9,21,18,1,6
59_24,37.235,2.97,57.5,0,0,NaN,0,938553,938667,HPB,45,2004-07-14 04:00:00,2004-07-16 13:00:00,NaN,2004,7,14,6,2004,7,16,12,3,6
60_24,83.36,6.15,41.5,15,26.5,NaN,0,957908,957990,HPB,45,2005-08-21 09:30:00,2005-08-23 02:30:00,NaN,2005,8,21,12,2005,8,23,0,2,6
61_24,69.025,3.23,51,0,0,NaN,0,976425,976526,HPB,45,2006-09-11 04:00:00,2006-09-13 06:30:00,NaN,2006,9,11,6,2006,9,13,6,2,5
62_24,34.615,2.43,40.5,0,0,NaN,0,993984,994064,HPB,45,2007-09-11 23:30:00,2007-09-13 15:30:00,NaN,2007,9,12,0,2007,9,13,18,3,5
63_24,65.05,3.3,90.5,0,0,NaN,0,1008959,1009139,HPB,45,2008-07-19 23:00:00,2008-07-23 17:00:00,NaN,2008,7,20,0,2008,7,23,18,2,6
64_22,62.11,3.75,76,0,0,NaN,0,1030457,1030608,HPB,45,2009-10-10 20:00:00,2009-10-13 23:30:00,NaN,2009,10,10,18,2009,10,14,0,2,8
1_25,43.37,2.85,81.5,23.5,65,NaN,23,11261,11423,HPB,46,1951-08-23 14:00:00,1951-08-26 23:00:00,NaN,1951,8,23,12,1951,8,27,0,2,8
2_25,40.475,4.16,45.5,0,0,NaN,0,26555,26645,HPB,46,1952-07-07 05:00:00,1952-07-09 02:00:00,NaN,1952,7,7,6,1952,7,9,0,3,6
3_25,26.9,2.02,97.5,0,0,NaN,0,50904,51098,HPB,46,1953-11-26 11:30:00,1953-11-30 12:30:00,NaN,1953,11,26,12,1953,11,30,12,3,8
4_25,46.43,5.37,24,0,0,NaN,0,64175,64222,HPB,46,1954-08-29 23:00:00,1954-08-30 22:30:00,NaN,1954,8,30,0,1954,8,31,0,1,6
5_25,21.54,1.65,49,18.5,30.5,NaN,0,81579,81676,HPB,46,1955-08-27 13:00:00,1955-08-29 13:30:00,NaN,1955,8,27,12,1955,8,29,12,2,7
6_25,37.45,1.98,101,0,15.5,NaN,0,98419,98620,HPB,46,1956-08-12 09:00:00,1956-08-16 13:30:00,NaN,1956,8,12,12,1956,8,16,12,2,6
7_25,41.605,2.99,40.5,12,23,NaN,0,119111,119191,HPB,46,1957-10-17 11:00:00,1957-10-19 03:00:00,NaN,1957,10,17,12,1957,10,19,6,3,8
8_25,94.71,4.21,95,26.5,64.5,NaN,0,135334,135523,HPB,46,1958-09-20 10:30:00,1958-09-24 09:00:00,NaN,1958,9,20,12,1958,9,24,12,2,1
9_25,65,3.73,66.5,10.5,44.5,NaN,0,153000,153132,HPB,46,1959-09-23 11:30:00,1959-09-26 05:30:00,NaN,1959,9,23,12,1959,9,26,6,2,6
10_25,23.66,3.22,44,0,0,NaN,0,168866,168953,HPB,46,1960-08-19 00:30:00,1960-08-20 20:00:00,NaN,1960,8,19,0,1960,8,20,18,2,6
11_25,98.76,7.38,128.5,23.5,41,NaN,0,169258,169514,HPB,46,1960-08-27 04:30:00,1960-09-01 12:30:00,NaN,1960,8,27,6,1960,9,1,12,2,6
12_25,69.94,3.47,138.5,11,55,NaN,0,186972,187248,HPB,46,1961-08-31 05:30:00,1961-09-05 23:30:00,NaN,1961,8,31,6,1961,9,6,0,2,6
13_25,49.945,7.13,36.5,24.5,12,NaN,0,202924,202996,HPB,46,1962-07-29 13:30:00,1962-07-31 01:30:00,NaN,1962,7,29,12,1962,7,31,0,1,9
14_25,35.315,2.37,75.5,0,0,NaN,0,222309,222459,HPB,46,1963-09-06 10:00:00,1963-09-09 13:00:00,NaN,1963,9,6,12,1963,9,9,12,2,9
15_25,29.24,4.49,17,0,0,NaN,0,241498,241531,HPB,46,1964-10-10 04:30:00,1964-10-10 21:00:00,NaN,1964,10,10,6,1964,10,11,0,1,8
16_25,33.08,4.72,74.5,0,0,NaN,0,261205,261353,HPB,46,1965-11-24 18:00:00,1965-11-27 20:00:00,NaN,1965,11,24,18,1965,11,27,18,1,4
17_25,27.36,3.32,55,0,0,NaN,0,270431,270540,HPB,46,1966-06-04 23:00:00,1966-06-07 05:30:00,NaN,1966,6,5,0,1966,6,7,6,2,6
18_25,50.68,2.79,83,29.5,53.5,NaN,0,293876,294041,HPB,46,1967-10-06 09:30:00,1967-10-09 20:00:00,NaN,1967,10,6,12,1967,10,9,18,2,8
19_25,27.74,3.05,26,0,0,NaN,0,311324,311375,HPB,46,1968-10-03 21:30:00,1968-10-04 23:00:00,NaN,1968,10,4,0,1968,10,5,0,2,2
20_25,25.54,2.27,62.5,0,46,NaN,0,311397,311521,HPB,46,1968-10-05 10:00:00,1968-10-08 00:00:00,NaN,1968,10,5,12,1968,10,8,0,2,2
21_25,52.28,2.26,120,0,0,NaN,0,326930,327169,HPB,46,1969-08-25 00:30:00,1969-08-30 00:00:00,NaN,1969,8,25,0,1969,8,30,0,2,1
22_25,29.15,3.13,122.5,0,0,NaN,0,366045,366289,HPB,46,1971-11-17 22:00:00,1971-11-23 00:00:00,NaN,1971,11,18,0,1971,11,23,0,3,2
23_25,32.33,3.13,60.5,0,0,NaN,0,379858,379978,HPB,46,1972-08-31 16:30:00,1972-09-03 04:30:00,NaN,1972,8,31,18,1972,9,3,6,2,6
24_25,47.48,2.99,138.5,21.5,74,NaN,0,380108,380384,HPB,46,1972-09-05 21:30:00,1972-09-11 15:30:00,NaN,1972,9,6,0,1972,9,11,18,2,6
25_25,26.405,1.74,73,50,23,NaN,0,397181,397326,HPB,46,1973-08-27 14:00:00,1973-08-30 14:30:00,NaN,1973,8,27,12,1973,8,30,12,2,5
26_25,41.26,8.13,52.5,0,0,NaN,0,415265,415369,HPB,46,1974-09-08 08:00:00,1974-09-10 12:00:00,NaN,1974,9,8,6,1974,9,10,12,1,2
27_25,40.895,4.43,41,0,0,NaN,0,429666,429747,HPB,46,1975-07-05 08:30:00,1975-07-07 01:00:00,NaN,1975,7,5,6,1975,7,7,0,2,7
28_25,67.6,4.85,120,0,0,NaN,0,429824,430063,HPB,46,1975-07-08 15:30:00,1975-07-13 15:00:00,NaN,1975,7,8,18,1975,7,13,18,2,7
29_25,48.88,5.84,83,0,0,NaN,0,449148,449313,HPB,46,1976-08-14 05:30:00,1976-08-17 16:00:00,NaN,1976,8,14,6,1976,8,17,18,3,2
30_25,106.325,14.43,39,0,0,NaN,0,467063,467140,HPB,46,1977-08-22 11:00:00,1977-08-24 01:30:00,NaN,1977,8,22,12,1977,8,24,0,2,7
31_25,22.95,1.54,44.5,0,0,NaN,0,483601,483689,HPB,46,1978-08-02 00:00:00,1978-08-03 20:00:00,NaN,1978,8,2,0,1978,8,3,18,2,7
32_25,41.95,4.26,77,15,41,NaN,0,501196,501349,HPB,46,1979-08-03 13:30:00,1979-08-06 18:00:00,NaN,1979,8,3,12,1979,8,6,18,3,8
33_25,67.425,6.14,47.5,16,28.5,NaN,0,519204,519298,HPB,46,1980-08-12 17:30:00,1980-08-14 16:30:00,NaN,1980,8,12,18,1980,8,14,18,2,2
34_25,133.76,5.24,150.5,13.5,60.5,NaN,0,519349,519649,HPB,46,1980-08-15 18:00:00,1980-08-22 00:00:00,NaN,1980,8,15,18,1980,8,22,0,2,2
35_25,59.14,2.95,50.5,16.5,29,NaN,0,534275,534375,HPB,46,1981-06-22 17:00:00,1981-06-24 19:00:00,NaN,1981,6,22,18,1981,6,24,18,2,6
36_25,54.255,1.87,146.5,0,48,NaN,0,552914,553206,HPB,46,1982-07-16 00:30:00,1982-07-22 02:30:00,NaN,1982,7,16,0,1982,7,22,0,2,8
37_25,40.435,2.59,87,0,0,NaN,0,553407,553580,HPB,46,1982-07-26 07:00:00,1982-07-29 21:30:00,NaN,1982,7,26,6,1982,7,30,0,2,8
38_25,43.265,2.11,125,0,0,NaN,0,572431,572680,HPB,46,1983-08-26 15:00:00,1983-08-31 19:30:00,NaN,1983,8,26,18,1983,8,31,18,2,6
39_25,35.8,4.38,70.5,0,42.5,NaN,0,590005,590145,HPB,46,1984-08-26 18:00:00,1984-08-29 16:00:00,NaN,1984,8,26,18,1984,8,29,18,1,5
40_25,48.3,5.65,30.5,0,0,NaN,0,590480,590540,HPB,46,1984-09-05 15:30:00,1984-09-06 21:30:00,NaN,1984,9,5,18,1984,9,7,0,1,5
41_25,29.025,3.33,33,11,22,NaN,0,590618,590683,HPB,46,1984-09-08 12:30:00,1984-09-09 21:00:00,NaN,1984,9,8,12,1984,9,10,0,1,5
42_25,38.395,5.13,46,0,0,NaN,0,611793,611884,HPB,46,1985-11-23 16:00:00,1985-11-25 13:30:00,NaN,1985,11,23,18,1985,11,25,12,1,2
43_25,52.91,3.12,115,0,0,NaN,0,627804,628033,HPB,46,1986-10-23 05:30:00,1986-10-28 00:00:00,NaN,1986,10,23,6,1986,10,28,0,2,6
44_25,25.1,2.65,28.5,20,8.5,NaN,0,644320,644376,HPB,46,1987-10-02 07:30:00,1987-10-03 11:30:00,NaN,1987,10,2,6,1987,10,3,12,1,6
45_25,111.17,4.01,72,12.5,26,NaN,0,661600,661743,HPB,46,1988-09-26 07:30:00,1988-09-29 07:00:00,NaN,1988,9,26,6,1988,9,29,6,2,2
46_25,30.915,2.36,63.5,0,0,NaN,0,679553,679679,HPB,46,1989-10-05 08:00:00,1989-10-07 23:00:00,NaN,1989,10,5,6,1989,10,8,0,3,1
47_25,38.33,3.79,47.5,4,43.5,NaN,0,695132,695226,HPB,46,1990-08-25 21:30:00,1990-08-27 20:30:00,NaN,1990,8,26,0,1990,8,27,18,2,6
48_25,51.065,3.43,31,0,23,NaN,0,713615,713676,HPB,46,1991-09-14 23:00:00,1991-09-16 05:30:00,NaN,1991,9,15,0,1991,9,16,6,3,8
49_25,43.895,3.32,51.5,41,10.5,NaN,0,728082,728184,HPB,46,1992-07-12 08:30:00,1992-07-14 11:30:00,NaN,1992,7,12,6,1992,7,14,12,3,9
50_25,32.985,4.57,32,9.5,21.5,NaN,0,746635,746698,HPB,46,1993-08-02 21:00:00,1993-08-04 04:30:00,NaN,1993,8,3,0,1993,8,4,6,2,7
51_25,47.055,3.64,33.5,0,0,NaN,0,747133,747199,HPB,46,1993-08-13 06:00:00,1993-08-14 15:00:00,NaN,1993,8,13,6,1993,8,14,18,2,7
52_25,38.445,2.24,83,0,11,NaN,0,782037,782202,HPB,46,1995-08-10 10:00:00,1995-08-13 20:30:00,NaN,1995,8,10,12,1995,8,13,18,2,6
53_25,45.48,1.67,108.5,0,32.5,NaN,0,818232,818448,HPB,46,1997-09-02 11:30:00,1997-09-06 23:30:00,NaN,1997,9,2,12,1997,9,7,0,2,10
54_25,31.56,3.8,41,12,28,NaN,0,836667,836748,HPB,46,1998-09-21 13:00:00,1998-09-23 05:30:00,NaN,1998,9,21,12,1998,9,23,6,3,6
55_25,35.465,5.07,44,0,0,NaN,0,856219,856306,HPB,46,1999-11-02 21:00:00,1999-11-04 16:30:00,NaN,1999,11,3,0,1999,11,4,18,1,1
56_25,49.565,5.03,34.5,19,15.5,NaN,0,870016,870084,HPB,46,2000-08-16 07:30:00,2000-08-17 17:30:00,NaN,2000,8,16,6,2000,8,17,18,1,6
57_25,84.74,10.25,33,16,17,NaN,0,870457,870522,HPB,46,2000-08-25 12:00:00,2000-08-26 20:30:00,NaN,2000,8,25,12,2000,8,26,18,1,6
58_25,21.095,2.38,36.5,0,8.5,NaN,0,886377,886449,HPB,46,2001-07-23 04:00:00,2001-07-24 16:00:00,NaN,2001,7,23,6,2001,7,24,18,1,5
59_25,53.04,10.42,23,0,0,NaN,0,886626,886671,HPB,46,2001-07-28 08:30:00,2001-07-29 07:00:00,NaN,2001,7,28,6,2001,7,29,6,1,5
60_25,27.995,4.56,19.5,0,0,NaN,0,908351,908389,HPB,46,2002-10-23 23:00:00,2002-10-24 18:00:00,NaN,2002,10,24,0,2002,10,24,18,1,6
61_25,41.87,2.42,49.5,0,0,NaN,0,924022,924120,HPB,46,2003-09-15 10:30:00,2003-09-17 11:30:00,NaN,2003,9,15,12,2003,9,17,12,3,9
62_25,22.02,1.99,44,5,76,NaN,0,941197,941284,HPB,46,2004-09-07 06:00:00,2004-09-09 01:30:00,NaN,2004,9,7,6,2004,9,9,0,2,6
63_25,45.055,3.62,49,0,0,NaN,0,941605,941702,HPB,46,2004-09-15 18:00:00,2004-09-17 18:30:00,NaN,2004,9,15,18,2004,9,17,18,2,6
64_23,31.635,2.74,49.5,0,0,NaN,0,957314,957412,HPB,46,2005-08-09 00:30:00,2005-08-11 01:30:00,NaN,2005,8,9,0,2005,8,11,0,2,7
65_22,68.72,4.89,55.5,0,17.5,NaN,0,957831,957941,HPB,46,2005-08-19 19:00:00,2005-08-22 02:00:00,NaN,2005,8,19,18,2005,8,22,0,2,7
66_20,29.36,3.55,42,2,16,NaN,0,976604,976687,HPB,46,2006-09-14 21:30:00,2006-09-16 15:00:00,NaN,2006,9,15,0,2006,9,16,18,1,9
67_20,29.615,3.88,26.5,0,0,NaN,0,976883,976935,HPB,46,2006-09-20 17:00:00,2006-09-21 19:00:00,NaN,2006,9,20,18,2006,9,21,18,1,9
68_17,68.355,2.98,90,16.5,36.5,NaN,0,993963,994142,HPB,46,2007-09-11 13:00:00,2007-09-15 06:30:00,NaN,2007,9,11,12,2007,9,15,6,2,9
69_11,21.975,2.58,60.5,0,0,NaN,0,1014427,1014547,HPB,46,2008-11-10 21:00:00,2008-11-13 09:00:00,NaN,2008,11,11,0,2008,11,13,12,1,4
70_9,33.905,3.52,30,0,18.5,NaN,0,1029889,1029948,HPB,46,2009-09-29 00:00:00,2009-09-30 05:30:00,NaN,2009,9,29,0,2009,9,30,6,2,6
71_8,93.6,4.47,44.5,12.5,25.5,NaN,0,1044900,1044988,HPB,46,2010-08-07 17:30:00,2010-08-09 13:30:00,NaN,2010,8,7,18,2010,8,9,12,2,10
1_26,62.515,5.83,111.5,0,39.5,NaN,0,29131,29353,HPB,47,1952-08-29 21:00:00,1952-09-03 12:00:00,NaN,1952,8,30,0,1952,9,3,12,3,6
2_26,123.75,3.73,182,0,31.5,NaN,0,47093,47456,HPB,47,1953-09-08 02:00:00,1953-09-15 15:30:00,NaN,1953,9,8,0,1953,9,15,18,2,7
3_26,61.705,3,110.5,11.5,64,NaN,0,62083,62303,HPB,47,1954-07-17 09:00:00,1954-07-21 23:00:00,NaN,1954,7,17,12,1954,7,22,0,2,8
4_26,30.82,2.88,44.5,0,0,NaN,0,80834,80922,HPB,47,1955-08-12 00:30:00,1955-08-13 20:30:00,NaN,1955,8,12,0,1955,8,13,18,1,5
5_26,22.115,2.42,29,11.5,17.5,NaN,0,81159,81216,HPB,47,1955-08-18 19:00:00,1955-08-19 23:30:00,NaN,1955,8,18,18,1955,8,20,0,1,5
6_26,48.585,6.17,35,15,20,NaN,0,81340,81409,HPB,47,1955-08-22 13:30:00,1955-08-24 00:00:00,NaN,1955,8,22,12,1955,8,24,0,1,5
7_26,33.64,2.61,87.5,0,0,NaN,0,98680,98854,HPB,47,1956-08-17 19:30:00,1956-08-21 10:30:00,NaN,1956,8,17,18,1956,8,21,12,2,2
8_26,33.05,5.05,39.5,10.5,29,NaN,0,98868,98946,HPB,47,1956-08-21 17:30:00,1956-08-23 08:30:00,NaN,1956,8,21,18,1956,8,23,6,2,2
9_26,25.055,1.36,41.5,0,28.5,NaN,0,116100,116182,HPB,47,1957-08-15 17:30:00,1957-08-17 10:30:00,NaN,1957,8,15,18,1957,8,17,12,2,2
10_26,52.225,6.08,36,0,36,NaN,0,135121,135192,HPB,47,1958-09-16 00:00:00,1958-09-17 11:30:00,NaN,1958,9,16,0,1958,9,17,12,3,9
11_26,86.565,3.09,112.5,0,54,NaN,0,149335,149559,HPB,47,1959-07-09 03:00:00,1959-07-13 19:00:00,NaN,1959,7,9,6,1959,7,13,18,2,2
12_26,39.28,5.88,41.5,7.5,27,NaN,0,189011,189093,HPB,47,1961-10-12 17:00:00,1961-10-14 10:00:00,NaN,1961,10,12,18,1961,10,14,12,1,2
13_26,29.255,2.87,88.5,0,0,NaN,0,208505,208681,HPB,47,1962-11-22 20:00:00,1962-11-26 12:00:00,NaN,1962,11,22,18,1962,11,26,12,3,2
14_26,49.53,2.15,77.5,18,42,NaN,0,239989,240143,HPB,47,1964-09-08 18:00:00,1964-09-11 23:00:00,NaN,1964,9,8,18,1964,9,12,0,2,3
15_26,50.57,6.04,71,38,61.5,NaN,0,255567,255708,HPB,47,1965-07-30 07:00:00,1965-08-02 05:30:00,NaN,1965,7,30,6,1965,8,2,6,3,6
16_26,22.3,3.68,34,0,18,NaN,0,273014,273081,HPB,47,1966-07-28 18:30:00,1966-07-30 04:00:00,NaN,1966,7,28,18,1966,7,30,6,3,3
17_26,51.335,2.32,44,0,0,NaN,0,291643,291730,HPB,47,1967-08-20 21:00:00,1967-08-22 16:30:00,NaN,1967,8,21,0,1967,8,22,18,3,6
18_26,50.245,5.72,35.5,0,11.5,NaN,0,292100,292170,HPB,47,1967-08-30 09:30:00,1967-08-31 20:30:00,NaN,1967,8,30,12,1967,8,31,18,3,6
19_26,31.805,5.37,110.5,0,15.5,NaN,0,313749,313969,HPB,47,1968-11-23 10:00:00,1968-11-28 00:00:00,NaN,1968,11,23,12,1968,11,28,0,1,2
20_26,55.825,4.09,34.5,0,0,NaN,0,326280,326348,HPB,47,1969-08-11 11:30:00,1969-08-12 21:30:00,NaN,1969,8,11,12,1969,8,13,0,2,8
21_26,27.665,3.81,27,0,0,NaN,0,344719,344772,HPB,47,1970-08-30 15:00:00,1970-08-31 17:30:00,NaN,1970,8,30,18,1970,8,31,18,2,8
22_26,58.765,4.1,53,0,0,NaN,0,345033,345138,HPB,47,1970-09-06 04:00:00,1970-09-08 08:30:00,NaN,1970,9,6,6,1970,9,8,6,2,8
23_26,23.52,1.7,41.5,0,0,NaN,0,364418,364500,HPB,47,1971-10-15 00:30:00,1971-10-16 17:30:00,NaN,1971,10,15,0,1971,10,16,18,3,2
24_26,35.465,2.78,34,0,0,NaN,0,381668,381735,HPB,47,1972-10-08 09:30:00,1972-10-09 19:00:00,NaN,1972,10,8,12,1972,10,9,18,3,9
25_26,29.465,2.19,118.5,0,0,NaN,0,395967,396203,HPB,47,1973-08-02 07:00:00,1973-08-07 05:00:00,NaN,1973,8,2,6,1973,8,7,6,2,7
26_26,25.76,2.19,22,0,0,NaN,0,416293,416336,HPB,47,1974-09-29 18:00:00,1974-09-30 15:30:00,NaN,1974,9,29,18,1974,9,30,18,3,9
27_26,35.165,3.3,82,0,0,NaN,0,452253,452416,HPB,47,1976-10-17 22:00:00,1976-10-21 07:30:00,NaN,1976,10,18,0,1976,10,21,6,3,6
28_26,58.62,6.13,74,21.5,31,NaN,0,467200,467347,HPB,47,1977-08-25 07:30:00,1977-08-28 09:00:00,NaN,1977,8,25,6,1977,8,28,12,2,6
29_26,27.205,2.96,34.5,0,0,NaN,0,482107,482175,HPB,47,1978-07-01 21:00:00,1978-07-03 07:00:00,NaN,1978,7,2,0,1978,7,3,6,2,2
30_26,48.895,6.03,53.5,13.5,10.5,NaN,0,482438,482544,HPB,47,1978-07-08 18:30:00,1978-07-10 23:30:00,NaN,1978,7,8,18,1978,7,11,0,2,2
31_26,66.835,10.38,74,13,61,NaN,0,505924,506071,HPB,47,1979-11-10 01:30:00,1979-11-13 03:00:00,NaN,1979,11,10,0,1979,11,13,6,1,9
32_26,44.94,2.86,99,5.5,43.5,NaN,0,520261,520458,HPB,47,1980-09-03 18:00:00,1980-09-07 20:30:00,NaN,1980,9,3,18,1980,9,7,18,2,2
33_26,28.285,2.51,49.5,0,0,NaN,0,537393,537491,HPB,47,1981-08-26 16:00:00,1981-08-28 17:00:00,NaN,1981,8,26,18,1981,8,28,18,2,6
34_26,68.145,12.81,32,13,19,NaN,0,555809,555872,HPB,47,1982-09-14 08:00:00,1982-09-15 15:30:00,NaN,1982,9,14,6,1982,9,15,18,1,8
35_26,34.32,4.35,36,24,12,NaN,0,569294,569365,HPB,47,1983-06-22 06:30:00,1983-06-23 18:00:00,NaN,1983,6,22,6,1983,6,23,18,1,9
36_26,33.765,3.21,40.5,14.5,25,NaN,0,589781,589861,HPB,47,1984-08-22 02:00:00,1984-08-23 18:00:00,NaN,1984,8,22,0,1984,8,23,18,3,8
37_26,30.775,3.56,67,0,0,NaN,0,610779,610912,HPB,47,1985-11-02 13:00:00,1985-11-05 07:30:00,NaN,1985,11,2,12,1985,11,5,6,2,8
38_26,83.435,3.93,103.5,0,0,NaN,0,610959,611165,HPB,47,1985-11-06 07:00:00,1985-11-10 14:00:00,NaN,1985,11,6,6,1985,11,10,12,2,8
39_26,22.48,1.32,121.5,0,0,NaN,0,629426,629668,HPB,47,1986-11-26 00:30:00,1986-12-01 01:30:00,NaN,1986,11,26,0,1986,12,1,0,1,9
40_26,24.28,3.52,31,0,0,NaN,0,629744,629805,HPB,47,1986-12-02 15:30:00,1986-12-03 22:00:00,NaN,1986,12,2,18,1986,12,4,0,1,9
41_26,38.36,4.5,51,10.5,13.5,NaN,0,642710,642811,HPB,47,1987-08-29 18:30:00,1987-08-31 21:00:00,NaN,1987,8,29,18,1987,9,1,0,2,8
42_26,51.445,3.09,63.5,0,61.5,NaN,0,643103,643229,HPB,47,1987-09-06 23:00:00,1987-09-09 14:00:00,NaN,1987,9,7,0,1987,9,9,12,2,8
43_26,35.075,4.98,79,13.5,61,NaN,0,662815,662972,HPB,47,1988-10-21 15:00:00,1988-10-24 21:30:00,NaN,1988,10,21,18,1988,10,25,0,1,8
44_26,30.81,2.47,76.5,0,0,NaN,0,675754,675906,HPB,47,1989-07-18 04:30:00,1989-07-21 08:30:00,NaN,1989,7,18,6,1989,7,21,6,2,5
45_26,36.215,8.46,89.5,13.5,73,NaN,0,695385,695563,HPB,47,1990-08-31 04:00:00,1990-09-03 21:00:00,NaN,1990,8,31,6,1990,9,4,0,1,6
46_26,58.63,7.1,28,7,21,NaN,0,711452,711507,HPB,47,1991-07-31 21:30:00,1991-08-02 01:00:00,NaN,1991,8,1,0,1991,8,2,0,1,8
47_26,20.64,3.09,29,0,0,NaN,0,733247,733304,HPB,47,1992-10-27 23:00:00,1992-10-29 03:30:00,NaN,1992,10,28,0,1992,10,29,6,2,5
48_26,55.58,2.99,90.5,0,0,NaN,0,733382,733562,HPB,47,1992-10-30 18:30:00,1992-11-03 12:30:00,NaN,1992,10,30,18,1992,11,3,12,2,5
49_26,28.355,1.25,67.5,0,0,NaN,0,747939,748073,HPB,47,1993-08-30 01:00:00,1993-09-01 20:00:00,NaN,1993,8,30,0,1993,9,1,18,2,8
50_26,53.455,2.98,188.5,0,10.5,NaN,0,765177,765553,HPB,47,1994-08-24 04:00:00,1994-09-01 00:00:00,NaN,1994,8,24,6,1994,9,1,0,2,8
51_26,44.38,8.59,41,0,6.5,NaN,0,783252,783333,HPB,47,1995-09-04 17:30:00,1995-09-06 10:00:00,NaN,1995,9,4,18,1995,9,6,12,1,5
52_26,27.23,3.42,63,0,0,NaN,0,799081,799206,HPB,47,1996-07-30 12:00:00,1996-08-02 02:30:00,NaN,1996,7,30,12,1996,8,2,0,1,6
53_26,68.555,7.84,47.5,12,24.5,NaN,0,818591,818685,HPB,47,1997-09-09 23:00:00,1997-09-11 22:00:00,NaN,1997,9,10,0,1997,9,12,0,1,5
54_26,20.655,5.76,17,0,0,NaN,0,833862,833895,HPB,47,1998-07-25 02:30:00,1998-07-25 19:00:00,NaN,1998,7,25,0,1998,7,25,18,3,8
55_26,83.1,7.55,63,0,0,NaN,0,834154,834279,HPB,47,1998-07-31 04:30:00,1998-08-02 19:00:00,NaN,1998,7,31,6,1998,8,2,18,3,8
56_26,56.395,2.86,60.5,26,21,NaN,0,871603,871723,HPB,47,2000-09-18 09:00:00,2000-09-20 21:00:00,NaN,2000,9,18,12,2000,9,21,0,2,6
57_26,20.185,2.39,24.5,0,0,NaN,0,883656,883704,HPB,47,2001-05-27 11:30:00,2001-05-28 11:30:00,NaN,2001,5,27,12,2001,5,28,12,3,10
58_26,34.555,2.86,79,0,0,NaN,0,884002,884159,HPB,47,2001-06-03 16:30:00,2001-06-06 23:00:00,NaN,2001,6,3,18,2001,6,7,0,3,10
59_26,22.78,3.82,15,0,0,NaN,0,925213,925242,HPB,47,2003-10-10 06:00:00,2003-10-10 20:30:00,NaN,2003,10,10,6,2003,10,10,18,1,2
60_26,35.64,2.32,78,56.5,12,NaN,0,939345,939500,HPB,47,2004-07-30 16:00:00,2004-08-02 21:30:00,NaN,2004,7,30,18,2004,8,3,0,2,10
61_26,54.35,2.29,82.5,0,19,NaN,0,960094,960258,HPB,47,2005-10-05 22:30:00,2005-10-09 08:30:00,NaN,2005,10,6,0,2005,10,9,6,2,9
62_26,32.675,2.97,25,16,9,NaN,0,977653,977702,HPB,47,2006-10-06 18:00:00,2006-10-07 18:30:00,NaN,2006,10,6,18,2006,10,7,18,3,6
63_26,117.605,8.65,122.5,0,68,NaN,0,994027,994271,HPB,47,2007-09-12 21:00:00,2007-09-17 23:00:00,NaN,2007,9,13,0,2007,9,18,0,3,5
64_24,124.25,6.51,55.5,24.5,31,NaN,0,1008868,1008978,HPB,47,2008-07-18 01:30:00,2008-07-20 08:30:00,NaN,2008,7,18,0,2008,7,20,6,2,6
65_23,36.7,3.26,106.5,0,0,NaN,0,1026997,1027209,HPB,47,2009-07-30 18:00:00,2009-08-04 04:00:00,NaN,2009,7,30,18,2009,8,4,6,2,9
66_21,20.095,4.62,48.5,0,0,NaN,0,1045418,1045514,HPB,47,2010-08-18 12:30:00,2010-08-20 12:30:00,NaN,2010,8,18,12,2010,8,20,12,3,9
67_21,29.105,2.18,44.5,0,0,NaN,0,1045844,1045932,HPB,47,2010-08-27 09:30:00,2010-08-29 05:30:00,NaN,2010,8,27,12,2010,8,29,6,3,9
68_18,56.59,6.18,38.5,0,0,NaN,0,1045973,1046049,HPB,47,2010-08-30 02:00:00,2010-08-31 16:00:00,NaN,2010,8,30,0,2010,8,31,18,3,9
1_27,32.67,3.67,45,0,0,NaN,0,9267,9356,HPB,48,1951-07-13 01:00:00,1951-07-14 21:30:00,NaN,1951,7,13,0,1951,7,15,0,1,6
2_27,39.075,4.07,49,15,26.5,NaN,0,28866,28963,HPB,48,1952-08-24 08:30:00,1952-08-26 09:00:00,NaN,1952,8,24,6,1952,8,26,12,2,5
3_27,28.225,3.49,110,0,0,NaN,0,50086,50305,HPB,48,1953-11-09 10:30:00,1953-11-14 00:00:00,NaN,1953,11,9,12,1953,11,14,0,1,8
4_27,39.925,4.8,102,0,71.5,NaN,0,62525,62728,HPB,48,1954-07-26 14:00:00,1954-07-30 19:30:00,NaN,1954,7,26,12,1954,7,30,18,1,10
5_27,73.365,2.13,60,0,0,NaN,0,80600,80719,HPB,48,1955-08-07 03:30:00,1955-08-09 15:00:00,NaN,1955,8,7,6,1955,8,9,18,2,6
6_27,62.68,5.17,66,0,0,NaN,0,97255,97386,HPB,48,1956-07-19 03:00:00,1956-07-21 20:30:00,NaN,1956,7,19,6,1956,7,21,18,3,6
7_27,57.09,6.03,33.5,27.5,6,NaN,0,117035,117101,HPB,48,1957-09-04 05:00:00,1957-09-05 14:00:00,NaN,1957,9,4,6,1957,9,5,12,3,9
8_27,40.335,2.65,41,0,0,NaN,0,131483,131564,HPB,48,1958-07-02 05:00:00,1958-07-03 21:30:00,NaN,1958,7,2,6,1958,7,4,0,2,1
9_27,31.945,2.85,87,0,0,NaN,0,154068,154241,HPB,48,1959-10-15 17:30:00,1959-10-19 08:00:00,NaN,1959,10,15,18,1959,10,19,6,2,5
10_27,39.975,5,41.5,0,6,NaN,0,170997,171079,HPB,48,1960-10-02 10:00:00,1960-10-04 03:00:00,NaN,1960,10,2,12,1960,10,4,6,1,2
11_27,47.725,5.5,43.5,34.5,9,NaN,0,185214,185300,HPB,48,1961-07-25 14:30:00,1961-07-27 09:30:00,NaN,1961,7,25,12,1961,7,27,12,1,5
12_27,34.385,2.37,83,9.5,36,NaN,0,203288,203453,HPB,48,1962-08-06 03:30:00,1962-08-09 14:00:00,NaN,1962,8,6,6,1962,8,9,12,2,8
13_27,61.695,5,80,0,0,NaN,0,222683,222842,HPB,48,1963-09-14 05:00:00,1963-09-17 12:30:00,NaN,1963,9,14,6,1963,9,17,12,3,7
14_27,39.065,3.58,45.5,0,45.5,NaN,0,255420,255510,HPB,48,1965-07-27 05:30:00,1965-07-29 02:30:00,NaN,1965,7,27,6,1965,7,29,0,2,7
15_27,47.15,2.28,78.5,36.5,42,NaN,0,273447,273603,HPB,48,1966-08-06 19:00:00,1966-08-10 01:00:00,NaN,1966,8,6,18,1966,8,10,0,2,5
16_27,63.71,2.73,67.5,0,61.5,NaN,0,273637,273771,HPB,48,1966-08-10 18:00:00,1966-08-13 13:00:00,NaN,1966,8,10,18,1966,8,13,12,2,5
17_27,96.935,3.11,132,0,0,NaN,0,291146,291409,HPB,48,1967-08-10 12:30:00,1967-08-16 00:00:00,NaN,1967,8,10,12,1967,8,16,0,2,9
18_27,23.275,1.81,67,0,0,NaN,0,313654,313787,HPB,48,1968-11-21 10:30:00,1968-11-24 05:00:00,NaN,1968,11,21,12,1968,11,24,6,2,9
19_27,75.265,3.76,112,0,71,NaN,0,325022,325245,HPB,48,1969-07-16 06:30:00,1969-07-20 22:00:00,NaN,1969,7,16,6,1969,7,21,0,2,9
20_27,58.31,5.9,66.5,32,34.5,NaN,0,344363,344495,HPB,48,1970-08-23 05:00:00,1970-08-25 23:00:00,NaN,1970,8,23,6,1970,8,26,0,3,1
21_27,47.06,5.54,49,7.5,41.5,NaN,0,362380,362477,HPB,48,1971-09-02 13:30:00,1971-09-04 14:00:00,NaN,1971,9,2,12,1971,9,4,12,3,9
22_27,44.89,3.24,56,0,0,NaN,0,382684,382795,HPB,48,1972-10-29 13:30:00,1972-10-31 21:00:00,NaN,1972,10,29,12,1972,11,1,0,3,8
23_27,26.605,6.44,48,0,0,NaN,0,394024,394119,HPB,48,1973-06-22 19:30:00,1973-06-24 19:00:00,NaN,1973,6,22,18,1973,6,24,18,1,6
24_27,33.755,2.18,77.5,0,0,NaN,0,413212,413366,HPB,48,1974-07-27 13:30:00,1974-07-30 18:30:00,NaN,1974,7,27,12,1974,7,30,18,2,9
25_27,60.015,4.34,51,46,5,NaN,0,431518,431619,HPB,48,1975-08-12 22:30:00,1975-08-15 01:00:00,NaN,1975,8,13,0,1975,8,15,0,3,10
26_27,29.695,3.1,86.5,0,0,NaN,0,453042,453214,HPB,48,1976-11-03 08:30:00,1976-11-06 22:30:00,NaN,1976,11,3,6,1976,11,7,0,1,2
27_27,63.745,7.19,44,12.5,17,NaN,0,468930,469017,HPB,48,1977-09-30 08:30:00,1977-10-02 04:00:00,NaN,1977,9,30,6,1977,10,2,6,1,5
28_27,24.855,3.1,26.5,0,0,NaN,0,486564,486616,HPB,48,1978-10-02 17:30:00,1978-10-03 19:30:00,NaN,1978,10,2,18,1978,10,3,18,3,6
29_27,62.34,7.74,56,22,27,NaN,0,486684,486795,HPB,48,1978-10-05 05:30:00,1978-10-07 13:00:00,NaN,1978,10,5,6,1978,10,7,12,3,6
30_27,28.18,3.62,29,0,0,NaN,0,504510,504567,HPB,48,1979-10-11 14:30:00,1979-10-12 19:00:00,NaN,1979,10,11,12,1979,10,12,18,3,2
31_27,35.92,3.32,29.5,0,6,NaN,0,521711,521769,HPB,48,1980-10-03 23:00:00,1980-10-05 04:00:00,NaN,1980,10,4,0,1980,10,5,6,3,9
32_27,39.605,1.56,104,0,0,NaN,0,533595,533802,HPB,48,1981-06-08 13:00:00,1981-06-12 20:30:00,NaN,1981,6,8,12,1981,6,12,18,2,6
33_27,85.655,10.2,52.5,0,7.5,NaN,0,555731,555835,HPB,48,1982-09-12 17:00:00,1982-09-14 21:00:00,NaN,1982,9,12,18,1982,9,15,0,1,8
34_27,53.15,8.89,53.5,30.5,18.5,NaN,0,572451,572557,HPB,48,1983-08-27 01:00:00,1983-08-29 06:00:00,NaN,1983,8,27,0,1983,8,29,6,1,8
35_27,49.96,5.87,31,0,0,NaN,0,585894,585955,HPB,48,1984-06-02 02:30:00,1984-06-03 09:00:00,NaN,1984,6,2,0,1984,6,3,12,1,6
36_27,57.895,3.1,76.5,0,0,NaN,0,609909,610061,HPB,48,1985-10-15 10:00:00,1985-10-18 14:00:00,NaN,1985,10,15,12,1985,10,18,12,2,8
37_27,45.33,2.81,83.5,0,0,NaN,0,638352,638518,HPB,48,1987-05-30 23:30:00,1987-06-03 10:30:00,NaN,1987,5,31,0,1987,6,3,12,2,6
38_27,20.99,2.19,67.5,0,0,NaN,0,656046,656180,HPB,48,1988-06-02 14:30:00,1988-06-05 09:30:00,NaN,1988,6,2,12,1988,6,5,12,3,2
39_27,43.37,6.76,15.5,0,0,NaN,0,677237,677267,HPB,48,1989-08-18 02:00:00,1989-08-18 17:00:00,NaN,1989,8,18,0,1989,8,18,18,1,6
40_27,53.64,5.43,46.5,0,46.5,NaN,0,695602,695694,HPB,48,1990-09-04 16:30:00,1990-09-06 14:30:00,NaN,1990,9,4,18,1990,9,6,12,3,8
41_27,37.735,3.13,49.5,45,4.5,NaN,0,712147,712245,HPB,48,1991-08-15 09:00:00,1991-08-17 10:00:00,NaN,1991,8,15,12,1991,8,17,12,3,8
42_27,42.18,5.3,29,0,29,NaN,0,730392,730449,HPB,48,1992-08-29 11:30:00,1992-08-30 16:00:00,NaN,1992,8,29,12,1992,8,30,18,1,6
43_27,32.12,2.46,58,0,0,NaN,0,747241,747356,HPB,48,1993-08-15 12:00:00,1993-08-17 21:30:00,NaN,1993,8,15,12,1993,8,18,0,2,8
44_27,36.45,3.04,42,12.5,25.5,NaN,0,766013,766096,HPB,48,1994-09-10 14:00:00,1994-09-12 07:30:00,NaN,1994,9,10,12,1994,9,12,6,3,5
45_27,57.465,4.95,28,0,0,NaN,0,766484,766539,HPB,48,1994-09-20 09:30:00,1994-09-21 13:00:00,NaN,1994,9,20,12,1994,9,21,12,3,5
46_27,30.025,3.12,48.5,0,0,NaN,0,802780,802876,HPB,48,1996-10-15 13:30:00,1996-10-17 13:30:00,NaN,1996,10,15,12,1996,10,17,12,1,8
47_27,28.715,3.4,39.5,20,19.5,NaN,0,816765,816843,HPB,48,1997-08-02 22:00:00,1997-08-04 13:00:00,NaN,1997,8,3,0,1997,8,4,12,3,8
48_27,36.63,3.8,90.5,0,0,NaN,0,837272,837452,HPB,48,1998-10-04 03:30:00,1998-10-07 21:30:00,NaN,1998,10,4,6,1998,10,8,0,3,2
49_27,77.485,9.29,31,0,8,NaN,0,854429,854490,HPB,48,1999-09-26 14:00:00,1999-09-27 20:30:00,NaN,1999,9,26,12,1999,9,27,18,3,5
50_27,22.995,1.63,41,0,0,NaN,0,874431,874512,HPB,48,2000-11-16 07:00:00,2000-11-17 23:30:00,NaN,2000,11,16,6,2000,11,18,0,3,9
51_27,83.105,2.59,98.5,0,0,NaN,0,886391,886587,HPB,48,2001-07-23 11:00:00,2001-07-27 13:00:00,NaN,2001,7,23,12,2001,7,27,12,2,6
52_27,29.995,3.37,37.5,0,0,NaN,0,907088,907162,HPB,48,2002-09-27 15:30:00,2002-09-29 04:30:00,NaN,2002,9,27,18,2002,9,29,6,3,9
53_27,51.465,3.17,85,0,5,NaN,0,907274,907443,HPB,48,2002-10-01 12:30:00,2002-10-05 01:00:00,NaN,2002,10,1,12,2002,10,5,0,3,9
54_27,44.965,2.99,104,0,37.5,NaN,0,922906,923113,HPB,48,2003-08-23 04:30:00,2003-08-27 12:00:00,NaN,2003,8,23,6,2003,8,27,12,3,8
55_27,24.515,2.71,56.5,0,0,NaN,0,944283,944395,HPB,48,2004-11-10 13:00:00,2004-11-12 21:00:00,NaN,2004,11,10,12,2004,11,13,0,2,8
56_27,39.28,0.91,96.5,0,7.5,NaN,0,944442,944634,HPB,48,2004-11-13 20:30:00,2004-11-17 20:30:00,NaN,2004,11,13,18,2004,11,17,18,2,8
57_27,23.66,1.93,50.5,0,0,NaN,0,961517,961617,HPB,48,2005-11-04 14:00:00,2005-11-06 16:00:00,NaN,2005,11,4,12,2005,11,6,18,2,2
58_27,35.67,2.21,39,0,0,NaN,0,973922,973999,HPB,48,2006-07-21 00:30:00,2006-07-22 15:00:00,NaN,2006,7,21,0,2006,7,22,18,1,1
59_27,22.915,3.08,63,0,0,NaN,0,974085,974210,HPB,48,2006-07-24 10:00:00,2006-07-27 00:30:00,NaN,2006,7,24,12,2006,7,27,0,1,1
60_27,33.06,4.9,60,0,0,NaN,0,974441,974560,HPB,48,2006-07-31 20:00:00,2006-08-03 07:30:00,NaN,2006,7,31,18,2006,8,3,6,1,1
61_27,59,3.01,85.5,0,0,NaN,0,993190,993360,HPB,48,2007-08-26 10:30:00,2007-08-29 23:30:00,NaN,2007,8,26,12,2007,8,30,0,2,3
62_27,41.36,2.89,42,0,0,NaN,0,1010098,1010181,HPB,48,2008-08-12 16:30:00,2008-08-14 10:00:00,NaN,2008,8,12,18,2008,8,14,12,2,2
63_27,58.425,3.68,74.5,0,0,NaN,0,1026883,1027031,HPB,48,2009-07-28 09:00:00,2009-07-31 11:00:00,NaN,2009,7,28,12,2009,7,31,12,2,9
64_25,34.175,5.6,32.5,0,0,NaN,0,1045011,1045075,HPB,48,2010-08-10 01:00:00,2010-08-11 09:00:00,NaN,2010,8,10,0,2010,8,11,12,2,7
65_24,68.465,3.31,72.5,30.5,43.5,NaN,0,1045502,1045646,HPB,48,2010-08-20 06:30:00,2010-08-23 06:30:00,NaN,2010,8,20,6,2010,8,23,6,2,7
1_28,38.59,4.38,34.5,18,16.5,NaN,0,11858,11926,HPB,49,1951-09-05 00:30:00,1951-09-06 10:30:00,NaN,1951,9,5,0,1951,9,6,12,3,9
2_28,51.205,7.27,26.5,12,14.5,NaN,0,30996,31048,HPB,49,1952-10-07 17:30:00,1952-10-08 19:30:00,NaN,1952,10,7,18,1952,10,8,18,1,8
3_28,55.37,4.79,28,0,0,NaN,0,46733,46788,HPB,49,1953-08-31 14:00:00,1953-09-01 17:30:00,NaN,1953,8,31,12,1953,9,1,18,3,5
4_28,35.405,1.25,75,0,37,NaN,0,83788,83937,HPB,49,1955-10-12 13:30:00,1955-10-15 16:00:00,NaN,1955,10,12,12,1955,10,15,18,2,6
5_28,25.43,2.93,41.5,0,0,NaN,0,101032,101114,HPB,49,1956-10-05 19:30:00,1956-10-07 12:30:00,NaN,1956,10,5,18,1956,10,7,12,2,6
6_28,94.27,4.58,100.5,0,42.5,NaN,0,101321,101521,HPB,49,1956-10-11 20:00:00,1956-10-16 00:00:00,NaN,1956,10,11,18,1956,10,16,0,2,6
7_28,31.14,4.49,51.5,0,6,NaN,0,136288,136390,HPB,49,1958-10-10 07:30:00,1958-10-12 10:30:00,NaN,1958,10,10,6,1958,10,12,12,1,7
8_28,33.42,4.34,37,0,0,NaN,0,154547,154620,HPB,49,1959-10-25 17:00:00,1959-10-27 05:30:00,NaN,1959,10,25,18,1959,10,27,6,1,6
9_28,31.11,4.03,44,0,0,NaN,0,169532,169619,HPB,49,1960-09-01 21:30:00,1960-09-03 17:00:00,NaN,1960,9,2,0,1960,9,3,18,2,6
10_28,77.32,5.29,68.5,5.5,28.5,NaN,0,169884,170020,HPB,49,1960-09-09 05:30:00,1960-09-12 01:30:00,NaN,1960,9,9,6,1960,9,12,0,2,6
11_28,36.615,2.38,59.5,26.5,33,NaN,0,185282,185400,HPB,49,1961-07-27 00:30:00,1961-07-29 11:30:00,NaN,1961,7,27,0,1961,7,29,12,1,8
12_28,35.98,4.19,33,0,0,NaN,0,185835,185900,HPB,49,1961-08-07 13:00:00,1961-08-08 21:30:00,NaN,1961,8,7,12,1961,8,9,0,1,8
13_28,44.545,5.16,139,53.5,41.5,NaN,0,201612,201889,HPB,49,1962-07-02 05:30:00,1962-07-08 00:00:00,NaN,1962,7,2,6,1962,7,8,0,1,5
14_28,38.925,3.65,76.5,0,0,NaN,0,225365,225517,HPB,49,1963-11-09 02:00:00,1963-11-12 06:00:00,NaN,1963,11,9,0,1963,11,12,6,3,6
15_28,22.995,3.28,78.5,0,0,NaN,0,236571,236727,HPB,49,1964-06-29 13:00:00,1964-07-02 19:00:00,NaN,1964,6,29,12,1964,7,2,18,2,6
16_28,29.97,2.67,61,0,66,NaN,0,257110,257231,HPB,49,1965-08-31 10:30:00,1965-09-02 23:00:00,NaN,1965,8,31,12,1965,9,3,0,1,5
17_28,88.52,4.75,68.5,0,44,NaN,0,273737,273873,HPB,49,1966-08-12 20:00:00,1966-08-15 16:00:00,NaN,1966,8,12,18,1966,8,15,18,2,1
18_28,51.6,5.26,38.5,13,24,NaN,0,294099,294175,HPB,49,1967-10-11 01:00:00,1967-10-12 15:00:00,NaN,1967,10,11,0,1967,10,12,18,1,8
19_28,42.61,1.74,121.5,0,0,NaN,0,307151,307393,HPB,49,1968-07-08 23:00:00,1968-07-14 00:00:00,NaN,1968,7,9,0,1968,7,14,0,3,6
20_28,29.625,3,31.5,0,0,NaN,0,327905,327967,HPB,49,1969-09-14 08:00:00,1969-09-15 15:00:00,NaN,1969,9,14,6,1969,9,15,18,3,6
21_28,28.645,2.56,44,0,0,NaN,0,328321,328408,HPB,49,1969-09-23 00:00:00,1969-09-24 19:30:00,NaN,1969,9,23,0,1969,9,24,18,3,6
22_28,29.895,2.76,65.5,0,0,NaN,0,343908,344038,HPB,49,1970-08-13 17:30:00,1970-08-16 10:30:00,NaN,1970,8,13,18,1970,8,16,12,3,9
23_28,77.74,8.88,100.5,19.5,34.5,NaN,0,344150,344350,HPB,49,1970-08-18 18:30:00,1970-08-22 22:30:00,NaN,1970,8,18,18,1970,8,23,0,3,9
24_28,23.25,1.91,50.5,29,21.5,NaN,0,361993,362093,HPB,49,1971-08-25 12:00:00,1971-08-27 14:00:00,NaN,1971,8,25,12,1971,8,27,12,3,2
25_28,40.535,5.6,18.5,0,0,NaN,0,362311,362347,HPB,49,1971-09-01 03:00:00,1971-09-01 21:00:00,NaN,1971,9,1,6,1971,9,2,0,3,2
26_28,55.13,5.08,30,9.5,20.5,NaN,0,380723,380782,HPB,49,1972-09-18 17:00:00,1972-09-19 22:30:00,NaN,1972,9,18,18,1972,9,20,0,3,5
27_28,27.265,4.27,47.5,25,22.5,NaN,0,395921,396015,HPB,49,1973-08-01 08:00:00,1973-08-03 07:00:00,NaN,1973,8,1,6,1973,8,3,6,1,1
28_28,106.67,6.28,120,0,0,NaN,0,415357,415596,HPB,49,1974-09-10 06:00:00,1974-09-15 05:30:00,NaN,1974,9,10,6,1974,9,15,6,2,5
29_28,23.6,1.94,33.5,0,0,NaN,0,450467,450533,HPB,49,1976-09-10 17:00:00,1976-09-12 02:00:00,NaN,1976,9,10,18,1976,9,12,0,3,3
30_28,58.025,3.37,83,5.5,19,NaN,0,468566,468731,HPB,49,1977-09-22 18:30:00,1977-09-26 05:00:00,NaN,1977,9,22,18,1977,9,26,6,3,2
31_28,86.245,4.27,68,0,0,NaN,0,486092,486227,HPB,49,1978-09-22 21:30:00,1978-09-25 17:00:00,NaN,1978,9,23,0,1978,9,25,18,2,2
32_28,22.255,2.83,63,0,31,NaN,0,523120,523245,HPB,49,1980-11-02 07:30:00,1980-11-04 22:00:00,NaN,1980,11,2,6,1980,11,5,0,1,5
33_28,71.09,3.66,38.5,18,20.5,NaN,0,536798,536874,HPB,49,1981-08-14 06:30:00,1981-08-15 20:30:00,NaN,1981,8,14,6,1981,8,15,18,2,5
34_28,44.45,2.95,57,9,27,NaN,0,555145,555258,HPB,49,1982-08-31 12:00:00,1982-09-02 20:30:00,NaN,1982,8,31,12,1982,9,2,18,3,8
35_28,51.175,3.08,57.5,0,25,NaN,0,574021,574135,HPB,49,1983-09-28 18:00:00,1983-10-01 03:00:00,NaN,1983,9,28,18,1983,10,1,6,2,7
36_28,22.78,2.13,45.5,23,22.5,NaN,0,574196,574286,HPB,49,1983-10-02 09:30:00,1983-10-04 06:30:00,NaN,1983,10,2,12,1983,10,4,6,2,7
37_28,49.97,2.89,55.5,1,15.5,NaN,0,592340,592450,HPB,49,1984-10-14 09:30:00,1984-10-16 16:30:00,NaN,1984,10,14,12,1984,10,16,18,3,8
38_28,28.77,1.78,60.5,0,0,NaN,0,605285,605405,HPB,49,1985-07-11 02:00:00,1985-07-13 14:00:00,NaN,1985,7,11,0,1985,7,13,12,2,4
39_28,30.79,3.78,24.5,0,0,NaN,0,625880,625928,HPB,49,1986-09-13 03:30:00,1986-09-14 03:30:00,NaN,1986,9,13,6,1986,9,14,6,2,6
40_28,20.35,2.83,51.5,0,1.5,NaN,0,626155,626257,HPB,49,1986-09-18 21:00:00,1986-09-21 00:00:00,NaN,1986,9,19,0,1986,9,21,0,2,6
41_28,20.75,1.96,27.5,0,3,NaN,0,642748,642802,HPB,49,1987-08-30 13:30:00,1987-08-31 16:30:00,NaN,1987,8,30,12,1987,8,31,18,1,8
42_28,28.745,4.11,23.5,0,0,NaN,0,643063,643109,HPB,49,1987-09-06 03:00:00,1987-09-07 02:00:00,NaN,1987,9,6,6,1987,9,7,0,1,8
43_28,43.995,4.29,82.5,0,0,NaN,0,657516,657680,HPB,49,1988-07-03 05:30:00,1988-07-06 15:30:00,NaN,1988,7,3,6,1988,7,6,18,3,6
44_28,45.155,3.44,78,0,0,NaN,0,677392,677547,HPB,49,1989-08-21 07:30:00,1989-08-24 13:00:00,NaN,1989,8,21,6,1989,8,24,12,2,8
45_28,80.935,4.49,187,24.5,56,NaN,0,694159,694532,HPB,49,1990-08-05 15:00:00,1990-08-13 09:30:00,NaN,1990,8,5,18,1990,8,13,12,3,9
46_28,39.685,4.45,53.5,32,20.5,NaN,0,710217,710323,HPB,49,1991-07-06 04:00:00,1991-07-08 09:00:00,NaN,1991,7,6,6,1991,7,8,12,3,9
47_28,20.525,3.11,71,0,0,NaN,0,733704,733845,HPB,49,1992-11-06 11:30:00,1992-11-09 10:00:00,NaN,1992,11,6,12,1992,11,9,12,1,4
48_28,21.115,3.31,17,0,0,NaN,0,749286,749319,HPB,49,1993-09-27 02:30:00,1993-09-27 19:00:00,NaN,1993,9,27,0,1993,9,27,18,1,2
49_28,35.835,4.94,38,0,0,NaN,0,749752,749827,HPB,49,1993-10-06 19:30:00,1993-10-08 09:00:00,NaN,1993,10,6,18,1993,10,8,12,1,2
50_28,86.005,7.99,78.5,9,23,NaN,0,766102,766258,HPB,49,1994-09-12 10:30:00,1994-09-15 16:30:00,NaN,1994,9,12,12,1994,9,15,18,3,6
51_28,46.37,2.05,114,0,0,NaN,0,780333,780560,HPB,49,1995-07-05 22:00:00,1995-07-10 15:30:00,NaN,1995,7,6,0,1995,7,10,18,2,9
52_28,58.335,2.43,96,0,28,NaN,0,801681,801872,HPB,49,1996-09-22 16:00:00,1996-09-26 15:30:00,NaN,1996,9,22,18,1996,9,26,18,2,6
53_28,85.7,5.26,96.5,0,73.5,NaN,0,817865,818057,HPB,49,1997-08-25 20:00:00,1997-08-29 20:00:00,NaN,1997,8,25,18,1997,8,29,18,3,5
54_28,42.05,4.13,45.5,19,26,NaN,0,835325,835415,HPB,49,1998-08-24 14:00:00,1998-08-26 11:00:00,NaN,1998,8,24,12,1998,8,26,12,3,2
55_28,20.16,2.04,66.5,0,0,NaN,0,854315,854447,HPB,49,1999-09-24 05:00:00,1999-09-26 23:00:00,NaN,1999,9,24,6,1999,9,27,0,2,5
56_28,23.4,6.21,47,0,0,NaN,0,891196,891289,HPB,49,2001-10-31 13:30:00,2001-11-02 12:00:00,NaN,2001,10,31,12,2001,11,2,12,1,2
57_28,52.69,3.39,71,0,19,NaN,0,906935,907076,HPB,49,2002-09-24 11:00:00,2002-09-27 09:30:00,NaN,2002,9,24,12,2002,9,27,12,2,5
58_28,28.705,3.41,43.5,0,0,NaN,0,922815,922901,HPB,49,2003-08-21 07:00:00,2003-08-23 02:00:00,NaN,2003,8,21,6,2003,8,23,0,3,8
59_28,42.16,3.51,33.5,16,17.5,NaN,0,923216,923282,HPB,49,2003-08-29 15:30:00,2003-08-31 00:30:00,NaN,2003,8,29,18,2003,8,31,0,3,8
60_28,49.275,4.18,47,12.5,33,NaN,0,923363,923456,HPB,49,2003-09-01 17:00:00,2003-09-03 15:30:00,NaN,2003,9,1,18,2003,9,3,18,3,8
61_28,35.355,2.7,47.5,0,0,NaN,0,941382,941476,HPB,49,2004-09-11 02:30:00,2004-09-13 01:30:00,NaN,2004,9,11,0,2004,9,13,0,3,1
62_28,46.7,3.22,62.5,0,0,NaN,0,957346,957470,HPB,49,2005-08-09 16:30:00,2005-08-12 06:30:00,NaN,2005,8,9,18,2005,8,12,6,3,6
63_28,58.16,5.88,69.5,0,0,NaN,0,977387,977525,HPB,49,2006-10-01 05:00:00,2006-10-04 02:00:00,NaN,2006,10,1,6,2006,10,4,0,3,6
64_26,47.37,4.79,70.5,0,25.5,NaN,0,993911,994051,HPB,49,2007-09-10 11:00:00,2007-09-13 09:00:00,NaN,2007,9,10,12,2007,9,13,12,3,9
65_25,42.32,3.11,42.5,0,0,NaN,0,1008927,1009011,HPB,49,2008-07-19 07:00:00,2008-07-21 01:00:00,NaN,2008,7,19,6,2008,7,21,0,2,9
66_22,55.08,7.5,48.5,25.5,23,NaN,0,1029233,1029329,HPB,49,2009-09-15 08:00:00,2009-09-17 08:00:00,NaN,2009,9,15,6,2009,9,17,6,3,2
67_22,61.255,6.12,43,0,0,NaN,0,1046217,1046302,HPB,49,2010-09-04 04:00:00,2010-09-05 22:30:00,NaN,2010,9,4,6,2010,9,6,0,3,7
1_29,34.195,5.17,55.5,0,0,NaN,0,12995,13105,HPB,50,1951-09-28 17:00:00,1951-10-01 00:00:00,NaN,1951,9,28,18,1951,10,1,0,1,2
2_29,47.695,3.75,50.5,0,5.5,NaN,0,27675,27775,HPB,50,1952-07-30 13:00:00,1952-08-01 15:00:00,NaN,1952,7,30,12,1952,8,1,18,2,7
3_29,21.265,4.11,30,0,0,NaN,0,47069,47128,HPB,50,1953-09-07 14:00:00,1953-09-08 19:30:00,NaN,1953,9,7,12,1953,9,8,18,1,5
4_29,44.955,4.63,32.5,0,0,NaN,0,47524,47588,HPB,50,1953-09-17 01:30:00,1953-09-18 09:30:00,NaN,1953,9,17,0,1953,9,18,12,1,5
5_29,60.95,3.61,56.5,32.5,24,NaN,0,63697,63809,HPB,50,1954-08-20 00:00:00,1954-08-22 08:00:00,NaN,1954,8,20,0,1954,8,22,6,3,10
6_29,23.02,1.65,50.5,14,42.5,NaN,0,63837,63937,HPB,50,1954-08-22 22:00:00,1954-08-25 00:00:00,NaN,1954,8,23,0,1954,8,25,0,3,10
7_29,46.465,5.89,53.5,0,0,NaN,0,83310,83416,HPB,50,1955-10-02 14:30:00,1955-10-04 19:30:00,NaN,1955,10,2,12,1955,10,4,18,1,2
8_29,20.015,1.55,112,0,0,NaN,0,103410,103633,HPB,50,1956-11-24 08:30:00,1956-11-29 00:00:00,NaN,1956,11,24,6,1956,11,29,0,2,4
9_29,112.735,8.6,91,0,1.5,NaN,0,116569,116750,HPB,50,1957-08-25 12:00:00,1957-08-29 06:30:00,NaN,1957,8,25,12,1957,8,29,6,2,1
10_29,46.485,5.4,55.5,23.5,27.5,NaN,0,153233,153343,HPB,50,1959-09-28 08:00:00,1959-09-30 15:00:00,NaN,1959,9,28,6,1959,9,30,18,3,8
11_29,54.815,4.7,127.5,0,11.5,NaN,0,169331,169585,HPB,50,1960-08-28 17:00:00,1960-09-03 00:00:00,NaN,1960,8,28,18,1960,9,3,0,2,6
12_29,56.295,4.59,41.5,0,0,NaN,0,186900,186982,HPB,50,1961-08-29 17:30:00,1961-08-31 10:30:00,NaN,1961,8,29,18,1961,8,31,12,3,9
13_29,63.12,3.08,87.5,0,0,NaN,0,207572,207746,HPB,50,1962-11-03 09:30:00,1962-11-07 00:30:00,NaN,1962,11,3,12,1962,11,7,0,2,9
14_29,32.04,4.66,29,0,4,NaN,0,223182,223239,HPB,50,1963-09-24 14:30:00,1963-09-25 19:00:00,NaN,1963,9,24,12,1963,9,25,18,3,7
15_29,64.83,5.43,64.5,1,20.5,NaN,0,240084,240212,HPB,50,1964-09-10 17:30:00,1964-09-13 09:30:00,NaN,1964,9,10,18,1964,9,13,12,3,1
16_29,137.84,11.81,47.5,0,0,NaN,0,258020,258114,HPB,50,1965-09-19 09:30:00,1965-09-21 08:30:00,NaN,1965,9,19,12,1965,9,21,6,3,6
17_29,38.455,5.46,46.5,0,0,NaN,0,275697,275789,HPB,50,1966-09-22 16:00:00,1966-09-24 14:00:00,NaN,1966,9,22,18,1966,9,24,12,1,7
18_29,23.33,1.53,34,0,0,NaN,0,292238,292305,HPB,50,1967-09-02 06:30:00,1967-09-03 16:00:00,NaN,1967,9,2,6,1967,9,3,18,2,8
19_29,41.24,2.27,58,0,0,NaN,0,292727,292842,HPB,50,1967-09-12 11:00:00,1967-09-14 20:30:00,NaN,1967,9,12,12,1967,9,14,18,2,8
20_29,104.775,3.16,124,0,0,NaN,0,306951,307198,HPB,50,1968-07-04 19:00:00,1968-07-09 22:30:00,NaN,1968,7,4,18,1968,7,10,0,2,6
21_29,21.53,1.39,44.5,0,21,NaN,0,328159,328247,HPB,50,1969-09-19 15:00:00,1969-09-21 11:00:00,NaN,1969,9,19,18,1969,9,21,12,2,8
22_29,35.825,1.09,78.5,0,47.5,NaN,0,328558,328714,HPB,50,1969-09-27 22:30:00,1969-10-01 04:30:00,NaN,1969,9,28,0,1969,10,1,6,2,8
23_29,45.29,4.42,35,0,5,NaN,0,344169,344238,HPB,50,1970-08-19 04:00:00,1970-08-20 14:30:00,NaN,1970,8,19,6,1970,8,20,12,2,6
24_29,47.695,3.72,97,0,0,NaN,0,365061,365254,HPB,50,1971-10-28 10:00:00,1971-11-01 10:30:00,NaN,1971,10,28,12,1971,11,1,12,3,6
25_29,40.405,2.69,70,0,0,NaN,0,381667,381806,HPB,50,1972-10-08 09:00:00,1972-10-11 06:30:00,NaN,1972,10,8,12,1972,10,11,6,2,8
26_29,46.41,4.55,46.5,3,18,NaN,0,397030,397122,HPB,50,1973-08-24 10:30:00,1973-08-26 08:30:00,NaN,1973,8,24,12,1973,8,26,6,1,9
27_29,32.025,3.3,27,0,0,NaN,0,414956,415009,HPB,50,1974-09-01 21:30:00,1974-09-03 00:00:00,NaN,1974,9,2,0,1974,9,3,0,2,8
28_29,33.765,2.58,55,0,9.5,NaN,0,415399,415508,HPB,50,1974-09-11 03:00:00,1974-09-13 09:30:00,NaN,1974,9,11,6,1974,9,13,12,2,8
29_29,34.315,2.15,33.5,0,0,NaN,0,451131,451197,HPB,50,1976-09-24 13:00:00,1976-09-25 22:00:00,NaN,1976,9,24,12,1976,9,26,0,2,2
30_29,63.17,2.26,123.5,0,23,NaN,0,467995,468241,HPB,50,1977-09-10 21:00:00,1977-09-16 00:00:00,NaN,1977,9,11,0,1977,9,16,0,2,10
31_29,21.67,4.06,25.5,0,0,NaN,0,485292,485342,HPB,50,1978-09-06 05:30:00,1978-09-07 06:30:00,NaN,1978,9,6,6,1978,9,7,6,3,6
32_29,33.85,3.87,26.5,0,0,NaN,0,485656,485708,HPB,50,1978-09-13 19:30:00,1978-09-14 21:30:00,NaN,1978,9,13,18,1978,9,15,0,3,6
33_29,76.665,3.19,111.5,0,0,NaN,0,502435,502657,HPB,50,1979-08-29 09:00:00,1979-09-03 00:00:00,NaN,1979,8,29,12,1979,9,3,0,2,9
34_29,93.535,9.01,78,61.5,16.5,NaN,0,519046,519201,HPB,50,1980-08-09 10:30:00,1980-08-12 16:00:00,NaN,1980,8,9,12,1980,8,12,18,3,8
35_29,36.64,5.16,28.5,22,6.5,NaN,0,538020,538076,HPB,50,1981-09-08 17:30:00,1981-09-09 21:30:00,NaN,1981,9,8,18,1981,9,10,0,1,6
36_29,39.93,5.9,121,0,1.5,NaN,0,559200,559441,HPB,50,1982-11-23 23:30:00,1982-11-29 00:00:00,NaN,1982,11,24,0,1982,11,29,0,1,2
37_29,20.4,3.68,33.5,0,0,NaN,0,572269,572335,HPB,50,1983-08-23 06:00:00,1983-08-24 15:00:00,NaN,1983,8,23,6,1983,8,24,18,1,2
38_29,23.665,4.51,41.5,0,0,NaN,0,592239,592321,HPB,50,1984-10-12 07:00:00,1984-10-14 00:00:00,NaN,1984,10,12,6,1984,10,14,0,1,8
39_29,58.215,8.91,58,21,33,NaN,0,609064,609179,HPB,50,1985-09-27 19:30:00,1985-09-30 05:00:00,NaN,1985,9,27,18,1985,9,30,6,1,7
40_29,29.55,3.65,38.5,0,2.5,NaN,0,625791,625867,HPB,50,1986-09-11 07:00:00,1986-09-12 21:00:00,NaN,1986,9,11,6,1986,9,13,0,1,2
41_29,28.515,2.8,145,0,46.5,NaN,0,646155,646444,HPB,50,1987-11-09 13:00:00,1987-11-15 13:30:00,NaN,1987,11,9,12,1987,11,15,12,1,8
42_29,35.62,3.35,56.5,9,19,NaN,0,661383,661495,HPB,50,1988-09-21 19:00:00,1988-09-24 03:00:00,NaN,1988,9,21,18,1988,9,24,6,2,5
43_29,66.31,5.09,74,0,11.5,NaN,0,661758,661905,HPB,50,1988-09-29 14:30:00,1988-10-02 16:00:00,NaN,1988,9,29,12,1988,10,2,18,2,5
44_29,60.56,3.25,78.5,0,0,NaN,0,677944,678100,HPB,50,1989-09-01 19:30:00,1989-09-05 01:30:00,NaN,1989,9,1,18,1989,9,5,0,2,9
45_29,77.05,5.62,88,38,30,NaN,0,694276,694451,HPB,50,1990-08-08 01:30:00,1990-08-11 17:00:00,NaN,1990,8,8,0,1990,8,11,18,3,9
46_29,29.775,1.74,100,0,0,NaN,0,716011,716210,HPB,50,1991-11-03 21:00:00,1991-11-08 00:30:00,NaN,1991,11,4,0,1991,11,8,0,3,6
47_29,48.565,5.13,55,0,5.5,NaN,0,716276,716385,HPB,50,1991-11-09 09:30:00,1991-11-11 16:00:00,NaN,1991,11,9,12,1991,11,11,18,3,6
48_29,30.56,4.23,25.5,0,10,NaN,0,729978,730028,HPB,50,1992-08-20 20:30:00,1992-08-21 21:30:00,NaN,1992,8,20,18,1992,8,22,0,3,6
49_29,39.42,2.88,30,24.5,5.5,NaN,0,749897,749956,HPB,50,1993-10-09 20:00:00,1993-10-11 01:30:00,NaN,1993,10,9,18,1993,10,11,0,3,6
50_29,30.7,3.25,51,0,0,NaN,0,761635,761736,HPB,50,1994-06-11 09:00:00,1994-06-13 11:30:00,NaN,1994,6,11,12,1994,6,13,12,1,10
51_29,50.295,4.86,38.5,0,0,NaN,0,802021,802097,HPB,50,1996-09-29 18:00:00,1996-10-01 08:00:00,NaN,1996,9,29,18,1996,10,1,6,3,5
52_29,22.315,3.31,33,0,0,NaN,0,802157,802222,HPB,50,1996-10-02 14:00:00,1996-10-03 22:30:00,NaN,1996,10,2,12,1996,10,4,0,3,5
53_29,26.805,2.96,51,0,19.5,NaN,0,820761,820862,HPB,50,1997-10-25 04:00:00,1997-10-27 06:30:00,NaN,1997,10,25,6,1997,10,27,6,3,2
54_29,91.525,4.82,165,0,0,NaN,0,833080,833409,HPB,50,1998-07-08 19:30:00,1998-07-15 16:00:00,NaN,1998,7,8,18,1998,7,15,18,2,6
55_29,27.295,4.09,18,0,0,NaN,0,854975,855010,HPB,50,1999-10-07 23:00:00,1999-10-08 16:30:00,NaN,1999,10,8,0,1999,10,8,18,2,2
56_29,40.15,3.22,59,0,0,NaN,0,874032,874149,HPB,50,2000-11-07 23:30:00,2000-11-10 10:00:00,NaN,2000,11,8,0,2000,11,10,12,3,7
57_29,31.6,2.41,86.5,14.5,34,NaN,0,891378,891550,HPB,50,2001-11-04 08:30:00,2001-11-07 22:30:00,NaN,2001,11,4,6,2001,11,8,0,3,6
58_29,27.43,2.36,99,0,0,NaN,0,910028,910225,HPB,50,2002-11-27 21:30:00,2002-12-02 00:00:00,NaN,2002,11,28,0,2002,12,2,0,3,5
59_29,53.885,9.61,23,0,0,NaN,0,923517,923562,HPB,50,2003-09-04 22:00:00,2003-09-05 20:30:00,NaN,2003,9,5,0,2003,9,5,18,2,6
60_29,155.955,5.28,120,15.5,29.5,NaN,0,923651,923890,HPB,50,2003-09-07 17:00:00,2003-09-12 16:30:00,NaN,2003,9,7,18,2003,9,12,18,2,6
61_29,49.175,2.59,40,0,0,NaN,0,937639,937718,HPB,50,2004-06-25 03:00:00,2004-06-26 18:30:00,NaN,2004,6,25,6,2004,6,26,18,2,6
62_29,21.755,2.22,41.5,0,0,NaN,0,959129,959211,HPB,50,2005-09-15 20:00:00,2005-09-17 13:00:00,NaN,2005,9,15,18,2005,9,17,12,3,8
63_29,35.565,2.18,81.5,12,103.5,NaN,0,959328,959490,HPB,50,2005-09-19 23:30:00,2005-09-23 08:30:00,NaN,2005,9,20,0,2005,9,23,6,3,8
64_27,22.875,1.47,90,0,0,NaN,0,974940,975119,HPB,50,2006-08-11 05:30:00,2006-08-14 23:00:00,NaN,2006,8,11,6,2006,8,15,0,2,1
65_26,26.165,1.87,54,0,0,NaN,0,992377,992484,HPB,50,2007-08-09 12:00:00,2007-08-11 17:30:00,NaN,2007,8,9,12,2007,8,11,18,3,10
66_23,29.495,3.39,34.5,0,0,NaN,0,1012211,1012279,HPB,50,2008-09-25 17:00:00,2008-09-27 03:00:00,NaN,2008,9,25,18,2008,9,27,6,3,9
67_23,52.015,2.67,61.5,11.5,37,NaN,0,1026189,1026311,HPB,50,2009-07-13 22:00:00,2009-07-16 11:00:00,NaN,2009,7,14,0,2009,7,16,12,2,2
68_19,21.4,2.55,49.5,0,0,NaN,0,1045907,1046005,HPB,50,2010-08-28 17:00:00,2010-08-30 18:00:00,NaN,2010,8,28,18,2010,8,30,18,3,10
1_30,46.53,5.52,56,0,0,NaN,0,12637,12748,HPB,61,1951-09-21 06:00:00,1951-09-23 13:30:00,NaN,1951,9,21,6,1951,9,23,12,3,6
2_30,27.015,2.01,101,19.5,38,NaN,0,27445,27646,HPB,61,1952-07-25 18:00:00,1952-07-29 22:30:00,NaN,1952,7,25,18,1952,7,30,0,2,10
3_30,22.07,2.45,24.5,0,24.5,NaN,0,47976,48024,HPB,61,1953-09-26 11:30:00,1953-09-27 11:30:00,NaN,1953,9,26,12,1953,9,27,12,2,2
4_30,23.785,1.8,49.5,24.5,25,NaN,0,48317,48415,HPB,61,1953-10-03 14:00:00,1953-10-05 15:00:00,NaN,1953,10,3,12,1953,10,5,18,2,2
5_30,50.9,3.06,63,0,0,NaN,0,62757,62882,HPB,61,1954-07-31 10:00:00,1954-08-03 00:30:00,NaN,1954,7,31,12,1954,8,3,0,2,6
6_30,49.03,3.68,88,0,0,NaN,0,86178,86353,HPB,61,1955-12-01 08:30:00,1955-12-05 00:00:00,NaN,1955,12,1,6,1955,12,5,0,1,9
7_30,23.72,3.41,55.5,0,0,NaN,0,102116,102226,HPB,61,1956-10-28 09:30:00,1956-10-30 16:30:00,NaN,1956,10,28,12,1956,10,30,18,1,4
8_30,20.58,3.09,26,0,21,NaN,0,116804,116855,HPB,61,1957-08-30 09:30:00,1957-08-31 11:00:00,NaN,1957,8,30,12,1957,8,31,12,2,1
9_30,21.74,2.47,20,0,0,NaN,0,117258,117297,HPB,61,1957-09-08 20:30:00,1957-09-09 16:00:00,NaN,1957,9,8,18,1957,9,9,18,2,1
10_30,20.96,2.61,19,12,7,NaN,0,117369,117406,HPB,61,1957-09-11 04:00:00,1957-09-11 22:30:00,NaN,1957,9,11,6,1957,9,12,0,2,1
11_30,39.6,5.49,26,21.5,4.5,NaN,0,134459,134510,HPB,61,1958-09-02 05:00:00,1958-09-03 06:30:00,NaN,1958,9,2,6,1958,9,3,6,3,9
12_30,56.455,3.68,152.5,0,0,NaN,0,151405,151709,HPB,61,1959-08-21 06:00:00,1959-08-27 14:00:00,NaN,1959,8,21,6,1959,8,27,12,3,9
13_30,26.34,2.68,24.5,0,0,NaN,0,167368,167416,HPB,61,1960-07-18 19:30:00,1960-07-19 19:30:00,NaN,1960,7,18,18,1960,7,19,18,2,6
14_30,35.35,2.71,46,0,0,NaN,0,167431,167522,HPB,61,1960-07-20 03:00:00,1960-07-22 00:30:00,NaN,1960,7,20,6,1960,7,22,0,2,6
15_30,76.18,3.32,115.5,0,84.5,NaN,0,184715,184945,HPB,61,1961-07-15 05:00:00,1961-07-20 00:00:00,NaN,1961,7,15,6,1961,7,20,0,2,9
16_30,43.435,5.48,28.5,14.5,14,NaN,0,203908,203964,HPB,61,1962-08-19 01:30:00,1962-08-20 05:30:00,NaN,1962,8,19,0,1962,8,20,6,1,9
17_30,51.765,5.66,33,33,0,NaN,0,220894,220959,HPB,61,1963-08-07 22:30:00,1963-08-09 07:00:00,NaN,1963,8,8,0,1963,8,9,6,1,9
18_30,85.995,7.28,58,24.5,24,NaN,0,238675,238790,HPB,61,1964-08-12 09:00:00,1964-08-14 18:30:00,NaN,1964,8,12,12,1964,8,14,18,2,2
19_30,55.715,2.55,67,28.5,15.5,NaN,0,275532,275665,HPB,61,1966-09-19 05:30:00,1966-09-22 00:00:00,NaN,1966,9,19,6,1966,9,22,0,2,8
20_30,39.455,3.58,61.5,40.5,21,NaN,0,291078,291200,HPB,61,1967-08-09 02:30:00,1967-08-11 15:30:00,NaN,1967,8,9,0,1967,8,11,18,3,8
21_30,68.185,6.92,27.5,23,4.5,NaN,0,325910,325964,HPB,61,1969-08-03 18:30:00,1969-08-04 21:30:00,NaN,1969,8,3,18,1969,8,5,0,3,5
22_30,25.21,1.3,77,13.5,63.5,NaN,0,345160,345313,HPB,61,1970-09-08 19:30:00,1970-09-12 00:00:00,NaN,1970,9,8,18,1970,9,12,0,2,10
23_30,29.46,2.37,37,0,14,NaN,0,363534,363607,HPB,61,1971-09-26 14:30:00,1971-09-28 03:00:00,NaN,1971,9,26,12,1971,9,28,6,2,7
24_30,36.42,4.68,36.5,0,0,NaN,0,400278,400350,HPB,61,1973-10-31 02:30:00,1973-11-01 14:30:00,NaN,1973,10,31,0,1973,11,1,12,1,6
25_30,36.93,3.16,119,0,0,NaN,0,435988,436225,HPB,61,1975-11-14 01:30:00,1975-11-19 00:00:00,NaN,1975,11,14,0,1975,11,19,0,1,8
26_30,24.45,1.49,59.5,0,0,NaN,0,445993,446111,HPB,61,1976-06-09 12:00:00,1976-06-11 23:00:00,NaN,1976,6,9,12,1976,6,12,0,2,6
27_30,29.855,2.87,45,0,0,NaN,0,467890,467979,HPB,61,1977-09-08 16:30:00,1977-09-10 13:00:00,NaN,1977,9,8,18,1977,9,10,12,1,9
28_30,48.59,8.84,30.5,0,18.5,NaN,0,468289,468349,HPB,61,1977-09-17 00:00:00,1977-09-18 06:00:00,NaN,1977,9,17,0,1977,9,18,6,1,9
29_30,39.975,2.02,82,21.5,52.5,NaN,0,487298,487461,HPB,61,1978-10-18 00:30:00,1978-10-21 10:00:00,NaN,1978,10,18,0,1978,10,21,12,2,8
30_30,24.1,2.38,71,0,0,NaN,0,501544,501685,HPB,61,1979-08-10 19:30:00,1979-08-13 18:00:00,NaN,1979,8,10,18,1979,8,13,18,2,1
31_30,34.84,3.19,25.5,19.5,6,NaN,0,522872,522922,HPB,61,1980-10-28 03:30:00,1980-10-29 04:30:00,NaN,1980,10,28,6,1980,10,29,6,3,6
32_30,23.895,2.19,52,0,0,NaN,0,540109,540212,HPB,61,1981-10-22 06:00:00,1981-10-24 09:30:00,NaN,1981,10,22,6,1981,10,24,12,3,6
33_30,41.6,4.96,52,0,40.5,NaN,0,555142,555245,HPB,61,1982-08-31 10:30:00,1982-09-02 14:00:00,NaN,1982,8,31,12,1982,9,2,12,1,1
34_30,32.965,1.77,46.5,20.5,43.5,NaN,0,574875,574967,HPB,61,1983-10-16 13:00:00,1983-10-18 11:00:00,NaN,1983,10,16,12,1983,10,18,12,2,6
35_30,59.185,1.92,67,0,0,NaN,0,592723,592856,HPB,61,1984-10-22 09:00:00,1984-10-25 03:30:00,NaN,1984,10,22,12,1984,10,25,6,2,6
36_30,20.145,2.91,30,0,0,NaN,0,607570,607629,HPB,61,1985-08-27 16:30:00,1985-08-28 22:00:00,NaN,1985,8,27,18,1985,8,29,0,1,8
37_30,29.38,2.21,62,0,0,NaN,0,629079,629202,HPB,61,1986-11-18 19:00:00,1986-11-21 08:30:00,NaN,1986,11,18,18,1986,11,21,6,3,2
38_30,24.865,5.54,34.5,0,0,NaN,0,645861,645929,HPB,61,1987-11-03 10:00:00,1987-11-04 20:00:00,NaN,1987,11,3,12,1987,11,4,18,1,2
39_30,22.485,3.25,40.5,0,0,NaN,0,646001,646081,HPB,61,1987-11-06 08:00:00,1987-11-08 00:00:00,NaN,1987,11,6,6,1987,11,8,0,1,2
40_30,33.475,3.3,41,0,0,NaN,0,663813,663894,HPB,61,1988-11-11 10:00:00,1988-11-13 02:30:00,NaN,1988,11,11,12,1988,11,13,0,3,6
41_30,22.68,3.08,50.5,0,0,NaN,0,676832,676932,HPB,61,1989-08-09 15:30:00,1989-08-11 17:30:00,NaN,1989,8,9,18,1989,8,11,18,3,2
42_30,46.28,5.8,26.5,0,10,NaN,0,696942,696994,HPB,61,1990-10-02 14:30:00,1990-10-03 16:30:00,NaN,1990,10,2,12,1990,10,3,18,1,9
43_30,22.825,2.62,40.5,0,0,NaN,0,712831,712911,HPB,61,1991-08-29 15:00:00,1991-08-31 07:00:00,NaN,1991,8,29,18,1991,8,31,6,2,8
44_30,41.475,2.39,53,0,31.5,NaN,0,713026,713131,HPB,61,1991-09-02 16:30:00,1991-09-04 21:00:00,NaN,1991,9,2,18,1991,9,5,0,2,8
45_30,40.66,3.43,42.5,18,24,NaN,0,730382,730466,HPB,61,1992-08-29 06:30:00,1992-08-31 00:30:00,NaN,1992,8,29,6,1992,8,31,0,2,8
46_30,32.84,4.3,27,5,11.5,NaN,0,730541,730594,HPB,61,1992-09-01 14:00:00,1992-09-02 16:30:00,NaN,1992,9,1,12,1992,9,2,18,2,8
47_30,42.795,5.39,25,0,4,NaN,0,749394,749443,HPB,61,1993-09-29 08:30:00,1993-09-30 09:00:00,NaN,1993,9,29,6,1993,9,30,12,1,8
48_30,56.705,7.36,26,0,0,NaN,0,764832,764883,HPB,61,1994-08-16 23:30:00,1994-08-18 01:00:00,NaN,1994,8,17,0,1994,8,18,0,1,8
49_30,85.05,4.14,118,0,0,NaN,0,780772,781007,HPB,61,1995-07-15 01:30:00,1995-07-19 23:00:00,NaN,1995,7,15,0,1995,7,20,0,2,5
50_30,21.325,3.47,34,0,0,NaN,0,797820,797887,HPB,61,1996-07-04 05:30:00,1996-07-05 15:00:00,NaN,1996,7,4,6,1996,7,5,18,3,8
51_30,45.74,4.97,35,0,12,NaN,0,816146,816215,HPB,61,1997-07-21 00:30:00,1997-07-22 11:00:00,NaN,1997,7,21,0,1997,7,22,12,3,5
52_30,24.185,1.82,171,0,0,NaN,0,838917,839258,HPB,61,1998-11-07 10:00:00,1998-11-14 12:30:00,NaN,1998,11,7,12,1998,11,14,12,2,2
53_30,45.89,6.57,108.5,0,0,NaN,0,874153,874369,HPB,61,2000-11-10 12:00:00,2000-11-15 00:00:00,NaN,2000,11,10,12,2000,11,15,0,1,8
54_30,39.155,1.86,56,0,0,NaN,0,888682,888793,HPB,61,2001-09-09 04:30:00,2001-09-11 12:00:00,NaN,2001,9,9,6,2001,9,11,12,2,6
55_30,31.855,3.03,74,0,0,NaN,0,908814,908961,HPB,61,2002-11-02 14:30:00,2002-11-05 16:00:00,NaN,2002,11,2,12,2002,11,5,18,3,5
56_30,20.75,1.87,38.5,0,0,NaN,0,921360,921436,HPB,61,2003-07-21 23:30:00,2003-07-23 13:30:00,NaN,2003,7,22,0,2003,7,23,12,1,5
57_30,32.485,3.86,29.5,6.5,23,NaN,0,921753,921811,HPB,61,2003-07-30 04:00:00,2003-07-31 09:00:00,NaN,2003,7,30,6,2003,7,31,12,1,5
58_30,48.52,4.52,38,0,7.5,NaN,0,940316,940391,HPB,61,2004-08-19 21:30:00,2004-08-21 11:00:00,NaN,2004,8,20,0,2004,8,21,12,1,10
59_30,36.055,6.41,60,17.5,42,NaN,0,956415,956534,HPB,61,2005-07-21 07:00:00,2005-07-23 18:30:00,NaN,2005,7,21,6,2005,7,23,18,2,1
60_30,60.135,5.42,62.5,0,0,NaN,0,956565,956689,HPB,61,2005-07-24 10:00:00,2005-07-27 00:00:00,NaN,2005,7,24,12,2005,7,27,0,2,1
61_30,20.935,2.99,25.5,0,0,NaN,0,971580,971630,HPB,61,2006-06-02 05:30:00,2006-06-03 06:30:00,NaN,2006,6,2,6,2006,6,3,6,1,9
62_30,65.395,3.63,75,24.5,68.5,NaN,0,1007262,1007411,HPB,61,2008-06-14 14:30:00,2008-06-17 17:00:00,NaN,2008,6,14,12,2008,6,17,18,2,5
63_30,52.705,6.27,44.5,9,25,NaN,0,1029014,1029102,HPB,61,2009-09-10 18:30:00,2009-09-12 14:30:00,NaN,2009,9,10,18,2009,9,12,12,2,5
64_28,30.825,4,21.5,12,8,NaN,0,1029118,1029160,HPB,61,2009-09-12 22:30:00,2009-09-13 19:30:00,NaN,2009,9,13,0,2009,9,13,18,2,5
65_27,87.53,8.08,106.5,0,0,NaN,0,1045254,1045466,HPB,61,2010-08-15 02:30:00,2010-08-19 12:30:00,NaN,2010,8,15,0,2010,8,19,12,2,2
1_31,26.165,4.11,23.5,0,0,NaN,0,9475,9521,HPB,62,1951-07-17 09:00:00,1951-07-18 08:00:00,NaN,1951,7,17,12,1951,7,18,6,3,6
2_31,47.015,4.79,56.5,14.5,42,NaN,18.5,9766,9878,HPB,62,1951-07-23 10:30:00,1951-07-25 18:30:00,NaN,1951,7,23,12,1951,7,25,18,3,6
3_31,89.975,6.67,166.5,0,119.5,NaN,0,28757,29089,HPB,62,1952-08-22 02:00:00,1952-08-29 00:00:00,NaN,1952,8,22,0,1952,8,29,0,3,1
4_31,30.035,3.97,56,0,0,NaN,0,51099,51210,HPB,62,1953-11-30 13:00:00,1953-12-02 20:30:00,NaN,1953,11,30,12,1953,12,2,18,1,8
5_31,47.35,5.46,45.5,0,4,NaN,0,62982,63072,HPB,62,1954-08-05 02:30:00,1954-08-06 23:30:00,NaN,1954,8,5,0,1954,8,7,0,1,5
6_31,23.19,4.35,47.5,17,30.5,NaN,0,63097,63191,HPB,62,1954-08-07 12:00:00,1954-08-09 11:00:00,NaN,1954,8,7,12,1954,8,9,12,1,5
7_31,37.74,5.55,31.5,0,31.5,NaN,0,63416,63478,HPB,62,1954-08-14 03:30:00,1954-08-15 10:30:00,NaN,1954,8,14,6,1954,8,15,12,1,5
8_31,64.355,2.47,51,0,16,NaN,0,101794,101895,HPB,62,1956-10-21 16:30:00,1956-10-23 19:00:00,NaN,1956,10,21,18,1956,10,23,18,2,9
9_31,31.095,2.09,43,0,0,NaN,0,120668,120753,HPB,62,1957-11-18 21:30:00,1957-11-20 16:00:00,NaN,1957,11,19,0,1957,11,20,18,3,6
10_31,28.3,2.04,72.5,0,0,NaN,0,120919,121063,HPB,62,1957-11-24 03:00:00,1957-11-27 03:00:00,NaN,1957,11,24,6,1957,11,27,6,3,6
11_31,102.485,4.88,110,14,18.5,NaN,0,152199,152418,HPB,62,1959-09-06 19:00:00,1959-09-11 08:30:00,NaN,1959,9,6,18,1959,9,11,6,2,6
12_31,35.93,3.98,82.5,44,24.5,NaN,0,166634,166798,HPB,62,1960-07-03 12:30:00,1960-07-06 22:30:00,NaN,1960,7,3,12,1960,7,7,0,3,9
13_31,27.06,2.19,42,0,0,NaN,0,188991,189074,HPB,62,1961-10-12 07:00:00,1961-10-14 00:30:00,NaN,1961,10,12,6,1961,10,14,0,3,10
14_31,28.095,3.93,61,0,0,NaN,0,206819,206940,HPB,62,1962-10-18 17:00:00,1962-10-21 05:30:00,NaN,1962,10,18,18,1962,10,21,6,2,8
15_31,22.72,2.37,43.5,0,0,NaN,0,206989,207075,HPB,62,1962-10-22 06:00:00,1962-10-24 01:00:00,NaN,1962,10,22,6,1962,10,24,0,2,8
16_31,34.385,2.05,66,0,0,NaN,0,207139,207270,HPB,62,1962-10-25 09:00:00,1962-10-28 02:30:00,NaN,1962,10,25,12,1962,10,28,0,2,8
17_31,52.345,4.9,69.5,11.5,39,NaN,0,223429,223567,HPB,62,1963-09-29 18:00:00,1963-10-02 15:00:00,NaN,1963,9,29,18,1963,10,2,18,3,6
18_31,24.97,2,27,25.5,1.5,NaN,0,240519,240572,HPB,62,1964-09-19 19:00:00,1964-09-20 21:30:00,NaN,1964,9,19,18,1964,9,21,0,3,6
19_31,42.55,2.8,42.5,0,0,NaN,0,259753,259837,HPB,62,1965-10-25 12:00:00,1965-10-27 06:00:00,NaN,1965,10,25,12,1965,10,27,6,2,5
20_31,24.145,3.16,49.5,0,0,NaN,0,259900,259998,HPB,62,1965-10-28 13:30:00,1965-10-30 14:30:00,NaN,1965,10,28,12,1965,10,30,12,2,5
21_31,38.345,2.45,38,0,0,NaN,0,275270,275345,HPB,62,1966-09-13 18:30:00,1966-09-15 08:00:00,NaN,1966,9,13,18,1966,9,15,6,3,9
22_31,85.625,5.27,59,2.5,32,NaN,0,288895,289012,HPB,62,1967-06-24 15:00:00,1967-06-27 01:30:00,NaN,1967,6,24,18,1967,6,27,0,2,7
23_31,85.86,10.82,24.5,0,6,NaN,0,309506,309554,HPB,62,1968-08-27 00:30:00,1968-08-28 00:30:00,NaN,1968,8,27,0,1968,8,28,0,1,9
24_31,33.555,2.21,62,0,0,NaN,0,362684,362807,HPB,62,1971-09-08 21:30:00,1971-09-11 11:00:00,NaN,1971,9,9,0,1971,9,11,12,2,2
25_31,65.61,3.93,77.5,0,61,NaN,0,362830,362984,HPB,62,1971-09-11 22:30:00,1971-09-15 03:30:00,NaN,1971,9,12,0,1971,9,15,6,2,2
26_31,29.14,3.15,20,11,9,NaN,0,379817,379856,HPB,62,1972-08-30 20:00:00,1972-08-31 15:30:00,NaN,1972,8,30,18,1972,8,31,18,3,6
27_31,21.985,2.31,26.5,0,0,NaN,0,395054,395106,HPB,62,1973-07-14 06:30:00,1973-07-15 08:30:00,NaN,1973,7,14,6,1973,7,15,6,3,3
28_31,42.08,3.83,35.5,9.5,26,NaN,0,411187,411257,HPB,62,1974-06-15 09:00:00,1974-06-16 20:00:00,NaN,1974,6,15,12,1974,6,16,18,3,5
29_31,50.81,1.54,133,0,0,NaN,0,435618,435883,HPB,62,1975-11-06 08:30:00,1975-11-11 21:00:00,NaN,1975,11,6,6,1975,11,12,0,2,10
30_31,53.28,6.31,39,0,12.5,NaN,0,450793,450870,HPB,62,1976-09-17 12:00:00,1976-09-19 02:30:00,NaN,1976,9,17,12,1976,9,19,0,1,9
31_31,23.73,2.93,22,0,8,NaN,0,468358,468401,HPB,62,1977-09-18 10:30:00,1977-09-19 08:00:00,NaN,1977,9,18,12,1977,9,19,6,2,6
32_31,27.785,1.64,62.5,0,0,NaN,0,468566,468690,HPB,62,1977-09-22 18:30:00,1977-09-25 08:30:00,NaN,1977,9,22,18,1977,9,25,6,2,6
33_31,43.625,2.96,42,25,17,NaN,0,504168,504251,HPB,62,1979-10-04 11:30:00,1979-10-06 05:00:00,NaN,1979,10,4,12,1979,10,6,6,2,9
34_31,61.75,3.44,108,37.5,33,NaN,0,519766,519981,HPB,62,1980-08-24 10:30:00,1980-08-28 22:00:00,NaN,1980,8,24,12,1980,8,29,0,2,6
35_31,50.94,2.59,66,0,31,NaN,0,538104,538235,HPB,62,1981-09-10 11:30:00,1981-09-13 05:00:00,NaN,1981,9,10,12,1981,9,13,6,2,1
36_31,26.25,3.1,45.5,19.5,26,NaN,0,572978,573068,HPB,62,1983-09-07 00:30:00,1983-09-08 21:30:00,NaN,1983,9,7,0,1983,9,9,0,3,9
37_31,30.645,3.64,39.5,20,19.5,NaN,0,573572,573650,HPB,62,1983-09-19 09:30:00,1983-09-21 00:30:00,NaN,1983,9,19,12,1983,9,21,0,3,9
38_31,25.835,5.08,22,0,0,NaN,0,590699,590742,HPB,62,1984-09-10 05:00:00,1984-09-11 02:30:00,NaN,1984,9,10,6,1984,9,11,0,2,7
39_31,66.925,3.89,99.5,0,0,NaN,0,590930,591128,HPB,62,1984-09-15 00:30:00,1984-09-19 03:30:00,NaN,1984,9,15,0,1984,9,19,6,2,7
40_31,22.625,3.21,27,0,0,NaN,0,606485,606538,HPB,62,1985-08-05 02:00:00,1985-08-06 04:30:00,NaN,1985,8,5,0,1985,8,6,6,3,9
41_31,25.435,1.61,65,0,0,NaN,0,628356,628485,HPB,62,1986-11-03 17:30:00,1986-11-06 10:00:00,NaN,1986,11,3,18,1986,11,6,12,2,8
42_31,20.17,6.14,15,0,1.5,NaN,0,642287,642316,HPB,62,1987-08-20 23:00:00,1987-08-21 13:30:00,NaN,1987,8,21,0,1987,8,21,12,2,2
43_31,44.485,2.42,63.5,16.5,33.5,NaN,0,642639,642765,HPB,62,1987-08-28 07:00:00,1987-08-30 22:00:00,NaN,1987,8,28,6,1987,8,31,0,2,2
44_31,39.015,3.13,32.5,0,6,NaN,0,676050,676114,HPB,62,1989-07-24 08:30:00,1989-07-25 16:30:00,NaN,1989,7,24,6,1989,7,25,18,2,6
45_31,37.375,6.24,36,0,0,NaN,0,697060,697131,HPB,62,1990-10-05 01:30:00,1990-10-06 13:00:00,NaN,1990,10,5,0,1990,10,6,12,1,9
46_31,61.09,5.63,55.5,0,5.5,NaN,0,712383,712493,HPB,62,1991-08-20 07:00:00,1991-08-22 14:00:00,NaN,1991,8,20,6,1991,8,22,12,2,6
47_31,57.935,6.86,89,29,71.5,NaN,0,729925,730102,HPB,62,1992-08-19 18:00:00,1992-08-23 10:30:00,NaN,1992,8,19,18,1992,8,23,12,3,8
48_31,45.515,3.59,66.5,0,0,NaN,0,749668,749800,HPB,62,1993-10-05 01:30:00,1993-10-07 19:30:00,NaN,1993,10,5,0,1993,10,7,18,3,9
49_31,22.035,2.25,49.5,16,27.5,NaN,0,766627,766725,HPB,62,1994-09-23 09:00:00,1994-09-25 10:00:00,NaN,1994,9,23,12,1994,9,25,12,2,5
50_31,50.25,3.1,59.5,0,25.5,NaN,0,767015,767133,HPB,62,1994-10-01 11:00:00,1994-10-03 22:00:00,NaN,1994,10,1,12,1994,10,4,0,2,5
51_31,37.465,2.83,51.5,20.5,31,NaN,0,780903,781005,HPB,62,1995-07-17 19:00:00,1995-07-19 22:00:00,NaN,1995,7,17,18,1995,7,20,0,3,9
52_31,30.71,5.42,27.5,14.5,13,NaN,0,800213,800267,HPB,62,1996-08-23 02:00:00,1996-08-24 05:00:00,NaN,1996,8,23,0,1996,8,24,6,1,2
53_31,21.8,2.65,77.5,0,8,NaN,0,819874,820028,HPB,62,1997-10-06 16:30:00,1997-10-09 21:30:00,NaN,1997,10,6,18,1997,10,10,0,1,8
54_31,31.36,5.52,38.5,0,0,NaN,0,820184,820260,HPB,62,1997-10-13 03:30:00,1997-10-14 17:30:00,NaN,1997,10,13,6,1997,10,14,18,1,8
55_31,49.48,4.76,28.5,0,0,NaN,0,836904,836960,HPB,62,1998-09-26 11:30:00,1998-09-27 15:30:00,NaN,1998,9,26,12,1998,9,27,18,3,8
56_31,30.115,3.07,69.5,0,0,NaN,0,857382,857520,HPB,62,1999-11-27 02:30:00,1999-11-29 23:30:00,NaN,1999,11,27,0,1999,11,30,0,3,2
57_31,59.19,2.27,117.5,0,0,NaN,0,867847,868081,HPB,62,2000-07-02 03:00:00,2000-07-07 00:00:00,NaN,2000,7,2,6,2000,7,7,0,2,6
58_31,20.32,2,66,0,0,NaN,0,886626,886757,HPB,62,2001-07-28 08:30:00,2001-07-31 02:00:00,NaN,2001,7,28,6,2001,7,31,0,3,6
59_31,40.255,4.89,26,0,6,NaN,0,887138,887189,HPB,62,2001-08-08 00:30:00,2001-08-09 02:00:00,NaN,2001,8,8,0,2001,8,9,0,3,6
60_31,29.66,3.23,49,0,0,NaN,0,909534,909631,HPB,62,2002-11-17 14:30:00,2002-11-19 15:00:00,NaN,2002,11,17,12,2002,11,19,18,1,7
61_31,29.68,3.93,30,19,11,NaN,0,924046,924105,HPB,62,2003-09-15 22:30:00,2003-09-17 04:00:00,NaN,2003,9,16,0,2003,9,17,6,3,8
62_31,22.67,3.3,107.5,0,0,NaN,0,944157,944371,HPB,62,2004-11-07 22:00:00,2004-11-12 09:00:00,NaN,2004,11,8,0,2004,11,12,12,1,4
63_31,35.74,2.16,74.5,36.5,32.5,NaN,0,958855,959003,HPB,62,2005-09-10 03:00:00,2005-09-13 05:00:00,NaN,2005,9,10,6,2005,9,13,6,2,10
64_29,32.1,2.52,45,24.5,20.5,NaN,0,973835,973924,HPB,62,2006-07-19 05:00:00,2006-07-21 01:30:00,NaN,2006,7,19,6,2006,7,21,0,2,6
65_28,30.27,2.1,41,0,0,NaN,0,994702,994783,HPB,62,2007-09-26 22:30:00,2007-09-28 15:00:00,NaN,2007,9,27,0,2007,9,28,18,2,6
66_24,67.29,3.04,75,8,30,NaN,0,995038,995187,HPB,62,2007-10-03 22:30:00,2007-10-07 01:00:00,NaN,2007,10,4,0,2007,10,7,0,2,6
67_24,30.34,2.54,29,0,0,NaN,0,1010472,1010529,HPB,62,2008-08-20 11:30:00,2008-08-21 16:00:00,NaN,2008,8,20,12,2008,8,21,18,2,6
68_20,49.67,4.35,57,0,0,NaN,0,1010707,1010820,HPB,62,2008-08-25 09:00:00,2008-08-27 17:30:00,NaN,2008,8,25,12,2008,8,27,18,2,6
69_12,28.56,1.69,38,17,21,NaN,0,1029974,1030049,HPB,62,2009-09-30 18:30:00,2009-10-02 08:00:00,NaN,2009,9,30,18,2009,10,2,6,2,9
1_32,29.2,3.25,47,18,29,NaN,34.5,11069,11162,HPB,63,1951-08-19 14:00:00,1951-08-21 12:30:00,NaN,1951,8,19,12,1951,8,21,12,2,6
2_32,80.405,3.11,94,0,0,NaN,0,11239,11426,HPB,63,1951-08-23 03:00:00,1951-08-27 00:30:00,NaN,1951,8,23,6,1951,8,27,0,2,6
3_32,33.005,3.38,28,0,0,NaN,0,25884,25939,HPB,63,1952-06-23 05:30:00,1952-06-24 09:00:00,NaN,1952,6,23,6,1952,6,24,12,3,6
4_32,39.985,4.46,30,14,16,NaN,0,46080,46139,HPB,63,1953-08-17 23:30:00,1953-08-19 05:00:00,NaN,1953,8,18,0,1953,8,19,6,3,5
5_32,47.9,7.02,34,0,19,NaN,0,64440,64507,HPB,63,1954-09-04 11:30:00,1954-09-05 21:00:00,NaN,1954,9,4,12,1954,9,6,0,1,2
6_32,27.45,2.47,74,0,36.5,NaN,0,81815,81962,HPB,63,1955-09-01 11:00:00,1955-09-04 12:30:00,NaN,1955,9,1,12,1955,9,4,12,3,5
7_32,70.41,8.38,74.5,26.5,24.5,NaN,0,98794,98942,HPB,63,1956-08-20 04:30:00,1956-08-23 06:30:00,NaN,1956,8,20,6,1956,8,23,6,3,6
8_32,38.325,8.61,24,8.5,15.5,NaN,0,117348,117395,HPB,63,1957-09-10 17:30:00,1957-09-11 17:00:00,NaN,1957,9,10,18,1957,9,11,18,1,7
9_32,52.3,2.93,91.5,0,0,NaN,0,134009,134191,HPB,63,1958-08-23 20:00:00,1958-08-27 15:00:00,NaN,1958,8,23,18,1958,8,27,18,2,2
10_32,43.4,2.61,106.5,24,41.5,NaN,0,151148,151360,HPB,63,1959-08-15 21:30:00,1959-08-20 07:30:00,NaN,1959,8,16,0,1959,8,20,6,3,9
11_32,43.45,5.26,37.5,0,0,NaN,0,167575,167649,HPB,63,1960-07-23 03:00:00,1960-07-24 16:00:00,NaN,1960,7,23,6,1960,7,24,18,3,6
12_32,66.995,3.28,81.5,0,0,NaN,0,187219,187381,HPB,63,1961-09-05 09:00:00,1961-09-08 18:00:00,NaN,1961,9,5,12,1961,9,8,18,2,9
13_32,50.565,2.8,52.5,0,0,NaN,0,204564,204668,HPB,63,1962-09-01 17:30:00,1962-09-03 21:30:00,NaN,1962,9,1,18,1962,9,4,0,2,7
14_32,25.465,1.52,47.5,0,0,NaN,0,222498,222592,HPB,63,1963-09-10 08:30:00,1963-09-12 07:30:00,NaN,1963,9,10,6,1963,9,12,6,2,8
15_32,59.94,3.13,46.5,14,23.5,NaN,0,222718,222810,HPB,63,1963-09-14 22:30:00,1963-09-16 20:30:00,NaN,1963,9,15,0,1963,9,16,18,2,8
16_32,277.015,6.57,187.5,0,0,NaN,0,238066,238440,HPB,63,1964-07-30 16:30:00,1964-08-07 11:30:00,NaN,1964,7,30,18,1964,8,7,12,2,7
17_32,89.45,2.97,77.5,0,19,NaN,0,259294,259448,HPB,63,1965-10-15 22:30:00,1965-10-19 03:30:00,NaN,1965,10,16,0,1965,10,19,6,2,9
18_32,41.065,5.23,45.5,22.5,23,NaN,0,275769,275859,HPB,63,1966-09-24 04:00:00,1966-09-26 01:00:00,NaN,1966,9,24,6,1966,9,26,0,1,9
19_32,54.88,2.61,60,12.5,19.5,NaN,0,293457,293576,HPB,63,1967-09-27 16:00:00,1967-09-30 03:30:00,NaN,1967,9,27,18,1967,9,30,6,2,9
20_32,132.795,8.68,146.5,43.5,62.5,NaN,0,308877,309169,HPB,63,1968-08-13 22:00:00,1968-08-20 00:00:00,NaN,1968,8,14,0,1968,8,20,0,2,8
21_32,24.57,1.83,48.5,22,21,NaN,0,327609,327705,HPB,63,1969-09-08 04:00:00,1969-09-10 04:00:00,NaN,1969,9,8,6,1969,9,10,6,3,1
22_32,70.445,4.72,58,0,0,NaN,0,327921,328036,HPB,63,1969-09-14 16:00:00,1969-09-17 01:30:00,NaN,1969,9,14,18,1969,9,17,0,3,1
23_32,24.06,4.05,32.5,16,16.5,NaN,0,343206,343270,HPB,63,1970-07-30 02:30:00,1970-07-31 10:30:00,NaN,1970,7,30,0,1970,7,31,12,2,3
24_32,66.525,3.27,123.5,0,0,NaN,0,343339,343585,HPB,63,1970-08-01 21:00:00,1970-08-07 00:00:00,NaN,1970,8,2,0,1970,8,7,0,2,3
25_32,35.83,2.82,59.5,0,0,NaN,0,361297,361415,HPB,63,1971-08-11 00:00:00,1971-08-13 11:00:00,NaN,1971,8,11,0,1971,8,13,12,2,3
26_32,37.495,4.66,34,16,18,NaN,0,380484,380551,HPB,63,1972-09-13 17:30:00,1972-09-15 03:00:00,NaN,1972,9,13,18,1972,9,15,6,3,9
27_32,37.195,3.81,159,0,0,NaN,0,401060,401377,HPB,63,1973-11-16 09:30:00,1973-11-23 00:00:00,NaN,1973,11,16,12,1973,11,23,0,1,8
28_32,33.02,4.36,33.5,0,0,NaN,0,413944,414010,HPB,63,1974-08-11 19:30:00,1974-08-13 04:30:00,NaN,1974,8,11,18,1974,8,13,6,1,6
29_32,124.77,5.84,111,11,105,NaN,0,432595,432816,HPB,63,1975-09-04 09:00:00,1975-09-08 23:30:00,NaN,1975,9,4,12,1975,9,9,0,2,6
30_32,33.105,1.43,86.5,0,0,NaN,0,449858,450030,HPB,63,1976-08-29 00:30:00,1976-09-01 14:30:00,NaN,1976,8,29,0,1976,9,1,12,2,4
31_32,57.705,3.54,49,0,0,NaN,0,467280,467377,HPB,63,1977-08-26 23:30:00,1977-08-29 00:00:00,NaN,1977,8,27,0,1977,8,29,0,1,8
32_32,33.28,3.86,32.5,0,8,NaN,0,467662,467726,HPB,63,1977-09-03 22:30:00,1977-09-05 06:30:00,NaN,1977,9,4,0,1977,9,5,6,1,8
33_32,23.59,3.73,31.5,0,0,NaN,0,483654,483716,HPB,63,1978-08-03 02:30:00,1978-08-04 09:30:00,NaN,1978,8,3,0,1978,8,4,12,1,7
34_32,53.96,7.08,64,0,0,NaN,0,483788,483915,HPB,63,1978-08-05 21:30:00,1978-08-08 13:00:00,NaN,1978,8,6,0,1978,8,8,12,1,7
35_32,33.045,4.62,41,18.5,22.5,NaN,0,519661,519742,HPB,63,1980-08-22 06:00:00,1980-08-23 22:30:00,NaN,1980,8,22,6,1980,8,24,0,1,7
36_32,45.39,4.4,36.5,0,0,NaN,0,538501,538573,HPB,63,1981-09-18 18:00:00,1981-09-20 06:00:00,NaN,1981,9,18,18,1981,9,20,6,1,6
37_32,57.78,7.5,59,0,0,NaN,0,538730,538847,HPB,63,1981-09-23 12:30:00,1981-09-25 23:00:00,NaN,1981,9,23,12,1981,9,26,0,1,6
38_32,44.12,1.57,88.5,0,0,NaN,0,556768,556944,HPB,63,1982-10-04 07:30:00,1982-10-07 23:30:00,NaN,1982,10,4,6,1982,10,8,0,2,8
39_32,24.165,3.95,14.5,0,0,NaN,0,575148,575176,HPB,63,1983-10-22 05:30:00,1983-10-22 19:30:00,NaN,1983,10,22,6,1983,10,22,18,1,7
40_32,28.075,4.36,38,0,0,NaN,0,592962,593037,HPB,63,1984-10-27 08:30:00,1984-10-28 22:00:00,NaN,1984,10,27,6,1984,10,29,0,1,2
41_32,105.2,6.25,91,15.5,42,NaN,0,607765,607946,HPB,63,1985-08-31 18:00:00,1985-09-04 12:30:00,NaN,1985,8,31,18,1985,9,4,12,2,7
42_32,54.71,3.04,152.5,23.5,45,NaN,0,623457,623761,HPB,63,1986-07-24 16:00:00,1986-07-31 00:00:00,NaN,1986,7,24,18,1986,7,31,0,2,6
43_32,45.545,4.11,50,42,8,NaN,0,642030,642129,HPB,63,1987-08-15 14:30:00,1987-08-17 16:00:00,NaN,1987,8,15,12,1987,8,17,18,3,9
44_32,30.765,4.63,102,0,0,NaN,0,663629,663832,HPB,63,1988-11-07 14:00:00,1988-11-11 19:30:00,NaN,1988,11,7,12,1988,11,11,18,1,4
45_32,42.015,1.79,92.5,0,0,NaN,0,696699,696883,HPB,63,1990-09-27 13:00:00,1990-10-01 09:00:00,NaN,1990,9,27,12,1990,10,1,12,2,8
46_32,58.325,6.27,40,27.5,12.5,NaN,0,712998,713077,HPB,63,1991-09-02 02:30:00,1991-09-03 18:00:00,NaN,1991,9,2,0,1991,9,3,18,3,9
47_32,27.935,3.71,54,0,0,NaN,0,734600,734707,HPB,63,1992-11-25 03:30:00,1992-11-27 09:00:00,NaN,1992,11,25,6,1992,11,27,12,1,4
48_32,35.505,2.67,30.5,0,23,NaN,0,747218,747278,HPB,63,1993-08-15 00:30:00,1993-08-16 06:30:00,NaN,1993,8,15,0,1993,8,16,6,3,8
49_32,23.07,2.06,29.5,0,0,NaN,0,768290,768348,HPB,63,1994-10-28 00:30:00,1994-10-29 05:30:00,NaN,1994,10,28,0,1994,10,29,6,3,8
50_32,27.09,2.56,44,0,0,NaN,0,768903,768990,HPB,63,1994-11-09 19:00:00,1994-11-11 14:30:00,NaN,1994,11,9,18,1994,11,11,12,3,8
51_32,35.46,4.11,18.5,0,13.5,NaN,0,783803,783839,HPB,63,1995-09-16 05:00:00,1995-09-16 23:00:00,NaN,1995,9,16,6,1995,9,17,0,3,8
52_32,100.33,8.91,103.5,43.5,40,NaN,0,817131,817337,HPB,63,1997-08-10 13:00:00,1997-08-14 20:00:00,NaN,1997,8,10,12,1997,8,14,18,3,8
53_32,25.69,3.75,69.5,0,0,NaN,0,838567,838705,HPB,63,1998-10-31 03:00:00,1998-11-03 00:00:00,NaN,1998,10,31,6,1998,11,3,0,1,2
54_32,24.27,2.24,60.5,0,1,NaN,0,871380,871500,HPB,63,2000-09-13 17:30:00,2000-09-16 05:30:00,NaN,2000,9,13,18,2000,9,16,6,2,8
55_32,22.495,1.5,65,0,0,NaN,0,887625,887754,HPB,63,2001-08-18 04:00:00,2001-08-20 20:30:00,NaN,2001,8,18,6,2001,8,20,18,2,8
56_32,40.215,1.45,88.5,0,0,NaN,0,909623,909799,HPB,63,2002-11-19 11:00:00,2002-11-23 03:00:00,NaN,2002,11,19,12,2002,11,23,6,2,9
57_32,42.515,2.62,46,0,16,NaN,0,921777,921868,HPB,63,2003-07-30 16:00:00,2003-08-01 13:30:00,NaN,2003,7,30,18,2003,8,1,12,2,6
58_32,25.145,1.21,65.5,0,0,NaN,0,938727,938857,HPB,63,2004-07-17 19:00:00,2004-07-20 12:00:00,NaN,2004,7,17,18,2004,7,20,12,2,2
59_32,60.84,3.74,95,0,0,NaN,0,957414,957603,HPB,63,2005-08-11 02:30:00,2005-08-15 01:00:00,NaN,2005,8,11,0,2005,8,15,0,2,7
60_32,39.87,2.77,50.5,22.5,25.5,NaN,0,977276,977376,HPB,63,2006-09-28 21:30:00,2006-09-30 23:30:00,NaN,2006,9,29,0,2006,10,1,0,3,6
61_32,37.98,2.15,62,0,0,NaN,0,1012284,1012407,HPB,63,2008-09-27 05:30:00,2008-09-29 19:00:00,NaN,2008,9,27,6,2008,9,29,18,3,9
62_32,37.625,3.42,29,0,0,NaN,0,1027793,1027850,HPB,63,2009-08-16 08:00:00,2009-08-17 12:30:00,NaN,2009,8,16,6,2009,8,17,12,3,7
63_32,59.015,4.54,45.5,14.5,18,NaN,0,1047104,1047194,HPB,63,2010-09-22 15:30:00,2010-09-24 12:30:00,NaN,2010,9,22,18,2010,9,24,12,1,2
1_33,43.985,4.16,73,0,4,NaN,22.5,11106,11251,HPB,64,1951-08-20 08:30:00,1951-08-23 09:00:00,NaN,1951,8,20,6,1951,8,23,12,1,5
2_33,47.41,7.49,22.5,13.5,9,NaN,0,11302,11346,HPB,64,1951-08-24 10:30:00,1951-08-25 08:30:00,NaN,1951,8,24,12,1951,8,25,6,1,5
3_33,27.705,3.47,35.5,0,0,NaN,0,32236,32306,HPB,64,1952-11-02 13:30:00,1952-11-04 00:30:00,NaN,1952,11,2,12,1952,11,4,0,1,2
4_33,73.225,5.62,117.5,34.5,78.5,NaN,0,47333,47567,HPB,64,1953-09-13 02:00:00,1953-09-17 23:00:00,NaN,1953,9,13,0,1953,9,18,0,2,9
5_33,40.515,5.32,42,33.5,8.5,NaN,0,80158,80241,HPB,64,1955-07-28 22:30:00,1955-07-30 16:00:00,NaN,1955,7,29,0,1955,7,30,18,3,10
6_33,33.42,4.81,37.5,0,0,NaN,0,100492,100566,HPB,64,1956-09-24 13:30:00,1956-09-26 02:30:00,NaN,1956,9,24,12,1956,9,26,0,1,8
7_33,41.29,2.03,100,0,0,NaN,0,115524,115723,HPB,64,1957-08-03 17:30:00,1957-08-07 21:00:00,NaN,1957,8,3,18,1957,8,8,0,2,6
8_33,24.93,2.73,31.5,0,0,NaN,0,136560,136622,HPB,64,1958-10-15 23:30:00,1958-10-17 06:30:00,NaN,1958,10,16,0,1958,10,17,6,3,2
9_33,61.41,9.06,56.5,0,12,NaN,0,150022,150134,HPB,64,1959-07-23 10:30:00,1959-07-25 18:30:00,NaN,1959,7,23,12,1959,7,25,18,3,8
10_33,33.79,4.49,61.5,0,0,NaN,0,172358,172480,HPB,64,1960-10-30 18:30:00,1960-11-02 07:30:00,NaN,1960,10,30,18,1960,11,2,6,1,2
11_33,23.465,2.82,21,19.5,1.5,NaN,0,187639,187680,HPB,64,1961-09-14 03:00:00,1961-09-14 23:30:00,NaN,1961,9,14,6,1961,9,15,0,1,1
12_33,27.84,3.28,24,0,8.5,NaN,0,188094,188141,HPB,64,1961-09-23 14:30:00,1961-09-24 14:00:00,NaN,1961,9,23,12,1961,9,24,12,1,1
13_33,92.78,4.55,93,26.5,66.5,NaN,0,202823,203008,HPB,64,1962-07-27 11:00:00,1962-07-31 07:30:00,NaN,1962,7,27,12,1962,7,31,6,2,5
14_33,23.48,1.69,68,0,0,NaN,0,224782,224917,HPB,64,1963-10-27 22:30:00,1963-10-30 18:00:00,NaN,1963,10,28,0,1963,10,30,18,2,4
15_33,50.815,5.92,54.5,25,24.5,NaN,0,238799,238907,HPB,64,1964-08-14 23:00:00,1964-08-17 05:00:00,NaN,1964,8,15,0,1964,8,17,6,1,6
16_33,21.935,2.92,22.5,0,0,NaN,0,255883,255927,HPB,64,1965-08-05 21:00:00,1965-08-06 19:00:00,NaN,1965,8,6,0,1965,8,6,18,2,1
17_33,27.92,2.02,51,0,0,NaN,0,273893,273994,HPB,64,1966-08-16 02:00:00,1966-08-18 04:30:00,NaN,1966,8,16,0,1966,8,18,6,3,7
18_33,48.665,3.14,55.5,22.5,33,NaN,0,291042,291152,HPB,64,1967-08-08 08:30:00,1967-08-10 15:30:00,NaN,1967,8,8,6,1967,8,10,18,1,8
19_33,40.015,3.94,119.5,0,0,NaN,0,291351,291589,HPB,64,1967-08-14 19:00:00,1967-08-19 18:00:00,NaN,1967,8,14,18,1967,8,19,18,1,8
20_33,21.98,2.54,36.5,21.5,15,NaN,0,310621,310693,HPB,64,1968-09-19 06:00:00,1968-09-20 18:00:00,NaN,1968,9,19,6,1968,9,20,18,1,5
21_33,27.915,2.25,93,0,0,NaN,0,324741,324926,HPB,64,1969-07-10 10:00:00,1969-07-14 06:30:00,NaN,1969,7,10,12,1969,7,14,6,3,8
22_33,24.715,1.84,44,0,0,NaN,0,341589,341676,HPB,64,1970-06-26 10:00:00,1970-06-28 05:30:00,NaN,1970,6,26,12,1970,6,28,6,3,9
23_33,27.17,6.92,18,18,0,NaN,0,361329,361364,HPB,64,1971-08-11 16:00:00,1971-08-12 09:30:00,NaN,1971,8,11,18,1971,8,12,12,1,5
24_33,26.34,5.29,55,0.5,54.5,NaN,0,378008,378117,HPB,64,1972-07-24 03:30:00,1972-07-26 10:00:00,NaN,1972,7,24,6,1972,7,26,12,2,5
25_33,24.395,4.09,19,0,0,NaN,0,378219,378256,HPB,64,1972-07-28 13:00:00,1972-07-29 07:30:00,NaN,1972,7,28,12,1972,7,29,6,2,5
26_33,37.755,4.95,36,0,36,NaN,0,397786,397857,HPB,64,1973-09-09 04:30:00,1973-09-10 16:00:00,NaN,1973,9,9,6,1973,9,10,18,1,2
27_33,28.125,3.78,55.5,0,0,NaN,0,415788,415898,HPB,64,1974-09-19 05:30:00,1974-09-21 12:30:00,NaN,1974,9,19,6,1974,9,21,12,3,5
28_33,42,3.48,56.5,0,0,NaN,0,416024,416136,HPB,64,1974-09-24 03:30:00,1974-09-26 11:30:00,NaN,1974,9,24,6,1974,9,26,12,3,5
29_33,21.48,2.96,52,0,0,NaN,0,434347,434450,HPB,64,1975-10-10 21:00:00,1975-10-13 00:30:00,NaN,1975,10,11,0,1975,10,13,0,3,4
30_33,26.375,1.93,92,0,0,NaN,0,434660,434843,HPB,64,1975-10-17 09:30:00,1975-10-21 05:00:00,NaN,1975,10,17,12,1975,10,21,6,3,4
31_33,32.4,3.07,24.5,0,0,NaN,0,450125,450173,HPB,64,1976-09-03 14:00:00,1976-09-04 14:00:00,NaN,1976,9,3,12,1976,9,4,12,3,6
32_33,21.11,1.53,53.5,0,0,NaN,0,467769,467875,HPB,64,1977-09-06 04:00:00,1977-09-08 09:00:00,NaN,1977,9,6,6,1977,9,8,12,2,10
33_33,43.9,1.4,89,0,0,NaN,0,468200,468377,HPB,64,1977-09-15 03:30:00,1977-09-18 20:00:00,NaN,1977,9,15,6,1977,9,18,18,2,10
34_33,20.48,2.16,58,0,9.5,NaN,0,484315,484430,HPB,64,1978-08-16 21:00:00,1978-08-19 06:30:00,NaN,1978,8,17,0,1978,8,19,6,2,8
35_33,26.285,2.68,43,0,0,NaN,0,484642,484727,HPB,64,1978-08-23 16:30:00,1978-08-25 11:00:00,NaN,1978,8,23,18,1978,8,25,12,2,8
36_33,24.155,3.53,54.5,0,0,NaN,0,506077,506185,HPB,64,1979-11-13 06:00:00,1979-11-15 12:00:00,NaN,1979,11,13,6,1979,11,15,12,2,8
37_33,27.255,2.96,43,8.5,12.5,NaN,0,520853,520938,HPB,64,1980-09-16 02:00:00,1980-09-17 20:30:00,NaN,1980,9,16,0,1980,9,17,18,2,9
38_33,28.87,2.74,35.5,0,0,NaN,0,539640,539710,HPB,64,1981-10-12 11:30:00,1981-10-13 22:30:00,NaN,1981,10,12,12,1981,10,14,0,3,5
39_33,49.995,3.35,115,0,0,NaN,0,557794,558023,HPB,64,1982-10-25 16:30:00,1982-10-30 11:00:00,NaN,1982,10,25,18,1982,10,30,12,2,8
40_33,32.86,3.5,53.5,0,0,NaN,0,568571,568677,HPB,64,1983-06-07 05:00:00,1983-06-09 10:00:00,NaN,1983,6,7,6,1983,6,9,12,3,2
41_33,34.65,3.79,125,0,0,NaN,0,592447,592696,HPB,64,1984-10-16 15:00:00,1984-10-21 19:30:00,NaN,1984,10,16,18,1984,10,21,18,3,2
42_33,74,5.48,60.5,0,0,NaN,0,606944,607064,HPB,64,1985-08-14 15:30:00,1985-08-17 03:30:00,NaN,1985,8,14,18,1985,8,17,6,2,1
43_33,35.29,2.11,57,0,0,NaN,0,622128,622241,HPB,64,1986-06-26 23:30:00,1986-06-29 08:00:00,NaN,1986,6,27,0,1986,6,29,6,3,6
44_33,35.095,4.13,66,0,0,NaN,0,643214,643345,HPB,64,1987-09-09 06:30:00,1987-09-12 00:00:00,NaN,1987,9,9,6,1987,9,12,0,2,7
45_33,180.97,6.91,93.5,15,41.5,NaN,0,643561,643747,HPB,64,1987-09-16 12:00:00,1987-09-20 09:00:00,NaN,1987,9,16,12,1987,9,20,12,2,7
46_33,74.145,4.06,83.5,24.5,21.5,NaN,0,661025,661191,HPB,64,1988-09-14 08:00:00,1988-09-17 19:00:00,NaN,1988,9,14,6,1988,9,17,18,2,8
47_33,22.87,1.15,75,0,0,NaN,0,680046,680195,HPB,64,1989-10-15 14:30:00,1989-10-18 17:00:00,NaN,1989,10,15,12,1989,10,18,18,2,8
48_33,50.035,5.2,46,26,20,NaN,0,694319,694410,HPB,64,1990-08-08 23:00:00,1990-08-10 20:30:00,NaN,1990,8,9,0,1990,8,10,18,3,7
49_33,50.145,8.17,62.5,0,17.5,NaN,0,713349,713473,HPB,64,1991-09-09 10:00:00,1991-09-12 00:00:00,NaN,1991,9,9,12,1991,9,12,0,1,8
50_33,30.465,3.6,36.5,0,0,NaN,0,726546,726618,HPB,64,1992-06-10 08:30:00,1992-06-11 20:30:00,NaN,1992,6,10,6,1992,6,11,18,1,6
51_33,30.005,2.67,34,0,0,NaN,0,726787,726854,HPB,64,1992-06-15 09:00:00,1992-06-16 18:30:00,NaN,1992,6,15,12,1992,6,16,18,1,6
52_33,35.77,2.49,65,17,44,NaN,0,749241,749370,HPB,64,1993-09-26 04:00:00,1993-09-28 20:30:00,NaN,1993,9,26,6,1993,9,28,18,2,9
53_33,25.405,1.29,113.5,0,31.5,NaN,0,767090,767316,HPB,64,1994-10-03 00:30:00,1994-10-07 17:30:00,NaN,1994,10,3,0,1994,10,7,18,2,4
54_33,35.535,2.67,64.5,0,0,NaN,0,779717,779845,HPB,64,1995-06-23 02:00:00,1995-06-25 18:00:00,NaN,1995,6,23,0,1995,6,25,18,3,9
55_33,25.61,1.6,82.5,0,0,NaN,0,801281,801445,HPB,64,1996-09-14 08:00:00,1996-09-17 18:00:00,NaN,1996,9,14,6,1996,9,17,18,2,8
56_33,32.34,4.81,37.5,0,0,NaN,0,816077,816151,HPB,64,1997-07-19 14:00:00,1997-07-21 03:00:00,NaN,1997,7,19,12,1997,7,21,6,1,6
57_33,25.955,3.06,30,0,0,NaN,0,834275,834334,HPB,64,1998-08-02 17:00:00,1998-08-03 22:30:00,NaN,1998,8,2,18,1998,8,4,0,1,6
58_33,32.635,3.87,64.5,0,59,NaN,0,853135,853263,HPB,64,1999-08-30 15:00:00,1999-09-02 07:00:00,NaN,1999,8,30,18,1999,9,2,6,1,5
59_33,26.03,2.63,33,0,0,NaN,0,869975,870040,HPB,64,2000-08-15 11:00:00,2000-08-16 19:30:00,NaN,2000,8,15,12,2000,8,16,18,3,5
60_33,65.26,5.7,61.5,21.5,39.5,NaN,0,870159,870281,HPB,64,2000-08-19 07:00:00,2000-08-21 20:00:00,NaN,2000,8,19,6,2000,8,21,18,3,5
61_33,21.85,1.48,49,23.5,25.5,NaN,0,890356,890453,HPB,64,2001-10-14 01:30:00,2001-10-16 02:00:00,NaN,2001,10,14,0,2001,10,16,0,3,2
62_33,30.495,3.66,110.5,0,0,NaN,0,890704,890924,HPB,64,2001-10-21 07:30:00,2001-10-25 21:30:00,NaN,2001,10,21,6,2001,10,26,0,3,2
63_33,27.38,3.13,51,0,0,NaN,0,927032,927133,HPB,64,2003-11-17 03:30:00,2003-11-19 06:00:00,NaN,2003,11,17,6,2003,11,19,6,1,7
64_30,35.35,3.32,78.5,0,0,NaN,0,938503,938659,HPB,64,2004-07-13 03:00:00,2004-07-16 09:00:00,NaN,2004,7,13,6,2004,7,16,12,3,3
65_29,22.29,1.77,39,0,9.5,NaN,0,959119,959196,HPB,64,2005-09-15 15:00:00,2005-09-17 05:30:00,NaN,2005,9,15,18,2005,9,17,6,2,8
66_25,26.8,1.97,66.5,0,0,NaN,0,975698,975830,HPB,64,2006-08-27 00:30:00,2006-08-29 18:30:00,NaN,2006,8,27,0,2006,8,29,18,1,5
67_25,36.51,4.57,37,20,26.5,NaN,0,976294,976367,HPB,64,2006-09-08 10:30:00,2006-09-09 23:00:00,NaN,2006,9,8,12,2006,9,10,0,1,5
68_21,48.67,3.85,64,0,0,NaN,0,996882,997009,HPB,64,2007-11-11 08:30:00,2007-11-14 00:00:00,NaN,2007,11,11,6,2007,11,14,0,3,6
69_13,68.6,5.39,87,0,17,NaN,0,1011164,1011337,HPB,64,2008-09-03 21:30:00,2008-09-07 12:00:00,NaN,2008,9,4,0,2008,9,7,12,3,9
70_10,83.335,8.07,54,0,0,NaN,0,1029142,1029249,HPB,64,2009-09-13 10:30:00,2009-09-15 16:00:00,NaN,2009,9,13,12,2009,9,15,18,3,6
71_9,31.75,6.93,33,0,0,NaN,0,1046331,1046396,HPB,64,2010-09-06 13:00:00,2010-09-07 21:30:00,NaN,2010,9,6,12,2010,9,8,0,1,6
1_34,53.87,3.96,24,0,0,NaN,0,11325,11372,HPB,65,1951-08-24 22:00:00,1951-08-25 21:30:00,NaN,1951,8,25,0,1951,8,26,0,3,5
2_34,46.69,3.91,84,3.5,31.5,NaN,0,11427,11594,HPB,65,1951-08-27 01:00:00,1951-08-30 12:30:00,NaN,1951,8,27,0,1951,8,30,12,3,5
3_34,27.23,3.55,25,15.5,9.5,NaN,0,11640,11689,HPB,65,1951-08-31 11:30:00,1951-09-01 12:00:00,NaN,1951,8,31,12,1951,9,1,12,3,5
4_34,29.45,1.06,81.5,0,34.5,NaN,0,31601,31763,HPB,65,1952-10-20 08:00:00,1952-10-23 17:00:00,NaN,1952,10,20,6,1952,10,23,18,2,8
5_34,24.895,2.4,23,0,0,NaN,0,49825,49870,HPB,65,1953-11-04 00:00:00,1953-11-04 22:30:00,NaN,1953,11,4,0,1953,11,5,0,3,2
6_34,23.34,2.46,56.5,0,0,NaN,0,67901,68013,HPB,65,1954-11-15 14:00:00,1954-11-17 22:00:00,NaN,1954,11,15,12,1954,11,18,0,1,8
7_34,25.345,3.93,62.5,0,0,NaN,0,68273,68397,HPB,65,1954-11-23 08:00:00,1954-11-25 22:00:00,NaN,1954,11,23,6,1954,11,26,0,1,8
8_34,57.335,2.35,76,13,42,NaN,0,83016,83167,HPB,65,1955-09-26 11:30:00,1955-09-29 15:00:00,NaN,1955,9,26,12,1955,9,29,18,2,9
9_34,29.61,2.25,73.5,26,44,NaN,0,102258,102404,HPB,65,1956-10-31 08:30:00,1956-11-03 09:30:00,NaN,1956,10,31,6,1956,11,3,12,3,9
10_34,36.365,4.1,38.5,0,10,NaN,0,118815,118891,HPB,65,1957-10-11 07:00:00,1957-10-12 21:00:00,NaN,1957,10,11,6,1957,10,13,0,3,2
11_34,42.835,3.6,37,0,0,NaN,0,136242,136315,HPB,65,1958-10-09 08:30:00,1958-10-10 21:00:00,NaN,1958,10,9,6,1958,10,11,0,3,5
12_34,25.95,5.12,62,0,0,NaN,0,151895,152018,HPB,65,1959-08-31 11:00:00,1959-09-03 00:30:00,NaN,1959,8,31,12,1959,9,3,0,1,6
13_34,52.505,4.97,47,0,0,NaN,0,167373,167466,HPB,65,1960-07-18 22:00:00,1960-07-20 20:30:00,NaN,1960,7,19,0,1960,7,20,18,3,1
14_34,25.07,1.86,39,0,11.5,NaN,0,189834,189911,HPB,65,1961-10-29 20:30:00,1961-10-31 11:00:00,NaN,1961,10,29,18,1961,10,31,12,2,9
15_34,22.7,2.62,19.5,0,0,NaN,0,189929,189967,HPB,65,1961-10-31 20:00:00,1961-11-01 15:00:00,NaN,1961,10,31,18,1961,11,1,18,2,9
16_34,46.105,5.04,34.5,15.5,19,NaN,0,204756,204824,HPB,65,1962-09-05 17:30:00,1962-09-07 03:30:00,NaN,1962,9,5,18,1962,9,7,6,1,5
17_34,41.34,3.66,76,0,0,NaN,0,225527,225678,HPB,65,1963-11-12 11:00:00,1963-11-15 14:30:00,NaN,1963,11,12,12,1963,11,15,12,3,5
18_34,91.81,5.08,88.5,0,0,NaN,0,238841,239017,HPB,65,1964-08-15 20:00:00,1964-08-19 12:00:00,NaN,1964,8,15,18,1964,8,19,12,2,1
19_34,62.03,6.41,57,29,28,NaN,0,255675,255788,HPB,65,1965-08-01 13:00:00,1965-08-03 21:30:00,NaN,1965,8,1,12,1965,8,4,0,3,8
20_34,33.81,2.14,79,0,0,NaN,0,273494,273651,HPB,65,1966-08-07 18:30:00,1966-08-11 01:00:00,NaN,1966,8,7,18,1966,8,11,0,2,3
21_34,25.625,3.74,35.5,0,0,NaN,0,292229,292299,HPB,65,1967-09-02 02:00:00,1967-09-03 13:00:00,NaN,1967,9,2,0,1967,9,3,12,2,8
22_34,45.175,3.13,76.5,20.5,64,NaN,0,292379,292531,HPB,65,1967-09-05 05:00:00,1967-09-08 09:00:00,NaN,1967,9,5,6,1967,9,8,12,2,8
23_34,41.595,3.05,59.5,0,0,NaN,0,292738,292856,HPB,65,1967-09-12 16:30:00,1967-09-15 03:30:00,NaN,1967,9,12,18,1967,9,15,6,2,8
24_34,63.06,7.43,32,13,19,NaN,0,308787,308850,HPB,65,1968-08-12 01:00:00,1968-08-13 08:30:00,NaN,1968,8,12,0,1968,8,13,6,1,6
25_34,41.835,5.07,41.5,17,24.5,NaN,0,327570,327652,HPB,65,1969-09-07 08:30:00,1969-09-09 01:30:00,NaN,1969,9,7,6,1969,9,9,0,3,6
26_34,26.27,3.43,35.5,0,7.5,NaN,0,345431,345501,HPB,65,1970-09-14 11:00:00,1970-09-15 22:00:00,NaN,1970,9,14,12,1970,9,16,0,2,2
27_34,23.9,5.46,27.5,0,0,NaN,0,362984,363038,HPB,65,1971-09-15 03:30:00,1971-09-16 06:30:00,NaN,1971,9,15,6,1971,9,16,6,2,9
28_34,43.155,2.99,69.5,13,57.5,NaN,0,363054,363192,HPB,65,1971-09-16 14:30:00,1971-09-19 11:30:00,NaN,1971,9,16,12,1971,9,19,12,2,9
29_34,23.97,2.06,92,0,0,NaN,0,378994,379177,HPB,65,1972-08-13 16:30:00,1972-08-17 12:00:00,NaN,1972,8,13,18,1972,8,17,12,1,9
30_34,55.385,6.7,81.5,16.5,31.5,NaN,0,379192,379354,HPB,65,1972-08-17 19:30:00,1972-08-21 04:30:00,NaN,1972,8,17,18,1972,8,21,6,1,9
31_34,35.67,2.59,72,0,0,NaN,0,395867,396010,HPB,65,1973-07-31 05:00:00,1973-08-03 04:30:00,NaN,1973,7,31,6,1973,8,3,6,2,5
32_34,71.275,4.76,92.5,0,73,NaN,0,415149,415333,HPB,65,1974-09-05 22:00:00,1974-09-09 18:00:00,NaN,1974,9,6,0,1974,9,9,18,2,6
33_34,28.04,2.62,31,0,0,NaN,0,433622,433683,HPB,65,1975-09-25 18:30:00,1975-09-27 01:00:00,NaN,1975,9,25,18,1975,9,27,0,3,2
34_34,31.23,1.95,70,0,0,NaN,0,452048,452187,HPB,65,1976-10-13 15:30:00,1976-10-16 13:00:00,NaN,1976,10,13,18,1976,10,16,12,3,4
35_34,58.15,4.55,53.5,23.5,30,NaN,0,468726,468832,HPB,65,1977-09-26 02:30:00,1977-09-28 07:30:00,NaN,1977,9,26,0,1977,9,28,6,3,6
36_34,22.56,1.91,42,0,0,NaN,0,482647,482730,HPB,65,1978-07-13 03:00:00,1978-07-14 20:30:00,NaN,1978,7,13,6,1978,7,14,18,3,1
37_34,46.055,3.91,34.5,0,0,NaN,0,482981,483049,HPB,65,1978-07-20 02:00:00,1978-07-21 12:00:00,NaN,1978,7,20,0,1978,7,21,12,3,1
38_34,27.44,1.29,87.5,0,0,NaN,0,500324,500498,HPB,65,1979-07-16 09:30:00,1979-07-20 00:30:00,NaN,1979,7,16,12,1979,7,20,0,2,6
39_34,56.875,2.13,104,0,0,NaN,0,520416,520623,HPB,65,1980-09-06 23:30:00,1980-09-11 07:00:00,NaN,1980,9,7,0,1980,9,11,6,2,9
40_34,21.7,1.4,46,0,0,NaN,0,533920,534011,HPB,65,1981-06-15 07:30:00,1981-06-17 05:00:00,NaN,1981,6,15,6,1981,6,17,6,2,6
41_34,38.005,3.85,55.5,0,0,NaN,0,557584,557694,HPB,65,1982-10-21 07:30:00,1982-10-23 14:30:00,NaN,1982,10,21,6,1982,10,23,12,1,8
42_34,27.92,7.36,15.5,0,0,NaN,0,572226,572256,HPB,65,1983-08-22 08:30:00,1983-08-22 23:30:00,NaN,1983,8,22,6,1983,8,23,0,1,9
43_34,119.25,3.7,142,11,66,NaN,0,588460,588743,HPB,65,1984-07-25 13:30:00,1984-07-31 11:00:00,NaN,1984,7,25,12,1984,7,31,12,2,9
44_34,47,1.81,67.5,0,0,NaN,0,609103,609237,HPB,65,1985-09-28 15:00:00,1985-10-01 10:00:00,NaN,1985,9,28,18,1985,10,1,12,2,6
45_34,37.48,4.97,37.5,0,24.5,NaN,0,625885,625959,HPB,65,1986-09-13 06:00:00,1986-09-14 19:00:00,NaN,1986,9,13,6,1986,9,14,18,1,7
46_34,37.015,4.97,86.5,0,0,NaN,0,645214,645386,HPB,65,1987-10-20 22:30:00,1987-10-24 12:30:00,NaN,1987,10,21,0,1987,10,24,12,1,8
47_34,21.195,0.95,51,0,0,NaN,0,681311,681412,HPB,65,1989-11-10 23:00:00,1989-11-13 01:30:00,NaN,1989,11,11,0,1989,11,13,0,3,6
48_34,44.615,4.59,114,0,0,NaN,0,681470,681697,HPB,65,1989-11-14 06:30:00,1989-11-19 00:00:00,NaN,1989,11,14,6,1989,11,19,0,3,6
49_34,26.835,3.02,44.5,0,18.5,NaN,0,694700,694788,HPB,65,1990-08-16 21:30:00,1990-08-18 17:30:00,NaN,1990,8,17,0,1990,8,18,18,1,3
50_34,83.745,5.72,91.5,0,0,NaN,0,729731,729913,HPB,65,1992-08-15 17:00:00,1992-08-19 12:00:00,NaN,1992,8,15,18,1992,8,19,12,2,5
51_34,36.915,5.36,70,0,0,NaN,0,746728,746867,HPB,65,1993-08-04 19:30:00,1993-08-07 17:00:00,NaN,1993,8,4,18,1993,8,7,18,1,6
52_34,87.58,4.54,93.5,0,13,NaN,0,765313,765499,HPB,65,1994-08-27 00:00:00,1994-08-30 21:00:00,NaN,1994,8,27,0,1994,8,31,0,2,7
53_34,69.925,4.82,110.5,0,1.5,NaN,0,782772,782992,HPB,65,1995-08-25 17:30:00,1995-08-30 07:30:00,NaN,1995,8,25,18,1995,8,30,6,2,5
54_34,30.715,1.17,90.5,0,0,NaN,0,798962,799142,HPB,65,1996-07-28 00:30:00,1996-07-31 18:30:00,NaN,1996,7,28,0,1996,7,31,18,2,1
55_34,48.455,5.42,38,15,23,NaN,0,816724,816799,HPB,65,1997-08-02 01:30:00,1997-08-03 15:00:00,NaN,1997,8,2,0,1997,8,3,18,1,9
56_34,28.11,2.64,22,12,31.5,NaN,0,816847,816890,HPB,65,1997-08-04 15:00:00,1997-08-05 12:30:00,NaN,1997,8,4,18,1997,8,5,12,1,9
57_34,25.735,1.95,51.5,0,0,NaN,0,836889,836991,HPB,65,1998-09-26 04:00:00,1998-09-28 07:00:00,NaN,1998,9,26,6,1998,9,28,6,2,4
58_34,43.075,3.58,24,0,0,NaN,0,852918,852965,HPB,65,1999-08-26 02:30:00,1999-08-27 02:00:00,NaN,1999,8,26,0,1999,8,27,0,3,5
59_34,70.265,5.72,57.5,12,29.5,NaN,0,870738,870852,HPB,65,2000-08-31 08:30:00,2000-09-02 17:30:00,NaN,2000,8,31,6,2000,9,2,18,2,5
60_34,26.19,2.17,36.5,17,19.5,NaN,0,888096,888168,HPB,65,2001-08-27 23:30:00,2001-08-29 11:30:00,NaN,2001,8,28,0,2001,8,29,12,2,5
61_34,27.555,3.36,37.5,0,0,NaN,0,888230,888304,HPB,65,2001-08-30 18:30:00,2001-09-01 07:30:00,NaN,2001,8,30,18,2001,9,1,6,2,5
62_34,35.27,2.34,44,13,28.5,NaN,0,888325,888412,HPB,65,2001-09-01 18:00:00,2001-09-03 13:30:00,NaN,2001,9,1,18,2001,9,3,12,2,5
63_34,65.35,3.24,109,0,0,NaN,0,907729,907946,HPB,65,2002-10-11 00:00:00,2002-10-15 12:30:00,NaN,2002,10,11,0,2002,10,15,12,2,8
64_31,52.105,6.69,56,34,45.5,NaN,0,922919,923030,HPB,65,2003-08-23 11:00:00,2003-08-25 18:30:00,NaN,2003,8,23,12,2003,8,25,18,1,9
65_30,42.695,4.68,24.5,0,0,NaN,0,939782,939830,HPB,65,2004-08-08 18:30:00,2004-08-09 18:30:00,NaN,2004,8,8,18,2004,8,9,18,1,2
66_26,29.595,3.83,61,0,0,NaN,0,957598,957719,HPB,65,2005-08-14 22:30:00,2005-08-17 11:00:00,NaN,2005,8,15,0,2005,8,17,12,2,3
67_26,21.945,2.6,20.5,0,0,NaN,0,976991,977031,HPB,65,2006-09-22 23:00:00,2006-09-23 19:00:00,NaN,2006,9,23,0,2006,9,23,18,2,8
68_22,99.13,6.93,101,15.5,30,NaN,0,977344,977545,HPB,65,2006-09-30 07:30:00,2006-10-04 12:00:00,NaN,2006,9,30,6,2006,10,4,12,2,8
69_14,33.325,5.56,48.5,24,22.5,NaN,0,993965,994061,HPB,65,2007-09-11 14:00:00,2007-09-13 14:00:00,NaN,2007,9,11,12,2007,9,13,12,1,10
70_11,47.08,5.7,71.5,0,0,NaN,0,1010533,1010675,HPB,65,2008-08-21 18:00:00,2008-08-24 17:00:00,NaN,2008,8,21,18,2008,8,24,18,1,6
71_10,37.765,3.03,52,0,0,NaN,0,1027800,1027903,HPB,65,2009-08-16 11:30:00,2009-08-18 15:00:00,NaN,2009,8,16,12,2009,8,18,18,2,3
72_7,51.33,6.73,52.5,21.5,31,NaN,0,1046527,1046631,HPB,65,2010-09-10 15:00:00,2010-09-12 19:00:00,NaN,2010,9,10,18,2010,9,12,18,1,8
1_35,38.025,2.79,99,0,32,NaN,0,11938,12135,HPB,66,1951-09-06 16:30:00,1951-09-10 19:00:00,NaN,1951,9,6,18,1951,9,10,18,1,2
2_35,47.065,6.03,33,0,0,NaN,0,12308,12373,HPB,66,1951-09-14 09:30:00,1951-09-15 18:00:00,NaN,1951,9,14,12,1951,9,15,18,1,2
3_35,63.45,5.35,71.5,0,0,NaN,0,28107,28249,HPB,66,1952-08-08 13:00:00,1952-08-11 12:00:00,NaN,1952,8,8,12,1952,8,11,12,2,5
4_35,50.325,7.51,31,20,11,NaN,0,47721,47782,HPB,66,1953-09-21 04:00:00,1953-09-22 10:30:00,NaN,1953,9,21,6,1953,9,22,12,1,9
5_35,42.915,3.35,36.5,3.5,33,NaN,0,65721,65793,HPB,66,1954-10-01 04:00:00,1954-10-02 16:00:00,NaN,1954,10,1,6,1954,10,2,18,2,8
6_35,87.755,8.45,77.5,16.5,72,NaN,0,81943,82097,HPB,66,1955-09-04 03:00:00,1955-09-07 08:00:00,NaN,1955,9,4,6,1955,9,7,6,2,8
7_35,28.485,3.98,53.5,50.5,3,NaN,0,97538,97644,HPB,66,1956-07-25 00:30:00,1956-07-27 05:30:00,NaN,1956,7,25,0,1956,7,27,6,1,9
8_35,25.305,3.7,26,0,0,NaN,0,98031,98082,HPB,66,1956-08-04 07:00:00,1956-08-05 08:30:00,NaN,1956,8,4,6,1956,8,5,6,1,9
9_35,23.225,5.31,24.5,0,0,NaN,0,116704,116752,HPB,66,1957-08-28 07:30:00,1957-08-29 07:30:00,NaN,1957,8,28,6,1957,8,29,6,2,8
10_35,20.17,1.82,101.5,0,0,NaN,0,137577,137779,HPB,66,1958-11-06 04:00:00,1958-11-10 09:00:00,NaN,1958,11,6,6,1958,11,10,12,2,4
11_35,46.56,2.6,77,0,0,NaN,0,150699,150852,HPB,66,1959-08-06 13:00:00,1959-08-09 17:30:00,NaN,1959,8,6,12,1959,8,9,18,2,3
12_35,41.685,4.17,75,0,0,NaN,0,168626,168775,HPB,66,1960-08-14 00:30:00,1960-08-17 03:00:00,NaN,1960,8,14,0,1960,8,17,6,2,7
13_35,23.315,3.59,19,0,0,NaN,0,187607,187644,HPB,66,1961-09-13 11:00:00,1961-09-14 05:30:00,NaN,1961,9,13,12,1961,9,14,6,1,9
14_35,53.315,6.41,42.5,14,28.5,NaN,0,187869,187953,HPB,66,1961-09-18 22:00:00,1961-09-20 16:00:00,NaN,1961,9,19,0,1961,9,20,18,1,9
15_35,22.15,1.5,65,0,0,NaN,0,201379,201508,HPB,66,1962-06-27 09:00:00,1962-06-30 01:30:00,NaN,1962,6,27,12,1962,6,30,0,2,9
16_35,76.055,7.31,116.5,0,0,NaN,0,221412,221644,HPB,66,1963-08-18 17:30:00,1963-08-23 13:30:00,NaN,1963,8,18,18,1963,8,23,12,3,8
17_35,142.06,9.71,101.5,14.5,72,NaN,0,237669,237871,HPB,66,1964-07-22 10:00:00,1964-07-26 15:00:00,NaN,1964,7,22,12,1964,7,26,18,2,6
18_35,43.47,3.48,28.5,0,0,NaN,0,258569,258625,HPB,66,1965-09-30 20:00:00,1965-10-02 00:00:00,NaN,1965,9,30,18,1965,10,2,0,1,9
19_35,91.98,8.29,53.5,0,8,NaN,0,258845,258951,HPB,66,1965-10-06 14:00:00,1965-10-08 19:00:00,NaN,1965,10,6,12,1965,10,8,18,1,9
20_35,37.755,4.09,71.5,0,0,NaN,0,277852,277994,HPB,66,1966-11-06 13:30:00,1966-11-09 12:30:00,NaN,1966,11,6,12,1966,11,9,12,1,2
21_35,50.38,3.4,55,13,40,NaN,0,289770,289879,HPB,66,1967-07-12 20:30:00,1967-07-15 03:00:00,NaN,1967,7,12,18,1967,7,15,6,2,6
22_35,51.29,1.89,102,0,0,NaN,0,308097,308300,HPB,66,1968-07-28 16:00:00,1968-08-01 21:30:00,NaN,1968,7,28,18,1968,8,2,0,2,10
23_35,31.85,3.51,33,0,0,NaN,0,326627,326692,HPB,66,1969-08-18 17:00:00,1969-08-20 01:30:00,NaN,1969,8,18,18,1969,8,20,0,3,8
24_35,30.465,2.21,66,32,34,NaN,0,326706,326837,HPB,66,1969-08-20 08:30:00,1969-08-23 02:00:00,NaN,1969,8,20,6,1969,8,23,0,3,8
25_35,35.31,3.75,109,0,0,NaN,0,348168,348385,HPB,66,1970-11-10 11:30:00,1970-11-15 00:00:00,NaN,1970,11,10,12,1970,11,15,0,1,4
26_35,30.46,2.17,68,0,0,NaN,0,363480,363615,HPB,66,1971-09-25 11:30:00,1971-09-28 07:00:00,NaN,1971,9,25,12,1971,9,28,6,2,2
27_35,20.755,2.51,58.5,0,0,NaN,0,376219,376335,HPB,66,1972-06-16 21:00:00,1972-06-19 07:00:00,NaN,1972,6,17,0,1972,6,19,6,2,5
28_35,28.415,2.78,89.5,0,0,NaN,0,393659,393837,HPB,66,1973-06-15 05:00:00,1973-06-18 22:00:00,NaN,1973,6,15,6,1973,6,19,0,2,6
29_35,66.84,7.45,38,0,0,NaN,0,416018,416093,HPB,66,1974-09-24 00:30:00,1974-09-25 14:00:00,NaN,1974,9,24,0,1974,9,25,12,1,9
30_35,44.295,2.35,82.5,0,0,NaN,0,435041,435205,HPB,66,1975-10-25 08:00:00,1975-10-28 18:00:00,NaN,1975,10,25,6,1975,10,28,18,2,6
31_35,27.215,3.83,60,0,0,NaN,0,446498,446617,HPB,66,1976-06-20 00:30:00,1976-06-22 12:00:00,NaN,1976,6,20,0,1976,6,22,12,1,6
32_35,37.905,1.81,66.5,0,47.5,NaN,0,467549,467681,HPB,66,1977-09-01 14:00:00,1977-09-04 08:00:00,NaN,1977,9,1,12,1977,9,4,6,2,8
33_35,56.075,4.46,117.5,0,0,NaN,0,501834,502068,HPB,66,1979-08-16 20:30:00,1979-08-21 17:30:00,NaN,1979,8,16,18,1979,8,21,18,3,2
34_35,39.455,3.28,76.5,0,0,NaN,0,523711,523863,HPB,66,1980-11-14 15:00:00,1980-11-17 19:00:00,NaN,1980,11,14,18,1980,11,17,18,2,6
35_35,52.35,2.11,118.5,0,0,NaN,0,537002,537238,HPB,66,1981-08-18 12:30:00,1981-08-23 10:30:00,NaN,1981,8,18,12,1981,8,23,12,1,9
36_35,50.145,6.57,61,37,24,NaN,0,537324,537445,HPB,66,1981-08-25 05:30:00,1981-08-27 18:00:00,NaN,1981,8,25,6,1981,8,27,18,1,9
37_35,22.435,2.4,51.5,0,0,NaN,0,573298,573400,HPB,66,1983-09-13 16:30:00,1983-09-15 19:30:00,NaN,1983,9,13,18,1983,9,15,18,3,7
38_35,28.43,2.75,27,0,0,NaN,0,573594,573647,HPB,66,1983-09-19 20:30:00,1983-09-20 23:00:00,NaN,1983,9,19,18,1983,9,21,0,3,7
39_35,28.785,2.32,34,5,22,NaN,0,573732,573799,HPB,66,1983-09-22 17:30:00,1983-09-24 03:00:00,NaN,1983,9,22,18,1983,9,24,6,3,7
40_35,24.755,2.58,100,0,0,NaN,0,593924,594123,HPB,66,1984-11-16 09:30:00,1984-11-20 13:00:00,NaN,1984,11,16,12,1984,11,20,12,3,2
41_35,26.99,1.65,72.5,0,0,NaN,0,606188,606332,HPB,66,1985-07-29 21:30:00,1985-08-01 21:30:00,NaN,1985,7,30,0,1985,8,2,0,2,5
42_35,45.69,1.5,140,0,0,NaN,0,606487,606766,HPB,66,1985-08-05 03:00:00,1985-08-10 22:30:00,NaN,1985,8,5,6,1985,8,11,0,2,5
43_35,30.175,5.59,28.5,0,0,NaN,0,625727,625783,HPB,66,1986-09-09 23:00:00,1986-09-11 03:00:00,NaN,1986,9,10,0,1986,9,11,6,3,6
44_35,27.59,2.84,26.5,0,0,NaN,0,626087,626139,HPB,66,1986-09-17 11:00:00,1986-09-18 13:00:00,NaN,1986,9,17,12,1986,9,18,12,3,6
45_35,32.03,2.37,78,0,4.5,NaN,0,643939,644094,HPB,66,1987-09-24 09:00:00,1987-09-27 14:30:00,NaN,1987,9,24,12,1987,9,27,12,3,6
46_35,31.205,2.79,79.5,0,0,NaN,0,644428,644586,HPB,66,1987-10-04 13:30:00,1987-10-07 20:30:00,NaN,1987,10,4,12,1987,10,7,18,3,6
47_35,46.075,1.66,92,30.5,30,NaN,0,661950,662133,HPB,66,1988-10-03 14:30:00,1988-10-07 10:00:00,NaN,1988,10,3,12,1988,10,7,12,2,9
48_35,49.055,3.8,31,0,0,NaN,0,681487,681548,HPB,66,1989-11-14 15:00:00,1989-11-15 21:30:00,NaN,1989,11,14,18,1989,11,16,0,3,5
49_35,32.95,2.39,39.5,0,0,NaN,0,693976,694054,HPB,66,1990-08-01 19:30:00,1990-08-03 10:30:00,NaN,1990,8,1,18,1990,8,3,12,2,8
50_35,24.845,2.2,29,17.5,11.5,NaN,0,711726,711783,HPB,66,1991-08-06 14:30:00,1991-08-07 19:00:00,NaN,1991,8,6,12,1991,8,7,18,2,9
51_35,47.465,2.75,37,0,0,NaN,0,712101,712174,HPB,66,1991-08-14 10:00:00,1991-08-15 22:30:00,NaN,1991,8,14,12,1991,8,16,0,2,9
52_35,23.38,3.21,33.5,31.5,2,NaN,0,730232,730298,HPB,66,1992-08-26 03:30:00,1992-08-27 12:30:00,NaN,1992,8,26,6,1992,8,27,12,1,10
53_35,25.635,2.11,45.5,0,0,NaN,0,748274,748364,HPB,66,1993-09-06 00:30:00,1993-09-07 21:30:00,NaN,1993,9,6,0,1993,9,8,0,3,10
54_35,67.035,2.87,90.5,18.5,30.5,NaN,0,763476,763656,HPB,66,1994-07-19 17:30:00,1994-07-23 11:30:00,NaN,1994,7,19,18,1994,7,23,12,2,6
55_35,60.54,7.83,77,31,32,NaN,0,781075,781228,HPB,66,1995-07-21 09:00:00,1995-07-24 13:30:00,NaN,1995,7,21,12,1995,7,24,12,3,8
56_35,39.64,5.15,115,0,0,NaN,0,803580,803809,HPB,66,1996-11-01 05:30:00,1996-11-06 00:00:00,NaN,1996,11,1,6,1996,11,6,0,1,4
57_35,24.31,2.19,32,0,0,NaN,0,819948,820011,HPB,66,1997-10-08 05:30:00,1997-10-09 13:00:00,NaN,1997,10,8,6,1997,10,9,12,3,2
58_35,28.555,3.12,85.5,0,0,NaN,0,839453,839623,HPB,66,1998-11-18 14:00:00,1998-11-22 03:00:00,NaN,1998,11,18,12,1998,11,22,6,1,4
59_35,48.33,4.37,72,0,0,NaN,0,856424,856567,HPB,66,1999-11-07 03:30:00,1999-11-10 03:00:00,NaN,1999,11,7,6,1999,11,10,6,3,2
60_35,25.92,3.39,96.5,0,0,NaN,0,872294,872486,HPB,66,2000-10-02 18:30:00,2000-10-06 18:30:00,NaN,2000,10,2,18,2000,10,6,18,1,8
61_35,53.245,9.22,106.5,0,0,NaN,0,872662,872874,HPB,66,2000-10-10 10:30:00,2000-10-14 20:30:00,NaN,2000,10,10,12,2000,10,14,18,1,8
62_35,57.005,3.35,56,9,34,NaN,0,888210,888321,HPB,66,2001-08-30 08:30:00,2001-09-01 16:00:00,NaN,2001,8,30,6,2001,9,1,18,2,8
63_35,57.675,3.88,46,0,0,NaN,0,888443,888534,HPB,66,2001-09-04 05:00:00,2001-09-06 02:30:00,NaN,2001,9,4,6,2001,9,6,0,2,8
64_32,30.22,3.37,33.5,0,0,NaN,0,919868,919934,HPB,66,2003-06-20 21:30:00,2003-06-22 06:30:00,NaN,2003,6,21,0,2003,6,22,6,1,8
65_31,50.235,4.02,71,29.5,24.5,NaN,0,940826,940967,HPB,66,2004-08-30 12:30:00,2004-09-02 11:00:00,NaN,2004,8,30,12,2004,9,2,12,2,1
66_27,31.325,2.65,30.5,0,0,NaN,0,975230,975290,HPB,66,2006-08-17 06:30:00,2006-08-18 12:30:00,NaN,2006,8,17,6,2006,8,18,12,3,7
67_27,41.06,5.1,26.5,0,0,NaN,0,993560,993612,HPB,66,2007-09-03 03:30:00,2007-09-04 05:30:00,NaN,2007,9,3,6,2007,9,4,6,1,2
68_23,37.2,3.8,76.5,0,0,NaN,0,1015237,1015389,HPB,66,2008-11-27 18:00:00,2008-11-30 22:00:00,NaN,2008,11,27,18,2008,12,1,0,3,8
69_15,26.675,3.67,19.5,0,0,NaN,0,1027655,1027693,HPB,66,2009-08-13 11:00:00,2009-08-14 06:00:00,NaN,2009,8,13,12,2009,8,14,6,1,1
1_36,39.76,2.74,104,62.5,13,NaN,0,8239,8446,HPB,67,1951-06-21 15:00:00,1951-06-25 22:30:00,NaN,1951,6,21,18,1951,6,26,0,3,9
2_36,42.515,2.75,56,0,0,NaN,0,31882,31993,HPB,67,1952-10-26 04:30:00,1952-10-28 12:00:00,NaN,1952,10,26,6,1952,10,28,12,3,8
3_36,44.935,1.69,78.5,23,53,NaN,0,48026,48182,HPB,67,1953-09-27 12:30:00,1953-09-30 18:30:00,NaN,1953,9,27,12,1953,9,30,18,2,8
4_36,36.43,3.6,38,0,0,NaN,0,63514,63589,HPB,67,1954-08-16 04:30:00,1954-08-17 18:00:00,NaN,1954,8,16,6,1954,8,17,18,1,10
5_36,25.315,0.92,67,31.5,39.5,NaN,0,95435,95568,HPB,67,1956-06-11 05:00:00,1956-06-13 23:30:00,NaN,1956,6,11,6,1956,6,14,0,2,6
6_36,34.285,3.89,38.5,0,24,NaN,0,118389,118465,HPB,67,1957-10-02 10:00:00,1957-10-04 00:00:00,NaN,1957,10,2,12,1957,10,4,0,1,2
7_36,31.58,3.85,47.5,0,0,NaN,0,135968,136062,HPB,67,1958-10-03 15:30:00,1958-10-05 14:30:00,NaN,1958,10,3,18,1958,10,5,12,1,2
8_36,28.295,5.03,21.5,0,0,NaN,0,136335,136377,HPB,67,1958-10-11 07:00:00,1958-10-12 04:00:00,NaN,1958,10,11,6,1958,10,12,6,1,2
9_36,24.92,4.27,52,0,24,NaN,0,150208,150311,HPB,67,1959-07-27 07:30:00,1959-07-29 11:00:00,NaN,1959,7,27,6,1959,7,29,12,1,6
10_36,43.955,2.23,109.5,0,36,NaN,0,189047,189265,HPB,67,1961-10-13 11:00:00,1961-10-18 00:00:00,NaN,1961,10,13,12,1961,10,18,0,2,8
11_36,56.675,5.28,65,0,49.5,NaN,0,204259,204388,HPB,67,1962-08-26 09:00:00,1962-08-29 01:30:00,NaN,1962,8,26,12,1962,8,29,0,2,6
12_36,21.985,1.31,28.5,0,0,NaN,0,222781,222837,HPB,67,1963-09-16 06:00:00,1963-09-17 10:00:00,NaN,1963,9,16,6,1963,9,17,12,1,9
13_36,88.39,11.56,79,21,58,NaN,0,223147,223304,HPB,67,1963-09-23 21:00:00,1963-09-27 03:30:00,NaN,1963,9,24,0,1963,9,27,6,1,9
14_36,21.73,4.3,47.5,0,0,NaN,0,243818,243912,HPB,67,1964-11-27 12:30:00,1964-11-29 11:30:00,NaN,1964,11,27,12,1964,11,29,12,1,8
15_36,135.29,6.54,107,35.5,59.5,NaN,0,256012,256225,HPB,67,1965-08-08 13:30:00,1965-08-13 00:00:00,NaN,1965,8,8,12,1965,8,13,0,2,6
16_36,52.835,3.98,60,0,0,NaN,0,277557,277676,HPB,67,1966-10-31 10:00:00,1966-11-02 21:30:00,NaN,1966,10,31,12,1966,11,3,0,3,6
17_36,46.39,4.17,49,20.5,28.5,NaN,0,292338,292435,HPB,67,1967-09-04 08:30:00,1967-09-06 09:00:00,NaN,1967,9,4,6,1967,9,6,12,3,8
18_36,32.36,2.66,21.5,0,21.5,NaN,0,310178,310220,HPB,67,1968-09-10 00:30:00,1968-09-10 21:30:00,NaN,1968,9,10,0,1968,9,11,0,2,1
19_36,65.305,3.18,91.5,0,45,NaN,0,310657,310839,HPB,67,1968-09-20 00:00:00,1968-09-23 19:00:00,NaN,1968,9,20,0,1968,9,23,18,2,1
20_36,21.155,1.58,37.5,0,0,NaN,0,325403,325477,HPB,67,1969-07-24 05:00:00,1969-07-25 18:00:00,NaN,1969,7,24,6,1969,7,25,18,2,1
21_36,25.15,2.52,55,0,0,NaN,0,344794,344903,HPB,67,1970-09-01 04:30:00,1970-09-03 11:00:00,NaN,1970,9,1,6,1970,9,3,12,2,5
22_36,85.55,6.9,49.5,17.5,32,NaN,0,345309,345407,HPB,67,1970-09-11 22:00:00,1970-09-13 23:00:00,NaN,1970,9,12,0,1970,9,14,0,2,5
23_36,30.895,1.64,40.5,0,21,NaN,0,363898,363978,HPB,67,1971-10-04 04:30:00,1971-10-05 20:30:00,NaN,1971,10,4,6,1971,10,5,18,2,2
24_36,73.43,4.34,96,0,0,NaN,0,379620,379811,HPB,67,1972-08-26 17:30:00,1972-08-30 17:00:00,NaN,1972,8,26,18,1972,8,30,18,2,9
25_36,26.155,2.72,23.5,0,0,NaN,0,379942,379988,HPB,67,1972-09-02 10:30:00,1972-09-03 09:30:00,NaN,1972,9,2,12,1972,9,3,12,2,9
26_36,54.17,5.64,59.5,18.5,26,NaN,0,380001,380119,HPB,67,1972-09-03 16:00:00,1972-09-06 03:00:00,NaN,1972,9,3,18,1972,9,6,6,2,9
27_36,43.555,3.48,54,0,53.5,NaN,0,399254,399361,HPB,67,1973-10-09 18:30:00,1973-10-12 00:00:00,NaN,1973,10,9,18,1973,10,12,0,3,10
28_36,34.595,6,73.5,0,0,NaN,0,417684,417830,HPB,67,1974-10-28 17:30:00,1974-10-31 18:30:00,NaN,1974,10,28,18,1974,10,31,18,1,8
29_36,23.09,1.5,41,0,0,NaN,0,435110,435191,HPB,67,1975-10-26 18:30:00,1975-10-28 11:00:00,NaN,1975,10,26,18,1975,10,28,12,1,8
30_36,38.095,4.76,117.5,0,0,NaN,0,435415,435649,HPB,67,1975-11-02 03:00:00,1975-11-07 00:00:00,NaN,1975,11,2,6,1975,11,7,0,1,8
31_36,36.55,1.92,62.5,0,0,NaN,0,451309,451433,HPB,67,1976-09-28 06:00:00,1976-09-30 20:00:00,NaN,1976,9,28,6,1976,9,30,18,2,10
32_36,107.98,11.06,39.5,0,9,NaN,0,486164,486242,HPB,67,1978-09-24 09:30:00,1978-09-26 00:30:00,NaN,1978,9,24,12,1978,9,26,0,3,8
33_36,21.595,2.62,52.5,27.5,25,NaN,0,501841,501945,HPB,67,1979-08-17 00:00:00,1979-08-19 04:00:00,NaN,1979,8,17,0,1979,8,19,6,2,9
34_36,56.275,3.49,54.5,0,0,NaN,0,502325,502433,HPB,67,1979-08-27 02:00:00,1979-08-29 08:00:00,NaN,1979,8,27,0,1979,8,29,6,2,9
35_36,24.575,2.45,25,25,0,NaN,0,518068,518117,HPB,67,1980-07-20 01:30:00,1980-07-21 02:00:00,NaN,1980,7,20,0,1980,7,21,0,1,5
36_36,21.25,1.99,49.5,0,0,NaN,0,541528,541626,HPB,67,1981-11-20 19:30:00,1981-11-22 20:30:00,NaN,1981,11,20,18,1981,11,22,18,3,5
37_36,30.105,3.48,28.5,17.5,11,NaN,0,555065,555121,HPB,67,1982-08-29 20:00:00,1982-08-31 00:00:00,NaN,1982,8,29,18,1982,8,31,0,3,9
38_36,55.925,3.91,43,0,0,NaN,0,574779,574864,HPB,67,1983-10-14 13:00:00,1983-10-16 07:30:00,NaN,1983,10,14,12,1983,10,16,6,2,6
39_36,46.39,2.2,56.5,33.5,23,NaN,0,590105,590217,HPB,67,1984-08-28 20:00:00,1984-08-31 04:00:00,NaN,1984,8,28,18,1984,8,31,6,2,6
40_36,29.56,3.35,84,0,0,NaN,0,611971,612138,HPB,67,1985-11-27 09:00:00,1985-11-30 20:30:00,NaN,1985,11,27,12,1985,11,30,18,1,4
41_36,30.415,5.27,23,0,0,NaN,0,642991,643036,HPB,67,1987-09-04 15:00:00,1987-09-05 13:30:00,NaN,1987,9,4,18,1987,9,5,12,3,8
42_36,20.69,2.58,16.5,0,0,NaN,0,643113,643145,HPB,67,1987-09-07 04:00:00,1987-09-07 20:00:00,NaN,1987,9,7,6,1987,9,7,18,3,8
43_36,21.89,1.04,67,0,0.5,NaN,0,660133,660266,HPB,67,1988-08-26 18:00:00,1988-08-29 12:30:00,NaN,1988,8,26,18,1988,8,29,12,1,1
44_36,40.085,10.13,48.5,0,34,NaN,0,660302,660398,HPB,67,1988-08-30 06:30:00,1988-09-01 06:30:00,NaN,1988,8,30,6,1988,9,1,6,1,1
45_36,22.945,2.84,65,0,0,NaN,0,677431,677560,HPB,67,1989-08-22 03:00:00,1989-08-24 19:30:00,NaN,1989,8,22,6,1989,8,24,18,1,1
46_36,27.735,2.27,38,0,0,NaN,0,696124,696199,HPB,67,1990-09-15 13:30:00,1990-09-17 03:00:00,NaN,1990,9,15,12,1990,9,17,6,2,2
47_36,45.79,2.8,66.5,0,9,NaN,0,696414,696546,HPB,67,1990-09-21 14:30:00,1990-09-24 08:30:00,NaN,1990,9,21,12,1990,9,24,6,2,2
48_36,26.71,2.76,65,48,17,NaN,0,711706,711835,HPB,67,1991-08-06 04:30:00,1991-08-08 21:00:00,NaN,1991,8,6,6,1991,8,9,0,1,6
49_36,39.35,6.15,25.5,0,0,NaN,0,711947,711997,HPB,67,1991-08-11 05:00:00,1991-08-12 06:00:00,NaN,1991,8,11,6,1991,8,12,6,1,6
50_36,72.09,5.51,71,34,32,NaN,0,728730,728871,HPB,67,1992-07-25 20:30:00,1992-07-28 19:00:00,NaN,1992,7,25,18,1992,7,28,18,2,6
51_36,44.4,3.45,39,0,30,NaN,0,749061,749138,HPB,67,1993-09-22 10:00:00,1993-09-24 00:30:00,NaN,1993,9,22,12,1993,9,24,0,2,6
52_36,62.565,4.16,57.5,0,0,NaN,0,765339,765453,HPB,67,1994-08-27 13:00:00,1994-08-29 22:00:00,NaN,1994,8,27,12,1994,8,30,0,2,5
53_36,27.975,4.24,53,0,0.5,NaN,0,781316,781421,HPB,67,1995-07-26 09:30:00,1995-07-28 14:00:00,NaN,1995,7,26,12,1995,7,28,12,2,5
54_36,82.045,5.87,110.5,37.5,66.5,NaN,0,781550,781770,HPB,67,1995-07-31 06:30:00,1995-08-04 20:30:00,NaN,1995,7,31,6,1995,8,4,18,2,5
55_36,60.445,5.5,66.5,0,0,NaN,0,801598,801730,HPB,67,1996-09-20 22:30:00,1996-09-23 16:30:00,NaN,1996,9,21,0,1996,9,23,18,3,9
56_36,30.2,1.9,48.5,28.5,20,NaN,0,818509,818605,HPB,67,1997-09-08 06:00:00,1997-09-10 06:00:00,NaN,1997,9,8,6,1997,9,10,6,3,9
57_36,60.335,5.61,69,20,49,NaN,0,837251,837388,HPB,67,1998-10-03 17:00:00,1998-10-06 13:30:00,NaN,1998,10,3,18,1998,10,6,12,3,8
58_36,23.675,4.18,30,0,0,NaN,0,851769,851828,HPB,67,1999-08-02 04:00:00,1999-08-03 09:30:00,NaN,1999,8,2,6,1999,8,3,12,1,9
59_36,30.395,5.06,21.5,17,4.5,NaN,0,852045,852087,HPB,67,1999-08-07 22:00:00,1999-08-08 19:00:00,NaN,1999,8,8,0,1999,8,8,18,1,9
60_36,38.045,2.53,53,0,0,NaN,0,867894,867999,HPB,67,2000-07-03 02:30:00,2000-07-05 07:00:00,NaN,2000,7,3,0,2000,7,5,6,3,9
61_36,25.565,2.31,32.5,0,0,NaN,0,885238,885302,HPB,67,2001-06-29 10:30:00,2001-06-30 18:30:00,NaN,2001,6,29,12,2001,6,30,18,3,5
62_36,33.98,5.2,95.5,21.5,54,NaN,0,904313,904503,HPB,67,2002-07-31 20:00:00,2002-08-04 19:00:00,NaN,2002,7,31,18,2002,8,4,18,1,8
63_36,58.11,2.7,63,0,52,NaN,0,925038,925163,HPB,67,2003-10-06 14:30:00,2003-10-09 05:00:00,NaN,2003,10,6,12,2003,10,9,6,2,8
64_33,40.3,4.37,79,32.5,28,NaN,0,941218,941375,HPB,67,2004-09-07 16:30:00,2004-09-10 23:00:00,NaN,2004,9,7,18,2004,9,11,0,3,9
65_32,66.42,5.51,97.5,0,19,NaN,0,961133,961327,HPB,67,2005-10-27 14:00:00,2005-10-31 15:00:00,NaN,2005,10,27,12,2005,10,31,18,3,2
66_28,22.94,4.69,16.5,0,0,NaN,0,975753,975785,HPB,67,2006-08-28 04:00:00,2006-08-28 20:00:00,NaN,2006,8,28,6,2006,8,28,18,1,3
67_28,43.12,9.03,39.5,0,0,NaN,0,992707,992785,HPB,67,2007-08-16 09:00:00,2007-08-18 00:00:00,NaN,2007,8,16,12,2007,8,18,0,1,5
68_24,57.77,2.97,69,0,0,NaN,0,1012455,1012592,HPB,67,2008-09-30 19:00:00,2008-10-03 15:30:00,NaN,2008,9,30,18,2008,10,3,18,2,9
69_16,118.385,7.94,56,0,43.5,NaN,0,1027707,1027818,HPB,67,2009-08-14 13:00:00,2009-08-16 20:30:00,NaN,2009,8,14,12,2009,8,16,18,2,6
70_12,20.96,4.57,43,0,0,NaN,0,1046229,1046314,HPB,67,2010-09-04 10:00:00,2010-09-06 04:30:00,NaN,2010,9,4,12,2010,9,6,6,1,7
71_11,22.405,3.42,37,0,0,NaN,0,1046351,1046424,HPB,67,2010-09-06 23:00:00,2010-09-08 11:30:00,NaN,2010,9,7,0,2010,9,8,12,1,7
1_37,64.05,4.63,92.5,9.5,81,NaN,0,12334,12518,HPB,68,1951-09-14 22:30:00,1951-09-18 18:30:00,NaN,1951,9,15,0,1951,9,18,18,2,9
2_37,98.57,4.16,141.5,21,120.5,NaN,0,27604,27886,HPB,68,1952-07-29 01:30:00,1952-08-03 22:30:00,NaN,1952,7,29,0,1952,8,4,0,2,8
3_37,63.565,4.56,51,0,17.5,NaN,0,47583,47684,HPB,68,1953-09-18 07:00:00,1953-09-20 09:30:00,NaN,1953,9,18,6,1953,9,20,12,3,9
4_37,32.105,5.82,39.5,0,0,NaN,0,63938,64016,HPB,68,1954-08-25 00:30:00,1954-08-26 15:30:00,NaN,1954,8,25,0,1954,8,26,18,2,5
5_37,70.205,2.95,64,0,0,NaN,0,64445,64572,HPB,68,1954-09-04 14:00:00,1954-09-07 05:30:00,NaN,1954,9,4,12,1954,9,7,6,2,5
6_37,38.195,2.98,69.5,0,0,NaN,0,80705,80843,HPB,68,1955-08-09 08:00:00,1955-08-12 05:00:00,NaN,1955,8,9,6,1955,8,12,6,3,10
7_37,20.82,4.29,15.5,0,0,NaN,0,102339,102369,HPB,68,1956-11-02 01:00:00,1956-11-02 16:00:00,NaN,1956,11,2,0,1956,11,2,18,1,7
8_37,28.835,2.29,45,0,0,NaN,0,115755,115844,HPB,68,1957-08-08 13:00:00,1957-08-10 09:30:00,NaN,1957,8,8,12,1957,8,10,12,2,10
9_37,33.185,5.82,39,17,22,NaN,0,134627,134704,HPB,68,1958-09-05 17:00:00,1958-09-07 07:30:00,NaN,1958,9,5,18,1958,9,7,6,3,2
10_37,36.265,3.83,34.5,0,0,NaN,0,135108,135176,HPB,68,1958-09-15 17:30:00,1958-09-17 03:30:00,NaN,1958,9,15,18,1958,9,17,6,3,2
11_37,22.14,1.97,24.5,0,0,NaN,0,152306,152354,HPB,68,1959-09-09 00:30:00,1959-09-10 00:30:00,NaN,1959,9,9,0,1959,9,10,0,2,6
12_37,45.665,1.69,78,0,0,NaN,0,152534,152689,HPB,68,1959-09-13 18:30:00,1959-09-17 00:00:00,NaN,1959,9,13,18,1959,9,17,0,2,6
13_37,42.955,3.47,37.5,0,0,NaN,0,170578,170652,HPB,68,1960-09-23 16:30:00,1960-09-25 05:30:00,NaN,1960,9,23,18,1960,9,25,6,3,8
14_37,20.27,2.1,18.5,0,0,NaN,0,185954,185990,HPB,68,1961-08-10 00:30:00,1961-08-10 18:30:00,NaN,1961,8,10,0,1961,8,10,18,1,8
15_37,29.455,3.73,28,0,0,NaN,0,186479,186534,HPB,68,1961-08-20 23:00:00,1961-08-22 02:30:00,NaN,1961,8,21,0,1961,8,22,0,1,8
16_37,34.97,3.65,33.5,0,25,NaN,0,205577,205643,HPB,68,1962-09-22 20:00:00,1962-09-24 05:00:00,NaN,1962,9,22,18,1962,9,24,6,3,8
17_37,31.87,4.34,50,0,0,NaN,0,221067,221166,HPB,68,1963-08-11 13:00:00,1963-08-13 14:30:00,NaN,1963,8,11,12,1963,8,13,12,1,2
18_37,53.86,5.84,97,14,31,NaN,0,221240,221433,HPB,68,1963-08-15 03:30:00,1963-08-19 04:00:00,NaN,1963,8,15,6,1963,8,19,6,1,2
19_37,53.01,7.29,75.5,22,21.5,NaN,0,239190,239340,HPB,68,1964-08-23 02:30:00,1964-08-26 05:30:00,NaN,1964,8,23,0,1964,8,26,6,1,6
20_37,47.065,6.21,37.5,27.5,10,NaN,0,256301,256375,HPB,68,1965-08-14 14:00:00,1965-08-16 03:00:00,NaN,1965,8,14,12,1965,8,16,6,1,7
21_37,62.005,5.42,56,0,0,NaN,0,274394,274505,HPB,68,1966-08-26 12:30:00,1966-08-28 20:00:00,NaN,1966,8,26,12,1966,8,28,18,3,8
22_37,21.415,4.44,12.5,0,0,NaN,0,291327,291351,HPB,68,1967-08-14 07:00:00,1967-08-14 19:00:00,NaN,1967,8,14,6,1967,8,14,18,1,2
23_37,34.99,2.42,40,0,0,NaN,0,311011,311090,HPB,68,1968-09-27 09:00:00,1968-09-29 00:30:00,NaN,1968,9,27,12,1968,9,29,0,2,6
24_37,43.05,1.29,105.5,0,103,NaN,0,329598,329808,HPB,68,1969-10-19 14:30:00,1969-10-23 23:30:00,NaN,1969,10,19,12,1969,10,24,0,2,9
25_37,37.66,2.02,53.5,15,29,NaN,0,360182,360288,HPB,68,1971-07-18 18:30:00,1971-07-20 23:30:00,NaN,1971,7,18,18,1971,7,21,0,2,1
26_37,26.47,4.92,24.5,0,0,NaN,0,360491,360539,HPB,68,1971-07-25 05:00:00,1971-07-26 05:00:00,NaN,1971,7,25,6,1971,7,26,6,2,1
27_37,51.05,3.58,89,0,0,NaN,0,400675,400852,HPB,68,1973-11-08 09:00:00,1973-11-12 01:30:00,NaN,1973,11,8,12,1973,11,12,0,2,1
28_37,42.065,3.55,50,34.5,15.5,NaN,0,430930,431029,HPB,68,1975-07-31 16:30:00,1975-08-02 18:00:00,NaN,1975,7,31,18,1975,8,2,18,3,7
29_37,54.955,5.02,55,0,0,NaN,0,448824,448933,HPB,68,1976-08-07 11:30:00,1976-08-09 18:00:00,NaN,1976,8,7,12,1976,8,9,18,2,6
30_37,37.115,5.26,36,1,9.5,NaN,0,471113,471184,HPB,68,1977-11-14 20:00:00,1977-11-16 07:30:00,NaN,1977,11,14,18,1977,11,16,6,1,6
31_37,52.925,2.55,54.5,0,7,NaN,0,487147,487255,HPB,68,1978-10-14 21:00:00,1978-10-17 03:00:00,NaN,1978,10,15,0,1978,10,17,6,2,6
32_37,55.005,2.48,75,0,0,NaN,0,503315,503464,HPB,68,1979-09-16 17:00:00,1979-09-19 19:30:00,NaN,1979,9,16,18,1979,9,19,18,2,8
33_37,52.925,3.78,100.5,0,0,NaN,0,517929,518129,HPB,68,1980-07-17 04:00:00,1980-07-21 08:00:00,NaN,1980,7,17,6,1980,7,21,6,2,6
34_37,27.51,3.34,79.5,0,0,NaN,0,537899,538057,HPB,68,1981-09-06 05:00:00,1981-09-09 12:00:00,NaN,1981,9,6,6,1981,9,9,12,1,7
35_37,22.325,1.58,39.5,0,0,NaN,0,555938,556016,HPB,68,1982-09-17 00:30:00,1982-09-18 15:30:00,NaN,1982,9,17,0,1982,9,18,18,2,5
36_37,23.925,3.07,21.5,15.5,6,NaN,0,556438,556480,HPB,68,1982-09-27 10:30:00,1982-09-28 07:30:00,NaN,1982,9,27,12,1982,9,28,6,2,5
37_37,28.19,4.86,21,0,30.5,NaN,0,556524,556565,HPB,68,1982-09-29 05:30:00,1982-09-30 02:00:00,NaN,1982,9,29,6,1982,9,30,0,2,5
38_37,46.235,2.24,83,0,0,NaN,0,571205,571370,HPB,68,1983-08-01 02:00:00,1983-08-04 12:30:00,NaN,1983,8,1,0,1983,8,4,12,2,8
39_37,61.93,4.27,57,0,0,NaN,0,592184,592297,HPB,68,1984-10-11 03:30:00,1984-10-13 12:00:00,NaN,1984,10,11,6,1984,10,13,12,3,6
40_37,24.44,2.7,114,0,0,NaN,0,611088,611315,HPB,68,1985-11-08 23:30:00,1985-11-13 17:00:00,NaN,1985,11,9,0,1985,11,13,18,1,8
41_37,26.485,3.96,84,0,0,NaN,0,611455,611622,HPB,68,1985-11-16 15:00:00,1985-11-20 02:30:00,NaN,1985,11,16,18,1985,11,20,0,1,8
42_37,34.965,3.32,40.5,0,0,NaN,0,624457,624537,HPB,68,1986-08-14 12:00:00,1986-08-16 04:00:00,NaN,1986,8,14,12,1986,8,16,6,3,4
43_37,108.89,7.32,64.5,21,45,NaN,0,642261,642389,HPB,68,1987-08-20 10:00:00,1987-08-23 02:00:00,NaN,1987,8,20,12,1987,8,23,0,2,5
44_37,38.7,3.01,84,0,0,NaN,0,661915,662082,HPB,68,1988-10-02 21:00:00,1988-10-06 08:30:00,NaN,1988,10,3,0,1988,10,6,6,3,7
45_37,36.34,2.9,61,0,3.5,NaN,0,680188,680309,HPB,68,1989-10-18 13:30:00,1989-10-21 02:00:00,NaN,1989,10,18,12,1989,10,21,0,3,7
46_37,62.435,2.26,72,0,36.5,NaN,0,694304,694447,HPB,68,1990-08-08 15:30:00,1990-08-11 15:00:00,NaN,1990,8,8,18,1990,8,11,18,2,7
47_37,29.185,2.56,45.5,0,33.5,NaN,0,712156,712246,HPB,68,1991-08-15 13:30:00,1991-08-17 10:30:00,NaN,1991,8,15,12,1991,8,17,12,3,7
48_37,24.27,3.25,26.5,0,26.5,NaN,0,729768,729820,HPB,68,1992-08-16 11:30:00,1992-08-17 13:30:00,NaN,1992,8,16,12,1992,8,17,12,1,8
49_37,46.49,5.31,62,0,3,NaN,0,730008,730131,HPB,68,1992-08-21 11:30:00,1992-08-24 01:00:00,NaN,1992,8,21,12,1992,8,24,0,1,8
50_37,47.895,2.23,84.5,14.5,34,NaN,0,749690,749858,HPB,68,1993-10-05 12:30:00,1993-10-09 00:30:00,NaN,1993,10,5,12,1993,10,9,0,2,6
51_37,69.8,7.44,57.5,37,28.5,NaN,0,764601,764715,HPB,68,1994-08-12 04:00:00,1994-08-14 13:00:00,NaN,1994,8,12,6,1994,8,14,12,3,5
52_37,24.865,2.85,30.5,4.5,26,NaN,0,783447,783507,HPB,68,1995-09-08 19:00:00,1995-09-10 01:00:00,NaN,1995,9,8,18,1995,9,10,0,1,8
53_37,31.38,2.72,35,0,0,NaN,0,783577,783646,HPB,68,1995-09-11 12:00:00,1995-09-12 22:30:00,NaN,1995,9,11,12,1995,9,13,0,1,8
54_37,41.76,3.52,79,0,27,NaN,0,783742,783899,HPB,68,1995-09-14 22:30:00,1995-09-18 05:00:00,NaN,1995,9,15,0,1995,9,18,6,1,8
55_37,28.6,3.42,47,0,0,NaN,0,803834,803927,HPB,68,1996-11-06 12:30:00,1996-11-08 11:00:00,NaN,1996,11,6,12,1996,11,8,12,1,8
56_37,45.54,2.22,67,3,69,NaN,0,817979,818112,HPB,68,1997-08-28 05:00:00,1997-08-30 23:30:00,NaN,1997,8,28,6,1997,8,31,0,2,8
57_37,42.765,3.23,39.5,0,0,NaN,0,818402,818480,HPB,68,1997-09-06 00:30:00,1997-09-07 15:30:00,NaN,1997,9,6,0,1997,9,7,18,2,8
58_37,21.7,2.19,80.5,0,0,NaN,0,839505,839665,HPB,68,1998-11-19 16:00:00,1998-11-23 00:00:00,NaN,1998,11,19,18,1998,11,23,0,3,6
59_37,39.195,3.6,74,0,0,NaN,0,856704,856851,HPB,68,1999-11-12 23:30:00,1999-11-16 01:00:00,NaN,1999,11,13,0,1999,11,16,0,1,2
60_37,55.275,2.17,91,0,72.5,NaN,0,869437,869618,HPB,68,2000-08-04 06:00:00,2000-08-08 00:30:00,NaN,2000,8,4,6,2000,8,8,0,2,8
61_37,29.33,2.15,54.5,0,0,NaN,0,906449,906557,HPB,68,2002-09-14 08:00:00,2002-09-16 14:00:00,NaN,2002,9,14,6,2002,9,16,12,2,8
62_37,53.065,7.99,41.5,0,0,NaN,0,906578,906660,HPB,68,2002-09-17 00:30:00,2002-09-18 17:30:00,NaN,2002,9,17,0,2002,9,18,18,2,8
63_37,24.46,1.89,91.5,0,0,NaN,0,921720,921902,HPB,68,2003-07-29 11:30:00,2003-08-02 06:30:00,NaN,2003,7,29,12,2003,8,2,6,2,3
64_34,43.195,1.81,59.5,0,0,NaN,0,936452,936570,HPB,68,2004-05-31 09:30:00,2004-06-02 20:30:00,NaN,2004,5,31,12,2004,6,2,18,2,8
65_33,39.26,5.23,42,18,24,NaN,0,957804,957887,HPB,68,2005-08-19 05:30:00,2005-08-20 23:00:00,NaN,2005,8,19,6,2005,8,21,0,1,10
66_29,28.865,3.72,30.5,13.5,17,NaN,0,973892,973952,HPB,68,2006-07-20 09:30:00,2006-07-21 15:30:00,NaN,2006,7,20,12,2006,7,21,18,2,8
67_29,38.995,2.98,49,11.5,28,NaN,0,993679,993776,HPB,68,2007-09-05 15:00:00,2007-09-07 15:30:00,NaN,2007,9,5,18,2007,9,7,18,3,3
68_25,44.245,6.36,42.5,17,47,NaN,0,1010323,1010407,HPB,68,2008-08-17 09:00:00,2008-08-19 03:00:00,NaN,2008,8,17,12,2008,8,19,6,2,1
69_17,20.245,1.52,48.5,9.5,39,NaN,0,1028383,1028479,HPB,68,2009-08-28 15:00:00,2009-08-30 15:00:00,NaN,2009,8,28,18,2009,8,30,18,3,8
70_13,45.805,2.88,96.5,42.5,43,NaN,0,1028493,1028685,HPB,68,2009-08-30 22:00:00,2009-09-03 22:00:00,NaN,2009,8,31,0,2009,9,4,0,3,8
71_12,63.785,3.91,60.5,0,0,NaN,0,1045501,1045621,HPB,68,2010-08-20 06:00:00,2010-08-22 18:00:00,NaN,2010,8,20,6,2010,8,22,18,2,6
1_38,37.055,2.87,35,0,24,NaN,0,13442,13511,HPB,69,1951-10-08 00:30:00,1951-10-09 11:00:00,NaN,1951,10,8,0,1951,10,9,12,3,8
2_38,33.305,2.07,48.5,29.5,19,NaN,0,30790,30886,HPB,69,1952-10-03 10:30:00,1952-10-05 10:30:00,NaN,1952,10,3,12,1952,10,5,12,3,6
3_38,100.085,3.06,136.5,0,0,NaN,0,65228,65500,HPB,69,1954-09-20 21:30:00,1954-09-26 13:30:00,NaN,1954,9,21,0,1954,9,26,12,2,7
4_38,36.195,1.74,86.5,0,0,NaN,0,80307,80479,HPB,69,1955-08-01 01:00:00,1955-08-04 15:00:00,NaN,1955,8,1,0,1955,8,4,18,2,9
5_38,25.12,4.48,12,0,12,NaN,0,98306,98329,HPB,69,1956-08-10 00:30:00,1956-08-10 12:00:00,NaN,1956,8,10,0,1956,8,10,12,1,5
6_38,41.66,4.19,47.5,6.5,42.5,NaN,0,98810,98904,HPB,69,1956-08-20 12:30:00,1956-08-22 11:30:00,NaN,1956,8,20,12,1956,8,22,12,1,5
7_38,40.97,4.81,66,0,63,NaN,0,120077,120208,HPB,69,1957-11-06 14:00:00,1957-11-09 07:30:00,NaN,1957,11,6,12,1957,11,9,6,1,5
8_38,57.85,6.86,39.5,19.5,20,NaN,0,187980,188058,HPB,69,1961-09-21 05:30:00,1961-09-22 20:30:00,NaN,1961,9,21,6,1961,9,22,18,1,8
9_38,46.625,3.52,60,0,18.5,NaN,0,204957,205076,HPB,69,1962-09-09 22:00:00,1962-09-12 09:30:00,NaN,1962,9,10,0,1962,9,12,12,2,6
10_38,54.585,6.86,50.5,20,18.5,NaN,0,221826,221926,HPB,69,1963-08-27 08:30:00,1963-08-29 10:30:00,NaN,1963,8,27,6,1963,8,29,12,1,9
11_38,28.345,2.44,49,0,0,NaN,0,243101,243198,HPB,69,1964-11-12 14:00:00,1964-11-14 14:30:00,NaN,1964,11,12,12,1964,11,14,12,3,6
12_38,88.605,3.81,113,25.5,29.5,NaN,0,256590,256815,HPB,69,1965-08-20 14:30:00,1965-08-25 07:00:00,NaN,1965,8,20,12,1965,8,25,6,2,8
13_38,33.235,4.23,101.5,0,0,NaN,0,270276,270478,HPB,69,1966-06-01 17:30:00,1966-06-05 22:30:00,NaN,1966,6,1,18,1966,6,6,0,1,9
14_38,102.895,5.13,177.5,22,50.5,NaN,0,291663,292017,HPB,69,1967-08-21 07:00:00,1967-08-28 16:00:00,NaN,1967,8,21,6,1967,8,28,18,3,8
15_38,54.04,5.15,47,0,0,NaN,0,307873,307966,HPB,69,1968-07-24 00:00:00,1968-07-25 22:30:00,NaN,1968,7,24,0,1968,7,26,0,1,2
16_38,25.56,7.43,29.5,16,13.5,NaN,0,308405,308463,HPB,69,1968-08-04 02:00:00,1968-08-05 07:00:00,NaN,1968,8,4,0,1968,8,5,6,1,2
17_38,34.81,4,30,0,2.5,NaN,0,329656,329715,HPB,69,1969-10-20 19:30:00,1969-10-22 01:00:00,NaN,1969,10,20,18,1969,10,22,0,1,6
18_38,40.065,3.57,56,0,0,NaN,0,344112,344223,HPB,69,1970-08-17 23:30:00,1970-08-20 07:00:00,NaN,1970,8,18,0,1970,8,20,6,3,1
19_38,38.8,2.97,106,0,0,NaN,0,363966,364177,HPB,69,1971-10-05 14:30:00,1971-10-10 00:00:00,NaN,1971,10,5,12,1971,10,10,0,3,2
20_38,21.67,2,30.5,0,0,NaN,0,382351,382411,HPB,69,1972-10-22 15:00:00,1972-10-23 21:00:00,NaN,1972,10,22,18,1972,10,24,0,2,8
21_38,52.96,10.37,55.5,5,30,NaN,0,396947,397057,HPB,69,1973-08-22 17:00:00,1973-08-25 00:00:00,NaN,1973,8,22,18,1973,8,25,0,1,1
22_38,81.355,3.17,117.5,0,0,NaN,0,413287,413521,HPB,69,1974-07-29 03:00:00,1974-08-03 00:00:00,NaN,1974,7,29,6,1974,8,3,0,2,6
23_38,28.045,3.7,66,0,0,NaN,0,433631,433762,HPB,69,1975-09-25 23:00:00,1975-09-28 16:30:00,NaN,1975,9,26,0,1975,9,28,18,1,9
24_38,36.245,1.95,106.5,0,0,NaN,0,447735,447947,HPB,69,1976-07-15 19:00:00,1976-07-20 05:00:00,NaN,1976,7,15,18,1976,7,20,6,2,1
25_38,24.895,1.89,54.5,0,0,NaN,0,466100,466208,HPB,69,1977-08-02 09:30:00,1977-08-04 15:30:00,NaN,1977,8,2,12,1977,8,4,18,1,7
26_38,86.09,7.84,103,8.5,53,NaN,0,466477,466682,HPB,69,1977-08-10 06:00:00,1977-08-14 12:30:00,NaN,1977,8,10,6,1977,8,14,12,1,7
27_38,25.61,3.51,18.5,0,0,NaN,0,485527,485563,HPB,69,1978-09-11 03:00:00,1978-09-11 21:00:00,NaN,1978,9,11,6,1978,9,12,0,2,6
28_38,56.83,4.48,64.5,26,23,NaN,0,486037,486165,HPB,69,1978-09-21 18:00:00,1978-09-24 10:00:00,NaN,1978,9,21,18,1978,9,24,12,2,6
29_38,48.9,2.89,64,0,0,NaN,0,504627,504754,HPB,69,1979-10-14 01:00:00,1979-10-16 16:30:00,NaN,1979,10,14,0,1979,10,16,18,2,8
30_38,37.24,3.56,31,0,0,NaN,0,519914,519975,HPB,69,1980-08-27 12:30:00,1980-08-28 19:00:00,NaN,1980,8,27,12,1980,8,28,18,3,9
31_38,40.67,4.95,45.5,4,28.5,NaN,0,537776,537866,HPB,69,1981-09-03 15:30:00,1981-09-05 12:30:00,NaN,1981,9,3,18,1981,9,5,12,3,6
32_38,22.16,1.03,50.5,11,35,NaN,0,537915,538015,HPB,69,1981-09-06 13:00:00,1981-09-08 15:00:00,NaN,1981,9,6,12,1981,9,8,18,3,6
33_38,67.645,6.64,46.5,15,16.5,NaN,0,556235,556327,HPB,69,1982-09-23 05:00:00,1982-09-25 03:00:00,NaN,1982,9,23,6,1982,9,25,6,2,5
34_38,44.79,5.37,35,0,24.5,NaN,0,573554,573623,HPB,69,1983-09-19 00:30:00,1983-09-20 11:00:00,NaN,1983,9,19,0,1983,9,20,12,2,2
35_38,76.135,4.98,88,0,1,NaN,0,574055,574230,HPB,69,1983-09-29 11:00:00,1983-10-03 02:30:00,NaN,1983,9,29,12,1983,10,3,0,2,2
36_38,34.575,2.73,71,0,0,NaN,0,589433,589574,HPB,69,1984-08-14 20:00:00,1984-08-17 18:30:00,NaN,1984,8,14,18,1984,8,17,18,3,5
37_38,68.615,5.98,42.5,26,16.5,NaN,0,589943,590027,HPB,69,1984-08-25 11:00:00,1984-08-27 05:00:00,NaN,1984,8,25,12,1984,8,27,6,3,5
38_38,36.645,4.38,38.5,0,1.5,NaN,0,607713,607789,HPB,69,1985-08-30 16:00:00,1985-09-01 06:00:00,NaN,1985,8,30,18,1985,9,1,6,3,9
39_38,85.73,5.75,50.5,0,22,NaN,0,626231,626331,HPB,69,1986-09-20 11:00:00,1986-09-22 13:00:00,NaN,1986,9,20,12,1986,9,22,12,2,2
40_38,52.785,2.42,115,60.5,22,NaN,0,638757,638986,HPB,69,1987-06-08 10:00:00,1987-06-13 04:30:00,NaN,1987,6,8,12,1987,6,13,6,2,9
41_38,49.485,4.76,58.5,9.5,18,NaN,0,661534,661650,HPB,69,1988-09-24 22:30:00,1988-09-27 08:30:00,NaN,1988,9,25,0,1988,9,27,6,1,8
42_38,25.24,1.85,43,0,0,NaN,0,679220,679305,HPB,69,1989-09-28 09:30:00,1989-09-30 04:00:00,NaN,1989,9,28,12,1989,9,30,6,1,2
43_38,27.295,4.25,17,0,0,NaN,0,679698,679731,HPB,69,1989-10-08 08:30:00,1989-10-09 01:00:00,NaN,1989,10,8,6,1989,10,9,0,1,2
44_38,40.63,6.33,49,0,15.5,NaN,0,694052,694149,HPB,69,1990-08-03 09:30:00,1990-08-05 10:00:00,NaN,1990,8,3,12,1990,8,5,12,1,5
45_38,24.46,4.7,26,0,0,NaN,0,710337,710388,HPB,69,1991-07-08 16:00:00,1991-07-09 17:30:00,NaN,1991,7,8,18,1991,7,9,18,1,10
46_38,36.215,4,53.5,0,0,NaN,0,732668,732774,HPB,69,1992-10-15 21:30:00,1992-10-18 02:30:00,NaN,1992,10,16,0,1992,10,18,0,1,2
47_38,87.54,9.85,56,0,0,NaN,0,747493,747604,HPB,69,1993-08-20 18:00:00,1993-08-23 01:30:00,NaN,1993,8,20,18,1993,8,23,0,1,8
48_38,21.12,2.74,31.5,0,0,NaN,0,763913,763975,HPB,69,1994-07-28 20:00:00,1994-07-30 03:00:00,NaN,1994,7,28,18,1994,7,30,6,3,7
49_38,114.22,5.18,112.5,69,13.5,NaN,0,782033,782257,HPB,69,1995-08-10 08:00:00,1995-08-15 00:00:00,NaN,1995,8,10,6,1995,8,15,0,2,9
50_38,34.115,3.24,51,13.5,32.5,NaN,0,800260,800361,HPB,69,1996-08-24 01:30:00,1996-08-26 04:00:00,NaN,1996,8,24,0,1996,8,26,6,3,6
51_38,59.405,6.49,98.5,51,26.5,NaN,0,817923,818119,HPB,69,1997-08-27 01:00:00,1997-08-31 03:00:00,NaN,1997,8,27,0,1997,8,31,6,3,8
52_38,32.65,2.85,75.5,0,0,NaN,0,838651,838801,HPB,69,1998-11-01 21:00:00,1998-11-05 00:00:00,NaN,1998,11,2,0,1998,11,5,0,1,2
53_38,41.285,2.61,56,0,0,NaN,0,872488,872599,HPB,69,2000-10-06 19:30:00,2000-10-09 03:00:00,NaN,2000,10,6,18,2000,10,9,6,2,2
54_38,38.64,2.22,60,17.5,19,NaN,0,872618,872737,HPB,69,2000-10-09 12:30:00,2000-10-12 00:00:00,NaN,2000,10,9,12,2000,10,12,0,2,2
55_38,50.095,3.17,72.5,0,0,NaN,0,890169,890313,HPB,69,2001-10-10 04:00:00,2001-10-13 04:00:00,NaN,2001,10,10,6,2001,10,13,6,2,8
56_38,23.04,2.02,39,27.5,11.5,NaN,0,907682,907759,HPB,69,2002-10-10 00:30:00,2002-10-11 15:00:00,NaN,2002,10,10,0,2002,10,11,18,2,8
57_38,66.095,2.44,98.5,0,0,NaN,0,908140,908336,HPB,69,2002-10-19 13:30:00,2002-10-23 15:30:00,NaN,2002,10,19,12,2002,10,23,18,2,8
58_38,54.945,4.93,53,0,2.5,NaN,0,921537,921642,HPB,69,2003-07-25 16:00:00,2003-07-27 20:30:00,NaN,2003,7,25,18,2003,7,27,18,3,7
59_38,51.77,5.41,60,0,0,NaN,0,960269,960388,HPB,69,2005-10-09 14:00:00,2005-10-12 01:30:00,NaN,2005,10,9,12,2005,10,12,0,1,2
60_38,42.9,5.63,86,0,34,NaN,0,975941,976112,HPB,69,2006-09-01 02:00:00,2006-09-04 15:30:00,NaN,2006,9,1,0,2006,9,4,18,3,8
61_38,102.575,10.79,40,16.5,23.5,NaN,0,976390,976469,HPB,69,2006-09-10 10:30:00,2006-09-12 02:00:00,NaN,2006,9,10,12,2006,9,12,0,3,8
62_38,49.34,3.16,60.5,0,0,NaN,0,990241,990361,HPB,69,2007-06-26 00:00:00,2007-06-28 12:00:00,NaN,2007,6,26,0,2007,6,28,12,3,6
63_38,27.55,3.79,22,0,0,NaN,0,1012499,1012542,HPB,69,2008-10-01 17:00:00,2008-10-02 14:30:00,NaN,2008,10,1,18,2008,10,2,12,1,2
64_35,28.08,4.31,43.5,0,0,NaN,0,1012886,1012972,HPB,69,2008-10-09 18:30:00,2008-10-11 13:30:00,NaN,2008,10,9,18,2008,10,11,12,1,2
65_34,61.6,5.8,103.5,47,56.5,NaN,0,1027493,1027699,HPB,69,2009-08-10 02:00:00,2009-08-14 09:00:00,NaN,2009,8,10,0,2009,8,14,12,3,8
66_30,45.02,6.48,30,0,0,NaN,0,1045875,1045934,HPB,69,2010-08-28 01:00:00,2010-08-29 06:30:00,NaN,2010,8,28,0,2010,8,29,6,1,1
1_39,24.095,2.23,35.5,13.5,22,NaN,0,13556,13626,HPB,70,1951-10-10 09:30:00,1951-10-11 20:30:00,NaN,1951,10,10,12,1951,10,11,18,2,7
2_39,64.355,3.15,98,25.5,40.5,NaN,0,14011,14206,HPB,70,1951-10-19 21:00:00,1951-10-23 22:30:00,NaN,1951,10,20,0,1951,10,24,0,2,7
3_39,26.3,2.34,50.5,0,0,NaN,0,28526,28626,HPB,70,1952-08-17 06:30:00,1952-08-19 08:30:00,NaN,1952,8,17,6,1952,8,19,6,2,8
4_39,108.98,7.7,49.5,0,35,NaN,0,28648,28746,HPB,70,1952-08-19 19:30:00,1952-08-21 20:30:00,NaN,1952,8,19,18,1952,8,21,18,2,8
5_39,94.52,6.63,143.5,0,0,NaN,0,46212,46498,HPB,70,1953-08-20 17:30:00,1953-08-26 16:30:00,NaN,1953,8,20,18,1953,8,26,18,2,1
6_39,29.99,2.98,38,0,0,NaN,0,62473,62548,HPB,70,1954-07-25 12:00:00,1954-07-27 01:30:00,NaN,1954,7,25,12,1954,7,27,0,2,10
7_39,46.745,1.86,94.5,10,84.5,NaN,0,62942,63130,HPB,70,1954-08-04 06:30:00,1954-08-08 04:30:00,NaN,1954,8,4,6,1954,8,8,6,2,10
8_39,70.905,10.26,33.5,32,1.5,NaN,0,80820,80886,HPB,70,1955-08-11 17:30:00,1955-08-13 02:30:00,NaN,1955,8,11,18,1955,8,13,0,1,9
9_39,51.905,2.81,52,13.5,26,NaN,0,100601,100704,HPB,70,1956-09-26 20:00:00,1956-09-28 23:30:00,NaN,1956,9,26,18,1956,9,29,0,2,2
10_39,35.255,2.34,79.5,0,0,NaN,0,115742,115900,HPB,70,1957-08-08 06:30:00,1957-08-11 13:30:00,NaN,1957,8,8,6,1957,8,11,12,2,10
11_39,33.94,3.82,95,0,0,NaN,0,137027,137216,HPB,70,1958-10-25 17:00:00,1958-10-29 15:30:00,NaN,1958,10,25,18,1958,10,29,18,1,7
12_39,39.805,3.82,103,0,0,NaN,0,151873,152078,HPB,70,1959-08-31 00:00:00,1959-09-04 06:30:00,NaN,1959,8,31,0,1959,9,4,6,1,6
13_39,55.915,5.46,48,14.5,33.5,NaN,0,167998,168093,HPB,70,1960-07-31 22:30:00,1960-08-02 22:00:00,NaN,1960,8,1,0,1960,8,3,0,2,6
14_39,49.765,2.32,61,0,10,NaN,0,185774,185895,HPB,70,1961-08-06 06:30:00,1961-08-08 19:00:00,NaN,1961,8,6,6,1961,8,8,18,2,6
15_39,49.39,4.71,22.5,12,10.5,NaN,0,203733,203777,HPB,70,1962-08-15 10:00:00,1962-08-16 08:00:00,NaN,1962,8,15,12,1962,8,16,6,3,9
16_39,38.36,5.08,42.5,0,0,NaN,0,221794,221878,HPB,70,1963-08-26 16:30:00,1963-08-28 10:30:00,NaN,1963,8,26,18,1963,8,28,12,2,8
17_39,54.115,2.97,58.5,25.5,33,NaN,0,222146,222262,HPB,70,1963-09-03 00:30:00,1963-09-05 10:30:00,NaN,1963,9,3,0,1963,9,5,12,2,8
18_39,39.06,1.82,107.5,0,0,NaN,0,239595,239809,HPB,70,1964-08-31 13:00:00,1964-09-05 00:00:00,NaN,1964,8,31,12,1964,9,5,0,2,8
19_39,32.295,3.71,98,0,0,NaN,0,259895,260090,HPB,70,1965-10-28 11:00:00,1965-11-01 12:30:00,NaN,1965,10,28,12,1965,11,1,12,1,6
20_39,22.275,1.12,33.5,0,0,NaN,0,274639,274705,HPB,70,1966-08-31 15:00:00,1966-09-02 00:00:00,NaN,1966,8,31,18,1966,9,2,0,3,7
21_39,24.125,2,27.5,0,0,NaN,0,275025,275079,HPB,70,1966-09-08 16:00:00,1966-09-09 19:00:00,NaN,1966,9,8,18,1966,9,9,18,3,7
22_39,30.515,4.49,22.5,0,0,NaN,0,294361,294405,HPB,70,1967-10-16 12:00:00,1967-10-17 10:00:00,NaN,1967,10,16,12,1967,10,17,12,3,8
23_39,40.92,3.92,90.5,0,13,NaN,0,294803,294983,HPB,70,1967-10-25 17:00:00,1967-10-29 11:00:00,NaN,1967,10,25,18,1967,10,29,12,3,8
24_39,42.395,2.49,93,45,48,NaN,0,311523,311708,HPB,70,1968-10-08 01:00:00,1968-10-11 21:30:00,NaN,1968,10,8,0,1968,10,12,0,2,5
25_39,110.06,3.64,125,0,0,NaN,0,326765,327014,HPB,70,1969-08-21 14:00:00,1969-08-26 18:30:00,NaN,1969,8,21,12,1969,8,26,18,2,6
26_39,20.07,3.16,32,0,32,NaN,0,362216,362279,HPB,70,1971-08-30 03:30:00,1971-08-31 11:00:00,NaN,1971,8,30,6,1971,8,31,12,2,9
27_39,39.82,5.91,29,0,0,NaN,0,362417,362474,HPB,70,1971-09-03 08:00:00,1971-09-04 12:30:00,NaN,1971,9,3,6,1971,9,4,12,2,9
28_39,36.16,4.5,31.5,18.5,13,NaN,0,362515,362577,HPB,70,1971-09-05 09:00:00,1971-09-06 16:00:00,NaN,1971,9,5,12,1971,9,6,18,2,9
29_39,24.4,3.82,32.5,0,0,NaN,0,381917,381981,HPB,70,1972-10-13 14:00:00,1972-10-14 22:00:00,NaN,1972,10,13,12,1972,10,15,0,3,8
30_39,34.125,3.97,85,0,0,NaN,0,400148,400317,HPB,70,1973-10-28 09:30:00,1973-10-31 22:00:00,NaN,1973,10,28,12,1973,11,1,0,1,8
31_39,27.715,1.47,45,0,0,NaN,0,411751,411840,HPB,70,1974-06-27 03:00:00,1974-06-28 23:30:00,NaN,1974,6,27,6,1974,6,29,0,2,6
32_39,23.595,3.1,17.5,9.5,8,NaN,0,434499,434533,HPB,70,1975-10-14 01:00:00,1975-10-14 18:00:00,NaN,1975,10,14,0,1975,10,14,18,3,9
33_39,36.81,3.92,32,0,0,NaN,0,434647,434710,HPB,70,1975-10-17 03:00:00,1975-10-18 10:30:00,NaN,1975,10,17,6,1975,10,18,12,3,9
34_39,60.31,6.87,81,0,0,NaN,0,451214,451375,HPB,70,1976-09-26 06:30:00,1976-09-29 15:00:00,NaN,1976,9,26,6,1976,9,29,18,1,9
35_39,31.38,2.81,28.5,0,0,NaN,0,466927,466983,HPB,70,1977-08-19 15:00:00,1977-08-20 19:00:00,NaN,1977,8,19,18,1977,8,20,18,3,7
36_39,32.53,2.11,57.5,0,0,NaN,0,484900,485014,HPB,70,1978-08-29 01:30:00,1978-08-31 10:30:00,NaN,1978,8,29,0,1978,8,31,12,3,1
37_39,36.05,1.86,68,0,54.5,NaN,0,501896,502031,HPB,70,1979-08-18 03:30:00,1979-08-20 23:00:00,NaN,1979,8,18,6,1979,8,21,0,2,7
38_39,31.96,3.18,51.5,0,2.5,NaN,0,520905,521007,HPB,70,1980-09-17 04:00:00,1980-09-19 07:00:00,NaN,1980,9,17,6,1980,9,19,6,3,6
39_39,44.77,3.24,59,0,17,NaN,0,538165,538282,HPB,70,1981-09-11 18:00:00,1981-09-14 04:30:00,NaN,1981,9,11,18,1981,9,14,6,3,2
40_39,40.075,5.08,37,0,0,NaN,0,572458,572531,HPB,70,1983-08-27 04:30:00,1983-08-28 17:00:00,NaN,1983,8,27,6,1983,8,28,18,1,2
41_39,22.02,3.55,52,0,0,NaN,0,592846,592949,HPB,70,1984-10-24 22:30:00,1984-10-27 02:00:00,NaN,1984,10,25,0,1984,10,27,0,1,2
42_39,28.865,3.33,116.5,0,0,NaN,0,610377,610609,HPB,70,1985-10-25 04:00:00,1985-10-30 00:00:00,NaN,1985,10,25,6,1985,10,30,0,1,4
43_39,24.85,2.02,84.5,0,0,NaN,0,624530,624698,HPB,70,1986-08-16 00:30:00,1986-08-19 12:30:00,NaN,1986,8,16,0,1986,8,19,12,3,3
44_39,43.435,4.3,74,0,0,NaN,0,625044,625191,HPB,70,1986-08-26 17:30:00,1986-08-29 19:00:00,NaN,1986,8,26,18,1986,8,29,18,3,3
45_39,50.48,4.96,43,0,39.5,NaN,0,642560,642645,HPB,70,1987-08-26 15:30:00,1987-08-28 10:00:00,NaN,1987,8,26,18,1987,8,28,12,1,6
46_39,38.64,2.87,92,0,0,NaN,0,660255,660438,HPB,70,1988-08-29 07:00:00,1988-09-02 02:30:00,NaN,1988,8,29,6,1988,9,2,0,3,9
47_39,60.715,3.51,71,0,0,NaN,0,679065,679206,HPB,70,1989-09-25 04:00:00,1989-09-28 02:30:00,NaN,1989,9,25,6,1989,9,28,0,2,9
48_39,31.6,3.56,61.5,0,0,NaN,0,698608,698730,HPB,70,1990-11-06 07:30:00,1990-11-08 20:30:00,NaN,1990,11,6,6,1990,11,8,18,1,2
49_39,59.43,4.41,22.5,1.5,15.5,NaN,0,712864,712908,HPB,70,1991-08-30 07:30:00,1991-08-31 05:30:00,NaN,1991,8,30,6,1991,8,31,6,3,1
50_39,43.28,3.85,58,33,33,NaN,0,728439,728554,HPB,70,1992-07-19 19:00:00,1992-07-22 04:30:00,NaN,1992,7,19,18,1992,7,22,6,2,8
51_39,37.72,1.47,61,0,0,NaN,0,747938,748059,HPB,70,1993-08-30 00:30:00,1993-09-01 13:00:00,NaN,1993,8,30,0,1993,9,1,12,2,8
52_39,48.92,3.14,55.5,0,0,NaN,0,748449,748559,HPB,70,1993-09-09 16:00:00,1993-09-11 23:00:00,NaN,1993,9,9,18,1993,9,12,0,2,8
53_39,61.09,2.19,86.5,0,28.5,NaN,0,765317,765489,HPB,70,1994-08-27 02:00:00,1994-08-30 16:00:00,NaN,1994,8,27,0,1994,8,30,18,2,2
54_39,22.545,2.47,25,0,0,NaN,0,782968,783017,HPB,70,1995-08-29 19:30:00,1995-08-30 20:00:00,NaN,1995,8,29,18,1995,8,30,18,1,9
55_39,22.555,1.79,41.5,0,0,NaN,0,821303,821385,HPB,70,1997-11-05 11:00:00,1997-11-07 04:00:00,NaN,1997,11,5,12,1997,11,7,6,2,8
56_39,29.445,2.57,67.5,14,33,NaN,0,835084,835218,HPB,70,1998-08-19 13:30:00,1998-08-22 08:30:00,NaN,1998,8,19,12,1998,8,22,6,2,3
57_39,46.03,7.39,36,26,29,NaN,0,886823,886894,HPB,70,2001-08-01 11:00:00,2001-08-02 22:30:00,NaN,2001,8,1,12,2001,8,3,0,1,9
58_39,44.245,11.12,23.5,0,0,NaN,0,887103,887149,HPB,70,2001-08-07 07:00:00,2001-08-08 06:00:00,NaN,2001,8,7,6,2001,8,8,6,1,9
59_39,30.725,3.93,22.5,0,0,NaN,0,907639,907683,HPB,70,2002-10-09 03:00:00,2002-10-10 01:00:00,NaN,2002,10,9,6,2002,10,10,0,3,6
60_39,72.32,3.57,82,0,0,NaN,0,924914,925077,HPB,70,2003-10-04 00:30:00,2003-10-07 10:00:00,NaN,2003,10,4,0,2003,10,7,12,2,8
61_39,59.83,4.94,46,0,7,NaN,0,958512,958603,HPB,70,2005-09-02 23:30:00,2005-09-04 21:00:00,NaN,2005,9,3,0,2005,9,5,0,3,1
62_39,93.14,4.82,81.5,0,0,NaN,0,974608,974770,HPB,70,2006-08-04 07:30:00,2006-08-07 16:30:00,NaN,2006,8,4,6,2006,8,7,18,2,1
63_39,61.32,5.77,62.5,0,0,NaN,0,993996,994120,HPB,70,2007-09-12 05:30:00,2007-09-14 19:30:00,NaN,2007,9,12,6,2007,9,14,18,3,6
64_36,23.76,1.88,63.5,0,0,NaN,0,1008169,1008295,HPB,70,2008-07-03 12:00:00,2008-07-06 03:00:00,NaN,2008,7,3,12,2008,7,6,6,3,9
65_35,35.055,3.18,90.5,0,0,NaN,0,1008439,1008619,HPB,70,2008-07-09 03:00:00,2008-07-12 21:00:00,NaN,2008,7,9,6,2008,7,13,0,3,9
66_31,72.205,8.63,50,23,23,NaN,0,1028029,1028128,HPB,70,2009-08-21 06:00:00,2009-08-23 07:30:00,NaN,2009,8,21,6,2009,8,23,6,3,6
67_30,29.575,3.56,33.5,0,0,NaN,0,1048622,1048688,HPB,70,2010-10-24 06:30:00,2010-10-25 15:30:00,NaN,2010,10,24,6,2010,10,25,18,1,8
1_40,31.855,2.64,53.5,0,0,NaN,0,14655,14761,HPB,81,1951-11-02 07:00:00,1951-11-04 12:00:00,NaN,1951,11,2,6,1951,11,4,12,3,9
2_40,40.795,2.2,65.5,0,0,NaN,0,27462,27592,HPB,81,1952-07-26 02:30:00,1952-07-28 19:30:00,NaN,1952,7,26,0,1952,7,28,18,2,1
3_40,20.85,1.89,39,0,0,NaN,0,50122,50199,HPB,81,1953-11-10 04:30:00,1953-11-11 19:00:00,NaN,1953,11,10,6,1953,11,11,18,3,8
4_40,33.255,3.01,46.5,0,46.5,NaN,0,64851,64943,HPB,81,1954-09-13 01:00:00,1954-09-14 23:00:00,NaN,1954,9,13,0,1954,9,15,0,3,6
5_40,20.245,1.78,66,0,0,NaN,0,65082,65213,HPB,81,1954-09-17 20:30:00,1954-09-20 14:00:00,NaN,1954,9,17,18,1954,9,20,12,3,6
6_40,60.905,5.55,61.5,0,17,NaN,0,65276,65398,HPB,81,1954-09-21 21:30:00,1954-09-24 10:30:00,NaN,1954,9,22,0,1954,9,24,12,3,6
7_40,22.53,1.71,43.5,0,0,NaN,0,81257,81343,HPB,81,1955-08-20 20:00:00,1955-08-22 15:00:00,NaN,1955,8,20,18,1955,8,22,18,2,6
8_40,45.07,3.75,53,0,0,NaN,0,81576,81681,HPB,81,1955-08-27 11:30:00,1955-08-29 16:00:00,NaN,1955,8,27,12,1955,8,29,18,2,6
9_40,32.51,4.05,61,0,0,NaN,0,101264,101385,HPB,81,1956-10-10 15:30:00,1956-10-13 04:00:00,NaN,1956,10,10,18,1956,10,13,6,3,5
10_40,49.485,5.1,31.5,0,0,NaN,0,101520,101582,HPB,81,1956-10-15 23:30:00,1956-10-17 06:30:00,NaN,1956,10,16,0,1956,10,17,6,3,5
11_40,26.245,1.74,53,0,0,NaN,0,119938,120043,HPB,81,1957-11-03 16:30:00,1957-11-05 21:00:00,NaN,1957,11,3,18,1957,11,6,0,2,8
12_40,25.03,2.46,29.5,0,0,NaN,0,135302,135360,HPB,81,1958-09-19 18:30:00,1958-09-20 23:30:00,NaN,1958,9,19,18,1958,9,21,0,1,6
13_40,54.11,4.03,66.5,47,19.5,NaN,0,150146,150278,HPB,81,1959-07-26 00:30:00,1959-07-28 18:30:00,NaN,1959,7,26,0,1959,7,28,18,3,9
14_40,34.765,4.73,56.5,0,0,NaN,0,172406,172518,HPB,81,1960-10-31 18:30:00,1960-11-03 02:30:00,NaN,1960,10,31,18,1960,11,3,0,1,7
15_40,38.63,4.53,79,0,58.5,NaN,0,185357,185514,HPB,81,1961-07-28 14:00:00,1961-07-31 20:30:00,NaN,1961,7,28,12,1961,7,31,18,2,6
16_40,23.85,3.53,68,9.5,4.5,NaN,0,185530,185665,HPB,81,1961-08-01 04:30:00,1961-08-04 00:00:00,NaN,1961,8,1,6,1961,8,4,0,2,6
17_40,26.595,2.86,28.5,0,0,NaN,0,207354,207410,HPB,81,1962-10-29 20:30:00,1962-10-31 00:30:00,NaN,1962,10,29,18,1962,10,31,0,2,1
18_40,21.8,1.74,124.5,0,0,NaN,0,225186,225434,HPB,81,1963-11-05 08:30:00,1963-11-10 12:30:00,NaN,1963,11,5,6,1963,11,10,12,1,2
19_40,40.36,5.29,101,0,0,NaN,0,225511,225712,HPB,81,1963-11-12 03:00:00,1963-11-16 07:30:00,NaN,1963,11,12,6,1963,11,16,6,1,2
20_40,44.01,2.59,74,0,37,NaN,0,238795,238942,HPB,81,1964-08-14 21:00:00,1964-08-17 22:30:00,NaN,1964,8,15,0,1964,8,18,0,2,8
21_40,68.405,5.42,39.5,22.5,17,NaN,0,256418,256496,HPB,81,1965-08-17 00:30:00,1965-08-18 15:30:00,NaN,1965,8,17,0,1965,8,18,18,3,6
22_40,26.16,1.62,76,0,0,NaN,0,277604,277755,HPB,81,1966-11-01 09:30:00,1966-11-04 13:00:00,NaN,1966,11,1,12,1966,11,4,12,3,4
23_40,58.17,5.01,117,0,0,NaN,0,291330,291563,HPB,81,1967-08-14 08:30:00,1967-08-19 05:00:00,NaN,1967,8,14,6,1967,8,19,6,2,6
24_40,20.64,3.09,19.5,0,0,NaN,0,310776,310814,HPB,81,1968-09-22 11:30:00,1968-09-23 06:30:00,NaN,1968,9,22,12,1968,9,23,6,1,2
25_40,39.91,3.84,38,28,10,NaN,0,327012,327087,HPB,81,1969-08-26 17:30:00,1969-08-28 07:00:00,NaN,1969,8,26,18,1969,8,28,6,1,9
26_40,32.94,2.38,40,0,0,NaN,0,345306,345385,HPB,81,1970-09-11 20:30:00,1970-09-13 12:00:00,NaN,1970,9,11,18,1970,9,13,12,3,5
27_40,29.37,2.79,50.5,0,0,NaN,0,362562,362662,HPB,81,1971-09-06 08:30:00,1971-09-08 10:30:00,NaN,1971,9,6,6,1971,9,8,12,1,6
28_40,36.93,4.72,33.5,9.5,24,NaN,0,362727,362793,HPB,81,1971-09-09 19:00:00,1971-09-11 04:00:00,NaN,1971,9,9,18,1971,9,11,6,1,6
29_40,21.57,2.44,30.5,0,0,NaN,0,381348,381408,HPB,81,1972-10-01 17:30:00,1972-10-02 23:30:00,NaN,1972,10,1,18,1972,10,3,0,3,9
30_40,62.605,4.88,33,0,0,NaN,0,398980,399045,HPB,81,1973-10-04 01:30:00,1973-10-05 10:00:00,NaN,1973,10,4,0,1973,10,5,12,3,2
31_40,26.995,1.38,97.5,0,0,NaN,0,416017,416211,HPB,81,1974-09-24 00:00:00,1974-09-28 01:00:00,NaN,1974,9,24,0,1974,9,28,0,2,9
32_40,26.035,3.4,23.5,0,0,NaN,0,433166,433212,HPB,81,1975-09-16 06:30:00,1975-09-17 05:30:00,NaN,1975,9,16,6,1975,9,17,6,2,2
33_40,44.755,1.98,54.5,0,0,NaN,0,433524,433632,HPB,81,1975-09-23 17:30:00,1975-09-25 23:30:00,NaN,1975,9,23,18,1975,9,26,0,2,2
34_40,37.17,2.15,55,0,0,NaN,0,468108,468217,HPB,81,1977-09-13 05:30:00,1977-09-15 12:00:00,NaN,1977,9,13,6,1977,9,15,12,2,10
35_40,40.56,2.29,39,0,0,NaN,0,485834,485911,HPB,81,1978-09-17 12:30:00,1978-09-19 03:00:00,NaN,1978,9,17,12,1978,9,19,6,3,8
36_40,46.51,4.69,50,12.5,30,NaN,0,485977,486076,HPB,81,1978-09-20 12:00:00,1978-09-22 13:30:00,NaN,1978,9,20,12,1978,9,22,12,3,8
37_40,31.325,4.82,49,0,0,NaN,0,504760,504857,HPB,81,1979-10-16 19:30:00,1979-10-18 20:00:00,NaN,1979,10,16,18,1979,10,18,18,1,2
38_40,69.68,3.06,49,0,0,NaN,0,520502,520599,HPB,81,1980-09-08 18:30:00,1980-09-10 19:00:00,NaN,1980,9,8,18,1980,9,10,18,2,6
39_40,35.675,2.79,32,0,4.5,NaN,0,539055,539118,HPB,81,1981-09-30 07:00:00,1981-10-01 14:30:00,NaN,1981,9,30,6,1981,10,1,12,3,8
40_40,31.335,4.98,21.5,0,0,NaN,0,555928,555970,HPB,81,1982-09-16 19:30:00,1982-09-17 16:30:00,NaN,1982,9,16,18,1982,9,17,18,1,2
41_40,69.77,7.85,38,3.5,14.5,NaN,0,573423,573498,HPB,81,1983-09-16 07:00:00,1983-09-17 20:30:00,NaN,1983,9,16,6,1983,9,17,18,1,8
42_40,29.845,7.1,41,0,0,NaN,0,588942,589023,HPB,81,1984-08-04 14:30:00,1984-08-06 07:00:00,NaN,1984,8,4,12,1984,8,6,6,1,1
43_40,24.065,4.12,20.5,0,0,NaN,0,609670,609710,HPB,81,1985-10-10 10:30:00,1985-10-11 06:30:00,NaN,1985,10,10,12,1985,10,11,6,3,6
44_40,31.805,2.59,29,25,4,NaN,0,609896,609953,HPB,81,1985-10-15 03:30:00,1985-10-16 08:00:00,NaN,1985,10,15,6,1985,10,16,6,3,6
45_40,51.99,6.17,48.5,31.5,17,NaN,0,622547,622643,HPB,81,1986-07-05 17:00:00,1986-07-07 17:00:00,NaN,1986,7,5,18,1986,7,7,18,3,9
46_40,22.725,4.53,31,0,0,NaN,0,641824,641885,HPB,81,1987-08-11 07:30:00,1987-08-12 14:00:00,NaN,1987,8,11,6,1987,8,12,12,2,2
47_40,51.275,2.42,54.5,0,0,NaN,0,642318,642426,HPB,81,1987-08-21 14:30:00,1987-08-23 20:30:00,NaN,1987,8,21,12,1987,8,23,18,2,2
48_40,36.73,4.2,46.5,22,24.5,NaN,0,660183,660275,HPB,81,1988-08-27 19:00:00,1988-08-29 17:00:00,NaN,1988,8,27,18,1988,8,29,18,3,1
49_40,20.63,1.36,48,33.5,14.5,NaN,0,676412,676507,HPB,81,1989-07-31 21:30:00,1989-08-02 21:00:00,NaN,1989,8,1,0,1989,8,3,0,2,9
50_40,39.41,5.04,81.5,0,0,NaN,0,698445,698607,HPB,81,1990-11-02 22:00:00,1990-11-06 07:00:00,NaN,1990,11,3,0,1990,11,6,6,1,2
51_40,36.2,2.05,72,33,39,NaN,0,713787,713930,HPB,81,1991-09-18 13:00:00,1991-09-21 12:30:00,NaN,1991,9,18,12,1991,9,21,12,2,8
52_40,30.545,2.51,117,0,0,NaN,0,734360,734593,HPB,81,1992-11-20 03:30:00,1992-11-25 00:00:00,NaN,1992,11,20,6,1992,11,25,0,3,5
53_40,23.465,3.64,19.5,0,19.5,NaN,0,747881,747919,HPB,81,1993-08-28 20:00:00,1993-08-29 15:00:00,NaN,1993,8,28,18,1993,8,29,18,2,9
54_40,24.705,4.43,48.5,0,0,NaN,0,763684,763780,HPB,81,1994-07-24 01:30:00,1994-07-26 01:30:00,NaN,1994,7,24,0,1994,7,26,0,1,7
55_40,38.52,3.51,85,0,0,NaN,0,786628,786797,HPB,81,1995-11-14 01:30:00,1995-11-17 14:00:00,NaN,1995,11,14,0,1995,11,17,12,3,6
56_40,38.85,3.4,91.5,28,56,NaN,0,804093,804275,HPB,81,1996-11-11 22:00:00,1996-11-15 17:00:00,NaN,1996,11,12,0,1996,11,15,18,3,8
57_40,53.53,2.42,66.5,2,75,NaN,0,819534,819666,HPB,81,1997-09-29 14:30:00,1997-10-02 08:30:00,NaN,1997,9,29,12,1997,10,2,6,2,9
58_40,27.07,2.99,28.5,19,9.5,NaN,0,837093,837149,HPB,81,1998-09-30 10:00:00,1998-10-01 14:00:00,NaN,1998,9,30,12,1998,10,1,12,1,6
59_40,50.48,4.89,35.5,0,22,NaN,0,853650,853720,HPB,81,1999-09-10 08:30:00,1999-09-11 19:30:00,NaN,1999,9,10,6,1999,9,11,18,3,8
60_40,46.555,2.54,93,16,32.5,NaN,0,873701,873886,HPB,81,2000-11-01 02:00:00,2000-11-04 22:30:00,NaN,2000,11,1,0,2000,11,5,0,2,6
61_40,25.835,3.59,20.5,0,0,NaN,0,889280,889320,HPB,81,2001-09-21 15:30:00,2001-09-22 11:30:00,NaN,2001,9,21,18,2001,9,22,12,2,9
62_40,35.815,1.87,95.5,0,0,NaN,0,889656,889846,HPB,81,2001-09-29 11:30:00,2001-10-03 10:30:00,NaN,2001,9,29,12,2001,10,3,12,2,9
63_40,36.385,2.9,38.5,14.5,19.5,NaN,0,907441,907517,HPB,81,2002-10-05 00:00:00,2002-10-06 14:00:00,NaN,2002,10,5,0,2002,10,6,12,3,9
64_37,25.64,3.37,50,0,0,NaN,0,922261,922360,HPB,81,2003-08-09 18:00:00,2003-08-11 19:30:00,NaN,2003,8,9,18,2003,8,11,18,1,2
65_36,20.95,1.26,42.5,0,0,NaN,0,922523,922607,HPB,81,2003-08-15 05:00:00,2003-08-16 23:00:00,NaN,2003,8,15,6,2003,8,17,0,1,2
66_32,24.385,2.05,63.5,0,0,NaN,0,940198,940324,HPB,81,2004-08-17 10:30:00,2004-08-20 01:30:00,NaN,2004,8,17,12,2004,8,20,0,2,8
67_31,74.74,3.96,84,9,35,NaN,0,940467,940634,HPB,81,2004-08-23 01:00:00,2004-08-26 12:30:00,NaN,2004,8,23,0,2004,8,26,12,2,8
68_26,22.305,3.11,119.5,0,0,NaN,0,962163,962401,HPB,81,2005-11-18 01:00:00,2005-11-23 00:00:00,NaN,2005,11,18,0,2005,11,23,0,1,4
69_18,65.565,8.23,42.5,27.5,15,NaN,0,974667,974751,HPB,81,2006-08-05 13:00:00,2006-08-07 07:00:00,NaN,2006,8,5,12,2006,8,7,6,1,8
70_14,32.91,4.9,43.5,0,0,NaN,0,995693,995779,HPB,81,2007-10-17 14:00:00,2007-10-19 09:00:00,NaN,2007,10,17,12,2007,10,19,12,1,9
71_13,51.495,4.59,50.5,0,0,NaN,0,1028071,1028171,HPB,81,2009-08-22 03:00:00,2009-08-24 05:00:00,NaN,2009,8,22,6,2009,8,24,6,1,8
72_8,28.335,2.44,24.5,0,0,NaN,0,1049311,1049359,HPB,81,2010-11-07 15:00:00,2010-11-08 15:00:00,NaN,2010,11,7,18,2010,11,8,18,2,2
73_6,33.225,1.53,133,0,28,NaN,0,1049688,1049953,HPB,81,2010-11-15 11:30:00,2010-11-21 00:00:00,NaN,2010,11,15,12,2010,11,21,0,2,2
1_41,62.94,7.86,47,28,19,NaN,0,11687,11780,HPB,82,1951-09-01 11:00:00,1951-09-03 09:30:00,NaN,1951,9,1,12,1951,9,3,12,3,9
2_41,93.305,3.13,76,0,4,NaN,0,47208,47359,HPB,82,1953-09-10 11:30:00,1953-09-13 15:00:00,NaN,1953,9,10,12,1953,9,13,18,2,2
3_41,25.98,3.29,40,0,0,NaN,0,82505,82584,HPB,82,1955-09-15 20:00:00,1955-09-17 11:30:00,NaN,1955,9,15,18,1955,9,17,12,3,1
4_41,25.995,2.33,47,0,0,NaN,0,82751,82844,HPB,82,1955-09-20 23:00:00,1955-09-22 21:30:00,NaN,1955,9,21,0,1955,9,23,0,3,1
5_41,29.42,2.96,45.5,24.5,21,NaN,0,98642,98732,HPB,82,1956-08-17 00:30:00,1956-08-18 21:30:00,NaN,1956,8,17,0,1956,8,19,0,2,9
6_41,149.145,4.95,159,0,99.5,NaN,0,99044,99361,HPB,82,1956-08-25 09:30:00,1956-09-01 00:00:00,NaN,1956,8,25,12,1956,9,1,0,2,9
7_41,34.675,3.39,28.5,0,0,NaN,0,120200,120256,HPB,82,1957-11-09 03:30:00,1957-11-10 07:30:00,NaN,1957,11,9,6,1957,11,10,6,3,8
8_41,28.285,3.69,17.5,14,3.5,NaN,0,134772,134806,HPB,82,1958-09-08 17:30:00,1958-09-09 10:30:00,NaN,1958,9,8,18,1958,9,9,12,1,8
9_41,67.255,4.34,53,47,6,NaN,0,150713,150818,HPB,82,1959-08-06 20:00:00,1959-08-09 00:30:00,NaN,1959,8,6,18,1959,8,9,0,3,9
10_41,31.91,4.69,32,0,11,NaN,0,169572,169635,HPB,82,1960-09-02 17:30:00,1960-09-04 01:00:00,NaN,1960,9,2,18,1960,9,4,0,2,5
11_41,24.375,1.56,26,0,26,NaN,0,169657,169708,HPB,82,1960-09-04 12:00:00,1960-09-05 13:30:00,NaN,1960,9,4,12,1960,9,5,12,2,5
12_41,38.025,4.56,49,0,0,NaN,0,185768,185865,HPB,82,1961-08-06 03:30:00,1961-08-08 04:00:00,NaN,1961,8,6,6,1961,8,8,6,2,6
13_41,136.935,5.88,102.5,0,0,NaN,0,185963,186167,HPB,82,1961-08-10 05:00:00,1961-08-14 11:00:00,NaN,1961,8,10,6,1961,8,14,12,2,6
14_41,53.7,4.37,72,0,0,NaN,0,204740,204883,HPB,82,1962-09-05 09:30:00,1962-09-08 09:00:00,NaN,1962,9,5,12,1962,9,8,12,2,3
15_41,30.685,2.13,39.5,25,14.5,NaN,0,223063,223141,HPB,82,1963-09-22 03:00:00,1963-09-23 18:00:00,NaN,1963,9,22,6,1963,9,23,18,2,8
16_41,29.305,1.82,81.5,0,0,NaN,0,243810,243972,HPB,82,1964-11-27 08:30:00,1964-11-30 17:30:00,NaN,1964,11,27,6,1964,11,30,18,3,4
17_41,36.205,4.35,46,0,25,NaN,0,257954,258045,HPB,82,1965-09-18 00:30:00,1965-09-19 22:00:00,NaN,1965,9,18,0,1965,9,20,0,2,8
18_41,59.575,2.7,82.5,0,0,NaN,0,258460,258624,HPB,82,1965-09-28 13:30:00,1965-10-01 23:30:00,NaN,1965,9,28,12,1965,10,2,0,2,8
19_41,150.755,7.3,75.5,20.5,33,NaN,0,276885,277035,HPB,82,1966-10-17 10:00:00,1966-10-20 13:00:00,NaN,1966,10,17,12,1966,10,20,12,2,9
20_41,124.195,2.97,255.5,1,29,NaN,0,292675,293185,HPB,82,1967-09-11 09:00:00,1967-09-22 00:00:00,NaN,1967,9,11,12,1967,9,22,0,2,6
21_41,22.525,1.79,34,0,0,NaN,0,305428,305495,HPB,82,1968-06-03 01:30:00,1968-06-04 11:00:00,NaN,1968,6,3,0,1968,6,4,12,1,6
22_41,24.475,2.96,42.5,0,0,NaN,0,305803,305887,HPB,82,1968-06-10 21:00:00,1968-06-12 15:00:00,NaN,1968,6,11,0,1968,6,12,18,1,6
23_41,31.555,1.79,77,0,0,NaN,0,329305,329458,HPB,82,1969-10-13 12:00:00,1969-10-16 16:30:00,NaN,1969,10,13,12,1969,10,16,18,2,8
24_41,35.82,4.1,37.5,0,0,NaN,0,345799,345873,HPB,82,1970-09-22 03:00:00,1970-09-23 16:00:00,NaN,1970,9,22,6,1970,9,23,18,3,8
25_41,39.62,2.7,40.5,7.5,20.5,NaN,0,346195,346275,HPB,82,1970-09-30 09:00:00,1970-10-02 01:00:00,NaN,1970,9,30,12,1970,10,2,0,3,8
26_41,48.93,2.62,105,0,0,NaN,0,359225,359434,HPB,82,1971-06-28 20:00:00,1971-07-03 04:30:00,NaN,1971,6,28,18,1971,7,3,6,2,6
27_41,50.795,3.83,94,0,0,NaN,0,378726,378913,HPB,82,1972-08-08 02:30:00,1972-08-12 00:00:00,NaN,1972,8,8,0,1972,8,12,0,2,10
28_41,20.065,3.06,17,0,0,NaN,0,399732,399765,HPB,82,1973-10-19 17:30:00,1973-10-20 10:00:00,NaN,1973,10,19,18,1973,10,20,12,1,2
29_41,20.43,2.42,36.5,5,24.5,NaN,0,414394,414466,HPB,82,1974-08-21 04:30:00,1974-08-22 16:30:00,NaN,1974,8,21,6,1974,8,22,18,2,2
30_41,66.52,5.28,46.5,0,46.5,NaN,0,414906,414998,HPB,82,1974-08-31 20:30:00,1974-09-02 18:30:00,NaN,1974,8,31,18,1974,9,2,18,2,2
31_41,50.17,3.48,71,21,39.5,NaN,0,429538,429679,HPB,82,1975-07-02 16:30:00,1975-07-05 15:00:00,NaN,1975,7,2,18,1975,7,5,18,2,2
32_41,32.915,2.17,71,22,37,NaN,0,469001,469142,HPB,82,1977-10-01 20:00:00,1977-10-04 18:30:00,NaN,1977,10,1,18,1977,10,4,18,2,9
33_41,33.04,3.8,108,0,0,NaN,0,488832,489047,HPB,82,1978-11-18 23:30:00,1978-11-23 11:00:00,NaN,1978,11,19,0,1978,11,23,12,1,2
34_41,67.005,4.03,104,0,15,NaN,0,504553,504760,HPB,82,1979-10-12 12:00:00,1979-10-16 19:30:00,NaN,1979,10,12,12,1979,10,16,18,2,9
35_41,20.905,3.6,15,11.5,3.5,NaN,0,519035,519064,HPB,82,1980-08-09 05:00:00,1980-08-09 19:30:00,NaN,1980,8,9,6,1980,8,9,18,3,7
36_41,20.36,1.76,35,0,35,NaN,0,519242,519311,HPB,82,1980-08-13 12:30:00,1980-08-14 23:00:00,NaN,1980,8,13,12,1980,8,15,0,3,7
37_41,34.265,3.37,50,0,0,NaN,0,519482,519581,HPB,82,1980-08-18 12:30:00,1980-08-20 14:00:00,NaN,1980,8,18,12,1980,8,20,12,3,7
38_41,28.875,2.68,27,0,0,NaN,0,519604,519657,HPB,82,1980-08-21 01:30:00,1980-08-22 04:00:00,NaN,1980,8,21,0,1980,8,22,6,3,7
39_41,27.755,4.08,44,0,38.5,NaN,0,538169,538256,HPB,82,1981-09-11 20:00:00,1981-09-13 15:30:00,NaN,1981,9,11,18,1981,9,13,18,1,6
40_41,35.315,4.83,30.5,0,0,NaN,0,556018,556078,HPB,82,1982-09-18 16:30:00,1982-09-19 22:30:00,NaN,1982,9,18,18,1982,9,20,0,3,5
41_41,87.6,6.71,45.5,0,0,NaN,0,571964,572054,HPB,82,1983-08-16 21:30:00,1983-08-18 18:30:00,NaN,1983,8,17,0,1983,8,18,18,3,5
42_41,45.16,4.44,119,0,16,NaN,0,593233,593470,HPB,82,1984-11-02 00:00:00,1984-11-06 22:30:00,NaN,1984,11,2,0,1984,11,7,0,2,2
43_41,21.025,2.16,35.5,0,0,NaN,0,605131,605201,HPB,82,1985-07-07 21:00:00,1985-07-09 08:00:00,NaN,1985,7,8,0,1985,7,9,6,2,6
44_41,22.505,3.87,14.5,0,0,NaN,0,626827,626855,HPB,82,1986-10-02 21:00:00,1986-10-03 11:00:00,NaN,1986,10,3,0,1986,10,3,12,2,6
45_41,20.76,2.18,20,0,0,NaN,0,626899,626938,HPB,82,1986-10-04 09:00:00,1986-10-05 04:30:00,NaN,1986,10,4,12,1986,10,5,6,2,6
46_41,26.94,2.79,29.5,0,0,NaN,0,646112,646170,HPB,82,1987-11-08 15:30:00,1987-11-09 20:30:00,NaN,1987,11,8,18,1987,11,9,18,3,2
47_41,48.93,6.53,69,18.5,56.5,NaN,0,659638,659775,HPB,82,1988-08-16 10:30:00,1988-08-19 07:00:00,NaN,1988,8,16,12,1988,8,19,6,2,7
48_41,85.2,5,73.5,0,9,NaN,0,660037,660183,HPB,82,1988-08-24 18:00:00,1988-08-27 19:00:00,NaN,1988,8,24,18,1988,8,27,18,2,7
49_41,38.37,3.71,32,0,7.5,NaN,0,692087,692150,HPB,82,1990-06-23 11:00:00,1990-06-24 18:30:00,NaN,1990,6,23,12,1990,6,24,18,3,9
50_41,38.785,4.11,56.5,4,16,NaN,0,714816,714928,HPB,82,1991-10-09 23:30:00,1991-10-12 07:30:00,NaN,1991,10,10,0,1991,10,12,6,3,8
51_41,20.975,3.16,24.5,0,0,NaN,0,730622,730670,HPB,82,1992-09-03 06:30:00,1992-09-04 06:30:00,NaN,1992,9,3,6,1992,9,4,6,3,6
52_41,50.065,3.4,60.5,0,0,NaN,0,730699,730819,HPB,82,1992-09-04 21:00:00,1992-09-07 09:00:00,NaN,1992,9,5,0,1992,9,7,12,3,6
53_41,27.7,5.11,47.5,0,0,NaN,0,750442,750536,HPB,82,1993-10-21 04:30:00,1993-10-23 03:30:00,NaN,1993,10,21,6,1993,10,23,6,1,8
54_41,40.125,5.23,91,0,0,NaN,0,750827,751008,HPB,82,1993-10-29 05:00:00,1993-11-01 23:30:00,NaN,1993,10,29,6,1993,11,2,0,1,8
55_41,42.065,7.07,62,18.5,15.5,NaN,0,763290,763413,HPB,82,1994-07-15 20:30:00,1994-07-18 10:00:00,NaN,1994,7,15,18,1994,7,18,12,1,6
56_41,54.325,5.44,132,0,0,NaN,0,782220,782483,HPB,82,1995-08-14 05:30:00,1995-08-19 17:00:00,NaN,1995,8,14,6,1995,8,19,18,3,7
57_41,26.785,3.45,26,0,0,NaN,0,802884,802935,HPB,82,1996-10-17 17:30:00,1996-10-18 19:00:00,NaN,1996,10,17,18,1996,10,18,18,1,2
58_41,127.855,5.98,84,0,0,NaN,0,818223,818390,HPB,82,1997-09-02 07:00:00,1997-09-05 18:30:00,NaN,1997,9,2,6,1997,9,5,18,2,6
59_41,21.995,3.41,22,0,0,NaN,0,834885,834928,HPB,82,1998-08-15 10:00:00,1998-08-16 07:30:00,NaN,1998,8,15,12,1998,8,16,6,3,7
60_41,34.93,2.99,89.5,0,0,NaN,0,835383,835561,HPB,82,1998-08-25 19:00:00,1998-08-29 12:00:00,NaN,1998,8,25,18,1998,8,29,12,3,7
61_41,33.325,2.82,72,35,37,NaN,0,851587,851730,HPB,82,1999-07-29 09:00:00,1999-08-01 08:30:00,NaN,1999,7,29,12,1999,8,1,6,2,9
62_41,79.85,7.98,78.5,32,23.5,NaN,0,870030,870186,HPB,82,2000-08-16 14:30:00,2000-08-19 20:30:00,NaN,2000,8,16,12,2000,8,19,18,1,8
63_41,41.46,2.85,46.5,0,0,NaN,0,892562,892654,HPB,82,2001-11-29 00:30:00,2001-11-30 22:30:00,NaN,2001,11,29,0,2001,12,1,0,3,9
64_38,22.685,3.11,24,0,0,NaN,0,923802,923849,HPB,82,2003-09-10 20:30:00,2003-09-11 20:00:00,NaN,2003,9,10,18,2003,9,11,18,1,6
65_37,39.895,6.65,118.5,0,0,NaN,0,944981,945217,HPB,82,2004-11-25 02:00:00,2004-11-30 00:00:00,NaN,2004,11,25,0,2004,11,30,0,1,8
66_33,65.275,5.32,84,0,22.5,NaN,0,957161,957328,HPB,82,2005-08-05 20:00:00,2005-08-09 07:30:00,NaN,2005,8,5,18,2005,8,9,6,2,5
67_32,24.3,5.67,32.5,0,0,NaN,0,977142,977206,HPB,82,2006-09-26 02:30:00,2006-09-27 10:30:00,NaN,2006,9,26,0,2006,9,27,12,1,8
68_27,24.17,1.91,38.5,0,0,NaN,0,993742,993818,HPB,82,2007-09-06 22:30:00,2007-09-08 12:30:00,NaN,2007,9,7,0,2007,9,8,12,2,8
69_19,47.235,5.79,46.5,3,20,NaN,0,1011496,1011588,HPB,82,2008-09-10 19:30:00,2008-09-12 17:30:00,NaN,2008,9,10,18,2008,9,12,18,1,1
70_15,34.6,4.67,27.5,0,0,NaN,0,1011946,1012000,HPB,82,2008-09-20 04:30:00,2008-09-21 07:30:00,NaN,2008,9,20,6,2008,9,21,6,1,1
71_14,65.87,8.17,38.5,8.5,30,NaN,0,1028359,1028435,HPB,82,2009-08-28 03:00:00,2009-08-29 17:00:00,NaN,2009,8,28,6,2009,8,29,18,3,6
72_9,40.885,2.35,42.5,0,0,NaN,0,1048750,1048834,HPB,82,2010-10-26 22:30:00,2010-10-28 16:30:00,NaN,2010,10,27,0,2010,10,28,18,2,8
1_42,63.67,10.55,39,27,12,NaN,16.5,10888,10965,HPB,83,1951-08-15 19:30:00,1951-08-17 10:00:00,NaN,1951,8,15,18,1951,8,17,12,1,8
2_42,24.91,4.83,24.5,0,0,NaN,0,28527,28575,HPB,83,1952-08-17 07:00:00,1952-08-18 07:00:00,NaN,1952,8,17,6,1952,8,18,6,2,6
3_42,35.685,5.13,32,20,12,NaN,0,45941,46004,HPB,83,1953-08-15 02:00:00,1953-08-16 09:30:00,NaN,1953,8,15,0,1953,8,16,12,1,6
4_42,22.75,3.62,32.5,23.5,9,NaN,0,64986,65050,HPB,83,1954-09-15 20:30:00,1954-09-17 04:30:00,NaN,1954,9,15,18,1954,9,17,6,1,9
5_42,35.765,1.66,60,0,0,NaN,0,83512,83631,HPB,83,1955-10-06 19:30:00,1955-10-09 07:00:00,NaN,1955,10,6,18,1955,10,9,6,2,3
6_42,32.94,3.42,26,0,0,NaN,0,102325,102376,HPB,83,1956-11-01 18:00:00,1956-11-02 19:30:00,NaN,1956,11,1,18,1956,11,2,18,2,6
7_42,26.575,5.04,37.5,0,0,NaN,0,102651,102725,HPB,83,1956-11-08 13:00:00,1956-11-10 02:00:00,NaN,1956,11,8,12,1956,11,10,0,2,6
8_42,54.765,4.2,37.5,11.5,14.5,NaN,0,118685,118759,HPB,83,1957-10-08 14:00:00,1957-10-10 03:00:00,NaN,1957,10,8,12,1957,10,10,6,3,2
9_42,35.28,2.7,43,0,0,NaN,0,136016,136101,HPB,83,1958-10-04 15:30:00,1958-10-06 10:00:00,NaN,1958,10,4,18,1958,10,6,12,3,2
10_42,36.615,3.1,39,0,10,NaN,0,153966,154043,HPB,83,1959-10-13 14:30:00,1959-10-15 05:00:00,NaN,1959,10,13,12,1959,10,15,6,3,8
11_42,24.975,2.56,42,0,0,NaN,0,168389,168472,HPB,83,1960-08-09 02:00:00,1960-08-10 19:30:00,NaN,1960,8,9,0,1960,8,10,18,3,8
12_42,39.265,4.58,40,20,20,NaN,0,186854,186933,HPB,83,1961-08-28 18:30:00,1961-08-30 10:00:00,NaN,1961,8,28,18,1961,8,30,12,1,6
13_42,74.46,11.94,37,0,0,NaN,0,204093,204166,HPB,83,1962-08-22 22:00:00,1962-08-24 10:30:00,NaN,1962,8,23,0,1962,8,24,12,1,9
14_42,39.745,3.35,47,23.5,20.5,NaN,0,222888,222981,HPB,83,1963-09-18 11:30:00,1963-09-20 10:00:00,NaN,1963,9,18,12,1963,9,20,12,3,6
15_42,24,2.62,56.5,0,0,NaN,0,241610,241722,HPB,83,1964-10-12 12:30:00,1964-10-14 20:30:00,NaN,1964,10,12,12,1964,10,14,18,3,9
16_42,54.63,7.31,31,0,15,NaN,0,254115,254176,HPB,83,1965-06-30 01:00:00,1965-07-01 07:30:00,NaN,1965,6,30,0,1965,7,1,6,1,1
17_42,50.805,4.54,78.5,10.5,46,NaN,0,292111,292267,HPB,83,1967-08-30 15:00:00,1967-09-02 21:00:00,NaN,1967,8,30,18,1967,9,3,0,3,9
18_42,31.88,2.61,61.5,0,0,NaN,0,312418,312540,HPB,83,1968-10-26 16:30:00,1968-10-29 05:30:00,NaN,1968,10,26,18,1968,10,29,6,3,2
19_42,48.76,4.35,34.5,0,0,NaN,0,328188,328256,HPB,83,1969-09-20 05:30:00,1969-09-21 15:30:00,NaN,1969,9,20,6,1969,9,21,18,3,2
20_42,78.585,6.74,49,0,26,NaN,0,344300,344397,HPB,83,1970-08-21 21:30:00,1970-08-23 22:00:00,NaN,1970,8,22,0,1970,8,24,0,3,6
21_42,54.51,4.75,86.5,0,0,NaN,0,361867,362039,HPB,83,1971-08-22 21:00:00,1971-08-26 11:00:00,NaN,1971,8,23,0,1971,8,26,12,1,1
22_42,43.855,3.85,39.5,0,0,NaN,0,380259,380337,HPB,83,1972-09-09 01:00:00,1972-09-10 16:00:00,NaN,1972,9,9,0,1972,9,10,18,3,6
23_42,20.485,2.42,45.5,7,43.5,NaN,0,396670,396760,HPB,83,1973-08-16 22:30:00,1973-08-18 19:30:00,NaN,1973,8,17,0,1973,8,18,18,3,5
24_42,65.795,8.7,43,21.5,21.5,NaN,0,396776,396861,HPB,83,1973-08-19 03:30:00,1973-08-20 22:00:00,NaN,1973,8,19,6,1973,8,21,0,3,5
25_42,30.515,3.9,55,0,0,NaN,0,413906,414015,HPB,83,1974-08-11 00:30:00,1974-08-13 07:00:00,NaN,1974,8,11,0,1974,8,13,6,3,9
26_42,49.4,4.02,102,20,36.5,NaN,0,430950,431153,HPB,83,1975-08-01 02:30:00,1975-08-05 08:00:00,NaN,1975,8,1,0,1975,8,5,6,3,1
27_42,48.95,6.97,27.5,16.5,11,NaN,0,451204,451258,HPB,83,1976-09-26 01:30:00,1976-09-27 04:30:00,NaN,1976,9,26,0,1976,9,27,6,1,9
28_42,45,2.42,107,0,0,NaN,0,468362,468575,HPB,83,1977-09-18 12:30:00,1977-09-22 23:00:00,NaN,1977,9,18,12,1977,9,23,0,2,6
29_42,67.85,3.22,46.5,9.5,23.5,NaN,0,486000,486092,HPB,83,1978-09-20 23:30:00,1978-09-22 21:30:00,NaN,1978,9,21,0,1978,9,23,0,2,2
30_42,72.93,5.99,49,16,17.5,NaN,0,503263,503360,HPB,83,1979-09-15 15:00:00,1979-09-17 15:30:00,NaN,1979,9,15,18,1979,9,17,18,3,9
31_42,77.665,2.49,108,0,0,NaN,0,520328,520543,HPB,83,1980-09-05 03:30:00,1980-09-09 15:00:00,NaN,1980,9,5,6,1980,9,9,18,2,6
32_42,38.55,3.08,52.5,26.5,26,NaN,0,534637,534741,HPB,83,1981-06-30 06:00:00,1981-07-02 10:00:00,NaN,1981,6,30,6,1981,7,2,12,3,10
33_42,96.615,7.74,93,22.5,63.5,NaN,0,554198,554383,HPB,83,1982-08-11 18:30:00,1982-08-15 15:00:00,NaN,1982,8,11,18,1982,8,15,18,2,6
34_42,32.87,3.85,46,17,22,NaN,0,572950,573041,HPB,83,1983-09-06 10:30:00,1983-09-08 08:00:00,NaN,1983,9,6,12,1983,9,8,6,1,8
35_42,41.605,2.73,85.5,0,0,NaN,0,589800,589970,HPB,83,1984-08-22 11:30:00,1984-08-26 00:30:00,NaN,1984,8,22,12,1984,8,26,0,2,7
36_42,29.305,2.2,59,0,0,NaN,0,645210,645327,HPB,83,1987-10-20 20:30:00,1987-10-23 07:00:00,NaN,1987,10,20,18,1987,10,23,6,3,6
37_42,30.065,2.5,29,0,0,NaN,0,658066,658123,HPB,83,1988-07-14 16:30:00,1988-07-15 21:00:00,NaN,1988,7,14,18,1988,7,16,0,3,6
38_42,25.91,2.79,59,0,0,NaN,0,679244,679361,HPB,83,1989-09-28 21:30:00,1989-10-01 08:00:00,NaN,1989,9,29,0,1989,10,1,6,2,9
39_42,38.66,2.19,71,0,18,NaN,0,679407,679548,HPB,83,1989-10-02 07:00:00,1989-10-05 05:30:00,NaN,1989,10,2,6,1989,10,5,6,2,9
40_42,49.43,1.84,141.5,0,0,NaN,0,694279,694561,HPB,83,1990-08-08 03:00:00,1990-08-14 00:00:00,NaN,1990,8,8,6,1990,8,14,0,2,7
41_42,33.935,2.38,61,35,26,NaN,0,712857,712978,HPB,83,1991-08-30 04:00:00,1991-09-01 16:30:00,NaN,1991,8,30,6,1991,9,1,18,3,9
42_42,20.135,1.99,38.5,22,16.5,NaN,0,713140,713216,HPB,83,1991-09-05 01:30:00,1991-09-06 15:30:00,NaN,1991,9,5,0,1991,9,6,18,3,9
43_42,58.595,4.1,31.5,0,8.5,NaN,0,713400,713462,HPB,83,1991-09-10 11:30:00,1991-09-11 18:30:00,NaN,1991,9,10,12,1991,9,11,18,3,9
44_42,22.445,2.4,43.5,2.5,22,NaN,0,730327,730413,HPB,83,1992-08-28 03:00:00,1992-08-29 22:00:00,NaN,1992,8,28,6,1992,8,30,0,1,9
45_42,20.93,2.66,45.5,0,0,NaN,0,730850,730940,HPB,83,1992-09-08 00:30:00,1992-09-09 21:30:00,NaN,1992,9,8,0,1992,9,10,0,1,9
46_42,54.345,3.47,94.5,0,51,NaN,0,746668,746856,HPB,83,1993-08-03 13:30:00,1993-08-07 11:30:00,NaN,1993,8,3,12,1993,8,7,12,2,5
47_42,49.1,4.36,65,15,24,NaN,0,766647,766776,HPB,83,1994-09-23 19:00:00,1994-09-26 11:30:00,NaN,1994,9,23,18,1994,9,26,12,2,2
48_42,23.635,1.49,101,0,8.5,NaN,0,780474,780675,HPB,83,1995-07-08 20:30:00,1995-07-13 01:00:00,NaN,1995,7,8,18,1995,7,13,0,1,6
49_42,23.995,2.27,67,0,44.5,NaN,0,780691,780824,HPB,83,1995-07-13 09:00:00,1995-07-16 03:30:00,NaN,1995,7,13,12,1995,7,16,6,1,6
50_42,45.46,5.95,64,16.5,21,NaN,0,799212,799339,HPB,83,1996-08-02 05:30:00,1996-08-04 21:00:00,NaN,1996,8,2,6,1996,8,5,0,1,2
51_42,21.015,1.39,44.5,0,0,NaN,0,818830,818918,HPB,83,1997-09-14 22:30:00,1997-09-16 18:30:00,NaN,1997,9,15,0,1997,9,16,18,2,2
52_42,78.14,5.83,101.5,32,64,NaN,0,819289,819491,HPB,83,1997-09-24 12:00:00,1997-09-28 17:00:00,NaN,1997,9,24,12,1997,9,28,18,2,2
53_42,21.07,1.62,102,0,0,NaN,0,839606,839809,HPB,83,1998-11-21 18:30:00,1998-11-26 00:00:00,NaN,1998,11,21,18,1998,11,26,0,3,4
54_42,23.735,4.19,25,0,0,NaN,0,857344,857393,HPB,83,1999-11-26 07:30:00,1999-11-27 08:00:00,NaN,1999,11,26,6,1999,11,27,6,1,6
55_42,23.86,2.84,22.5,0,0,NaN,0,872238,872282,HPB,83,2000-10-01 14:30:00,2000-10-02 12:30:00,NaN,2000,10,1,12,2000,10,2,12,1,8
56_42,25.6,2.73,36.5,0,0,NaN,0,890773,890845,HPB,83,2001-10-22 18:00:00,2001-10-24 06:00:00,NaN,2001,10,22,18,2001,10,24,6,3,9
57_42,43.89,3.88,40.5,0,8.5,NaN,0,891133,891213,HPB,83,2001-10-30 06:00:00,2001-10-31 22:00:00,NaN,2001,10,30,6,2001,11,1,0,3,9
58_42,50.885,11.39,20.5,0,0,NaN,0,922898,922938,HPB,83,2003-08-23 00:30:00,2003-08-23 20:30:00,NaN,2003,8,23,0,2003,8,23,18,1,6
59_42,21.34,4.21,30,0,0,NaN,0,938621,938680,HPB,83,2004-07-15 14:00:00,2004-07-16 19:30:00,NaN,2004,7,15,12,2004,7,16,18,3,1
60_42,26.26,1.72,37,0,0,NaN,0,976643,976716,HPB,83,2006-09-15 17:00:00,2006-09-17 05:30:00,NaN,2006,9,15,18,2006,9,17,6,2,9
61_42,56.785,2.98,56,14,14,NaN,0,976770,976881,HPB,83,2006-09-18 08:30:00,2006-09-20 16:00:00,NaN,2006,9,18,6,2006,9,20,18,2,9
62_42,20.515,3.09,38.5,0,0,NaN,0,993088,993164,HPB,83,2007-08-24 07:30:00,2007-08-25 21:30:00,NaN,2007,8,24,6,2007,8,26,0,3,9
63_42,30.025,2.63,40,0,0,NaN,0,993393,993472,HPB,83,2007-08-30 16:00:00,2007-09-01 07:30:00,NaN,2007,8,30,18,2007,9,1,6,3,9
64_39,40.185,4.51,36.5,25.5,11,NaN,0,1009520,1009592,HPB,83,2008-07-31 15:30:00,2008-08-02 03:30:00,NaN,2008,7,31,18,2008,8,2,6,3,8
65_38,23.61,2,34,0,0,NaN,0,1025198,1025265,HPB,83,2009-06-23 06:30:00,2009-06-24 16:00:00,NaN,2009,6,23,6,2009,6,24,18,3,6
66_34,32.15,2.94,31.5,0,0,NaN,0,1025339,1025401,HPB,83,2009-06-26 05:00:00,2009-06-27 12:00:00,NaN,2009,6,26,6,2009,6,27,12,3,6
67_33,46.785,4,50,0,0,NaN,0,1048307,1048406,HPB,83,2010-10-17 17:00:00,2010-10-19 18:30:00,NaN,2010,10,17,18,2010,10,19,18,3,1
1_43,34.65,2.28,99,26,73,NaN,0,12745,12942,HPB,84,1951-09-23 12:00:00,1951-09-27 14:30:00,NaN,1951,9,23,12,1951,9,27,12,3,5
2_43,46.41,4.27,47.5,22.5,25,NaN,0,13208,13302,HPB,84,1951-10-03 03:30:00,1951-10-05 02:30:00,NaN,1951,10,3,6,1951,10,5,0,3,5
3_43,37.245,3.12,45.5,0,20,NaN,0,26425,26515,HPB,84,1952-07-04 12:00:00,1952-07-06 09:00:00,NaN,1952,7,4,12,1952,7,6,12,3,2
4_43,77.55,4.22,160.5,0,0,NaN,0,45786,46106,HPB,84,1953-08-11 20:30:00,1953-08-18 12:30:00,NaN,1953,8,11,18,1953,8,18,12,2,9
5_43,25.355,1.98,52,0,0,NaN,0,66812,66915,HPB,84,1954-10-23 21:30:00,1954-10-26 01:00:00,NaN,1954,10,24,0,1954,10,26,0,3,2
6_43,33.65,2.89,82.5,0,0,NaN,0,67020,67184,HPB,84,1954-10-28 05:30:00,1954-10-31 15:30:00,NaN,1954,10,28,6,1954,10,31,18,3,2
7_43,74.32,3.71,66,0,0,NaN,0,82189,82320,HPB,84,1955-09-09 06:00:00,1955-09-11 23:30:00,NaN,1955,9,9,6,1955,9,12,0,2,2
8_43,56.5,4.26,46,27,19,NaN,0,99932,100023,HPB,84,1956-09-12 21:30:00,1956-09-14 19:00:00,NaN,1956,9,13,0,1956,9,14,18,3,8
9_43,47.25,3.1,89,0,0,NaN,0,118384,118561,HPB,84,1957-10-02 07:30:00,1957-10-06 00:00:00,NaN,1957,10,2,6,1957,10,6,0,3,9
10_43,53.21,6.01,42.5,18.5,24,NaN,0,134005,134089,HPB,84,1958-08-23 18:00:00,1958-08-25 12:00:00,NaN,1958,8,23,18,1958,8,25,12,1,2
11_43,36.35,3.46,60,21,32.5,NaN,0,152266,152385,HPB,84,1959-09-08 04:30:00,1959-09-10 16:00:00,NaN,1959,9,8,6,1959,9,10,18,3,8
12_43,35.235,3.24,38.5,1.5,23.5,NaN,0,170004,170080,HPB,84,1960-09-11 17:30:00,1960-09-13 07:30:00,NaN,1960,9,11,18,1960,9,13,6,3,1
13_43,31.815,2.38,77,0,0,NaN,0,189529,189682,HPB,84,1961-10-23 12:00:00,1961-10-26 16:30:00,NaN,1961,10,23,12,1961,10,26,18,3,5
14_43,34.67,3.69,61.5,0,0,NaN,0,253343,253465,HPB,84,1965-06-13 23:00:00,1965-06-16 12:00:00,NaN,1965,6,14,0,1965,6,16,12,3,1
15_43,66.24,4.85,89.5,0,97.5,NaN,0,273308,273486,HPB,84,1966-08-03 21:30:00,1966-08-07 14:30:00,NaN,1966,8,4,0,1966,8,7,12,3,1
16_43,30.31,3.42,24,16.5,7.5,NaN,0,292150,292197,HPB,84,1967-08-31 10:30:00,1967-09-01 10:00:00,NaN,1967,8,31,12,1967,9,1,12,2,5
17_43,68.505,3.65,81.5,36.5,26.5,NaN,0,310351,310513,HPB,84,1968-09-13 15:00:00,1968-09-17 00:00:00,NaN,1968,9,13,18,1968,9,17,0,2,6
18_43,30.94,6.21,29,0,0,NaN,0,326570,326627,HPB,84,1969-08-17 12:30:00,1969-08-18 17:00:00,NaN,1969,8,17,12,1969,8,18,18,1,7
19_43,24.03,4.21,21.5,0,0,NaN,0,343853,343895,HPB,84,1970-08-12 14:00:00,1970-08-13 11:00:00,NaN,1970,8,12,12,1970,8,13,12,1,9
20_43,22.23,3.72,21,0,0,NaN,0,363784,363825,HPB,84,1971-10-01 19:30:00,1971-10-02 16:00:00,NaN,1971,10,1,18,1971,10,2,18,2,1
21_43,58.04,2.58,61,0,0,NaN,0,364282,364403,HPB,84,1971-10-12 04:30:00,1971-10-14 17:00:00,NaN,1971,10,12,6,1971,10,14,18,2,1
22_43,47.505,3.69,54,0,0,NaN,0,383386,383493,HPB,84,1972-11-13 04:30:00,1972-11-15 10:00:00,NaN,1972,11,13,6,1972,11,15,12,3,2
23_43,28.1,4.7,49.5,0,0,NaN,0,395312,395410,HPB,84,1973-07-19 15:30:00,1973-07-21 16:30:00,NaN,1973,7,19,18,1973,7,21,18,1,3
24_43,33.34,2.89,52,24,24.5,NaN,0,416260,416363,HPB,84,1974-09-29 01:30:00,1974-10-01 05:00:00,NaN,1974,9,29,0,1974,10,1,6,3,6
25_43,62.02,6.16,37.5,0,27,NaN,0,433220,433294,HPB,84,1975-09-17 09:30:00,1975-09-18 22:30:00,NaN,1975,9,17,12,1975,9,19,0,3,6
26_43,39.525,3.25,38,0,0,NaN,0,448723,448798,HPB,84,1976-08-05 09:00:00,1976-08-06 22:30:00,NaN,1976,8,5,12,1976,8,7,0,3,7
27_43,24.94,5.13,18.5,0,0,NaN,0,468830,468866,HPB,84,1977-09-28 06:30:00,1977-09-29 00:30:00,NaN,1977,9,28,6,1977,9,29,0,1,2
28_43,21.07,2.96,30,0,0,NaN,0,484324,484383,HPB,84,1978-08-17 01:30:00,1978-08-18 07:00:00,NaN,1978,8,17,0,1978,8,18,6,2,3
29_43,53.705,2.15,72,0,42,NaN,0,484491,484634,HPB,84,1978-08-20 13:00:00,1978-08-23 12:30:00,NaN,1978,8,20,12,1978,8,23,12,2,3
30_43,30.235,2.55,33.5,24.5,9,NaN,0,504133,504199,HPB,84,1979-10-03 18:00:00,1979-10-05 03:00:00,NaN,1979,10,3,18,1979,10,5,6,3,9
31_43,78.565,2.85,91.5,0,74.5,NaN,0,520258,520440,HPB,84,1980-09-03 16:30:00,1980-09-07 11:30:00,NaN,1980,9,3,18,1980,9,7,12,2,5
32_43,27.7,3.35,82,0,0,NaN,0,541429,541592,HPB,84,1981-11-18 18:00:00,1981-11-22 03:30:00,NaN,1981,11,18,18,1981,11,22,6,1,2
33_43,27.125,2.42,52,0,4.5,NaN,0,555233,555336,HPB,84,1982-09-02 08:00:00,1982-09-04 11:30:00,NaN,1982,9,2,6,1982,9,4,12,3,2
34_43,37.755,3.23,47.5,0,0,NaN,0,555608,555702,HPB,84,1982-09-10 03:30:00,1982-09-12 02:30:00,NaN,1982,9,10,6,1982,9,12,0,3,2
35_43,24.48,1.54,64,0,0,NaN,0,576677,576804,HPB,84,1983-11-23 02:00:00,1983-11-25 17:30:00,NaN,1983,11,23,0,1983,11,25,18,3,9
36_43,31.68,2.12,99,0,0,NaN,0,593397,593594,HPB,84,1984-11-05 10:00:00,1984-11-09 12:30:00,NaN,1984,11,5,12,1984,11,9,12,3,2
37_43,31.8,4.39,45,38.5,5,NaN,0,625103,625192,HPB,84,1986-08-27 23:00:00,1986-08-29 19:30:00,NaN,1986,8,28,0,1986,8,29,18,1,7
38_43,31.745,6.16,47,17,30,NaN,0,642670,642763,HPB,84,1987-08-28 22:30:00,1987-08-30 21:00:00,NaN,1987,8,29,0,1987,8,31,0,1,6
39_43,35.905,4.61,27.5,11,16.5,NaN,0,660290,660344,HPB,84,1988-08-30 00:30:00,1988-08-31 03:30:00,NaN,1988,8,30,0,1988,8,31,6,1,2
40_43,34.505,2.9,61,0,0,NaN,0,680077,680198,HPB,84,1989-10-16 06:00:00,1989-10-18 18:30:00,NaN,1989,10,16,6,1989,10,18,18,3,8
41_43,41.505,3.44,87,0,0,NaN,0,699237,699410,HPB,84,1990-11-19 10:00:00,1990-11-23 00:30:00,NaN,1990,11,19,12,1990,11,23,0,3,7
42_43,45.67,2.57,79.5,1,63.5,NaN,0,711845,712003,HPB,84,1991-08-09 02:00:00,1991-08-12 09:00:00,NaN,1991,8,9,0,1991,8,12,12,2,6
43_43,22.4,2.23,29.5,0,29.5,NaN,0,728415,728473,HPB,84,1992-07-19 07:00:00,1992-07-20 12:00:00,NaN,1992,7,19,6,1992,7,20,12,3,7
44_43,92.86,4.85,112,49.5,28.5,NaN,0,748818,749041,HPB,84,1993-09-17 08:30:00,1993-09-22 00:00:00,NaN,1993,9,17,6,1993,9,22,0,2,6
45_43,32.405,2.08,55,19,18,NaN,0,762621,762730,HPB,84,1994-07-01 22:00:00,1994-07-04 04:30:00,NaN,1994,7,2,0,1994,7,4,6,2,1
46_43,23.665,7.87,28.5,0,0,NaN,0,762994,763050,HPB,84,1994-07-09 16:30:00,1994-07-10 20:30:00,NaN,1994,7,9,18,1994,7,10,18,2,1
47_43,25.46,4.55,34.5,0,0,NaN,0,783706,783774,HPB,84,1995-09-14 04:30:00,1995-09-15 14:30:00,NaN,1995,9,14,6,1995,9,15,12,1,9
48_43,27.57,3.94,17,0,1.5,NaN,0,784114,784147,HPB,84,1995-09-22 16:30:00,1995-09-23 09:00:00,NaN,1995,9,22,18,1995,9,23,12,1,9
49_43,22.275,2.91,28.5,0,0,NaN,0,798396,798452,HPB,84,1996-07-16 05:30:00,1996-07-17 09:30:00,NaN,1996,7,16,6,1996,7,17,12,3,10
50_43,53.71,4.86,29.5,18.5,11,NaN,0,816327,816385,HPB,84,1997-07-24 19:00:00,1997-07-26 00:00:00,NaN,1997,7,24,18,1997,7,26,0,3,6
51_43,46.74,3.35,75.5,0,0,NaN,0,834547,834697,HPB,84,1998-08-08 09:00:00,1998-08-11 12:00:00,NaN,1998,8,8,12,1998,8,11,12,2,5
52_43,27.9,2.38,67.5,0,0,NaN,0,855808,855942,HPB,84,1999-10-25 07:30:00,1999-10-28 02:30:00,NaN,1999,10,25,6,1999,10,28,0,2,5
53_43,22.695,2.49,48,10,35,NaN,0,866796,866891,HPB,84,2000-06-10 05:30:00,2000-06-12 05:00:00,NaN,2000,6,10,6,2000,6,12,6,3,3
54_43,26.475,5.16,37.5,0,0,NaN,0,884631,884705,HPB,84,2001-06-16 19:00:00,2001-06-18 08:00:00,NaN,2001,6,16,18,2001,6,18,6,3,7
55_43,38.38,3.17,37,0,10,NaN,0,884952,885025,HPB,84,2001-06-23 11:30:00,2001-06-25 00:00:00,NaN,2001,6,23,12,2001,6,25,0,3,7
56_43,25.63,4.4,51.5,0,0,NaN,0,908088,908190,HPB,84,2002-10-18 11:30:00,2002-10-20 14:30:00,NaN,2002,10,18,12,2002,10,20,12,1,5
57_43,139.87,6.68,78.5,0,0,NaN,0,922715,922871,HPB,84,2003-08-19 05:00:00,2003-08-22 11:00:00,NaN,2003,8,19,6,2003,8,22,12,2,6
58_43,86.975,9.65,70,60.5,9.5,NaN,0,940384,940523,HPB,84,2004-08-21 07:30:00,2004-08-24 05:00:00,NaN,2004,8,21,6,2004,8,24,6,1,8
59_43,72.525,5.87,51.5,11,40.5,NaN,0,957756,957858,HPB,84,2005-08-18 05:30:00,2005-08-20 08:30:00,NaN,2005,8,18,6,2005,8,20,6,3,6
60_43,37.605,4.98,29.5,0,0,NaN,0,976989,977047,HPB,84,2006-09-22 22:00:00,2006-09-24 03:00:00,NaN,2006,9,23,0,2006,9,24,6,3,8
61_43,27.68,1.4,69.5,0,0,NaN,0,995791,995929,HPB,84,2007-10-19 15:00:00,2007-10-22 12:00:00,NaN,2007,10,19,18,2007,10,22,12,3,2
62_43,33.41,4.8,101,0,0,NaN,0,1013992,1014193,HPB,84,2008-11-01 19:30:00,2008-11-06 00:00:00,NaN,2008,11,1,18,2008,11,6,0,1,8
63_43,67.23,3.15,98,0,0,NaN,0,1029382,1029577,HPB,84,2009-09-18 10:30:00,2009-09-22 12:00:00,NaN,2009,9,18,12,2009,9,22,12,3,7
64_40,77.405,4.16,82,0,0,NaN,0,1046713,1046876,HPB,84,2010-09-14 12:00:00,2010-09-17 21:30:00,NaN,2010,9,14,12,2010,9,18,0,2,9
1_44,85.755,6.29,81.5,0,57.5,NaN,23,11669,11831,HPB,85,1951-09-01 02:00:00,1951-09-04 11:00:00,NaN,1951,9,1,0,1951,9,4,12,3,5
2_44,53.965,9.59,26,12,14,NaN,0,26219,26270,HPB,85,1952-06-30 05:00:00,1952-07-01 06:30:00,NaN,1952,6,30,6,1952,7,1,6,1,9
3_44,57.28,5.68,83.5,0,0,NaN,0,48200,48366,HPB,85,1953-10-01 03:30:00,1953-10-04 14:30:00,NaN,1953,10,1,6,1953,10,4,12,3,8
4_44,22.77,2.28,23.5,0,0,NaN,0,66007,66053,HPB,85,1954-10-07 03:00:00,1954-10-08 02:00:00,NaN,1954,10,7,6,1954,10,8,0,3,9
5_44,36.135,1.94,134.5,0,31,NaN,0,79580,79848,HPB,85,1955-07-16 21:30:00,1955-07-22 11:30:00,NaN,1955,7,17,0,1955,7,22,12,3,10
6_44,72.565,5.73,55.5,30.5,25,NaN,0,97957,98067,HPB,85,1956-08-02 18:00:00,1956-08-05 01:00:00,NaN,1956,8,2,18,1956,8,5,0,3,6
7_44,55.68,5.53,102,45,43.5,NaN,0,116940,117143,HPB,85,1957-09-02 05:30:00,1957-09-06 11:00:00,NaN,1957,9,2,6,1957,9,6,12,3,8
8_44,37.865,2.67,98,0,0,NaN,0,133949,134144,HPB,85,1958-08-22 14:00:00,1958-08-26 15:30:00,NaN,1958,8,22,12,1958,8,26,18,2,8
9_44,35.35,9.57,15.5,12,3.5,NaN,0,170155,170185,HPB,85,1960-09-14 21:00:00,1960-09-15 12:00:00,NaN,1960,9,15,0,1960,9,15,12,2,6
10_44,30.685,2.23,28.5,0,0,NaN,0,170477,170533,HPB,85,1960-09-21 14:00:00,1960-09-22 18:00:00,NaN,1960,9,21,12,1960,9,22,18,2,6
11_44,27.395,2.08,31.5,0,29.5,NaN,0,170578,170640,HPB,85,1960-09-23 16:30:00,1960-09-24 23:30:00,NaN,1960,9,23,18,1960,9,25,0,2,6
12_44,65.895,6.34,45,0,41.5,NaN,0,188504,188593,HPB,85,1961-10-02 03:30:00,1961-10-04 00:00:00,NaN,1961,10,2,6,1961,10,4,0,2,5
13_44,41.045,3.04,50.5,0,0,NaN,0,203860,203960,HPB,85,1962-08-18 01:30:00,1962-08-20 03:30:00,NaN,1962,8,18,0,1962,8,20,6,3,7
14_44,31.24,1.75,43,0,79,NaN,0,222322,222407,HPB,85,1963-09-06 16:30:00,1963-09-08 11:00:00,NaN,1963,9,6,18,1963,9,8,12,2,8
15_44,36.51,3.01,35.5,0,0,NaN,0,240089,240159,HPB,85,1964-09-10 20:00:00,1964-09-12 07:00:00,NaN,1964,9,10,18,1964,9,12,6,3,6
16_44,34.785,2.09,53.5,0,0,NaN,0,261461,261567,HPB,85,1965-11-30 02:00:00,1965-12-02 07:00:00,NaN,1965,11,30,0,1965,12,2,6,2,8
17_44,38.615,1.02,93.5,0,0,NaN,0,275693,275879,HPB,85,1966-09-22 14:00:00,1966-09-26 11:00:00,NaN,1966,9,22,12,1966,9,26,12,2,8
18_44,41.655,2.82,68,0,0,NaN,0,275914,276049,HPB,85,1966-09-27 04:30:00,1966-09-30 00:00:00,NaN,1966,9,27,6,1966,9,30,0,2,8
19_44,24.08,3.4,107,0,0,NaN,0,291734,291947,HPB,85,1967-08-22 18:30:00,1967-08-27 05:00:00,NaN,1967,8,22,18,1967,8,27,6,2,5
20_44,56.79,3.23,81,17.5,41.5,NaN,0,291964,292125,HPB,85,1967-08-27 13:30:00,1967-08-30 22:00:00,NaN,1967,8,27,12,1967,8,31,0,2,5
21_44,22.905,3.1,22,0,0,NaN,0,310278,310321,HPB,85,1968-09-12 02:30:00,1968-09-13 00:00:00,NaN,1968,9,12,0,1968,9,13,0,1,1
22_44,56.26,3.46,68,0,48,NaN,0,330143,330278,HPB,85,1969-10-30 23:00:00,1969-11-02 18:30:00,NaN,1969,10,31,0,1969,11,2,18,2,7
23_44,32.77,3.28,45.5,23,21,NaN,0,346995,347085,HPB,85,1970-10-17 01:00:00,1970-10-18 22:00:00,NaN,1970,10,17,0,1970,10,19,0,3,6
24_44,85.56,5.07,65.5,14.5,27,NaN,0,379689,379819,HPB,85,1972-08-28 04:00:00,1972-08-30 21:00:00,NaN,1972,8,28,6,1972,8,31,0,2,6
25_44,48.13,2.95,42,0,0,NaN,0,397690,397773,HPB,85,1973-09-07 04:30:00,1973-09-08 22:00:00,NaN,1973,9,7,6,1973,9,9,0,2,6
26_44,27.61,4.39,17.5,0,0,NaN,0,397825,397859,HPB,85,1973-09-10 00:00:00,1973-09-10 17:00:00,NaN,1973,9,10,0,1973,9,10,18,2,6
27_44,35.47,2.97,81,19,31.5,NaN,0,416816,416977,HPB,85,1974-10-10 15:30:00,1974-10-14 00:00:00,NaN,1974,10,10,18,1974,10,14,0,2,9
28_44,71.135,4.02,68.5,0,24.5,NaN,0,430708,430844,HPB,85,1975-07-27 01:30:00,1975-07-29 21:30:00,NaN,1975,7,27,0,1975,7,30,0,2,6
29_44,65.01,5.19,53,20,28,NaN,0,451640,451745,HPB,85,1976-10-05 03:30:00,1976-10-07 08:00:00,NaN,1976,10,5,6,1976,10,7,6,3,5
30_44,77.14,5.26,90,0,0,NaN,0,465771,465950,HPB,85,1977-07-26 13:00:00,1977-07-30 06:30:00,NaN,1977,7,26,12,1977,7,30,6,2,2
31_44,20.105,3.57,15,0,0,NaN,0,484043,484072,HPB,85,1978-08-11 05:00:00,1978-08-11 19:30:00,NaN,1978,8,11,6,1978,8,11,18,1,6
32_44,34.735,6.74,13,0,0,NaN,0,484628,484653,HPB,85,1978-08-23 09:30:00,1978-08-23 22:00:00,NaN,1978,8,23,12,1978,8,24,0,1,6
33_44,49.475,6.02,39,9.5,19.5,NaN,0,499795,499872,HPB,85,1979-07-05 09:00:00,1979-07-06 23:30:00,NaN,1979,7,5,12,1979,7,7,0,1,6
34_44,29.38,2.64,25.5,0,0,NaN,0,520307,520357,HPB,85,1980-09-04 17:00:00,1980-09-05 18:00:00,NaN,1980,9,4,18,1980,9,5,18,3,8
35_44,38.02,2.3,73,0,3.5,NaN,0,537558,537703,HPB,85,1981-08-30 02:30:00,1981-09-02 03:00:00,NaN,1981,8,30,0,1981,9,2,6,2,7
36_44,20.45,2.24,54.5,0,0,NaN,0,554312,554420,HPB,85,1982-08-14 03:30:00,1982-08-16 09:30:00,NaN,1982,8,14,6,1982,8,16,12,3,7
37_44,23.455,2.4,43,0,0,NaN,0,554486,554571,HPB,85,1982-08-17 18:30:00,1982-08-19 13:00:00,NaN,1982,8,17,18,1982,8,19,12,3,7
38_44,32.105,2.08,35.5,24.5,11,NaN,0,572924,572994,HPB,85,1983-09-05 21:30:00,1983-09-07 08:30:00,NaN,1983,9,6,0,1983,9,7,6,3,9
39_44,23.865,2.31,29,0,0,NaN,0,589062,589119,HPB,85,1984-08-07 02:30:00,1984-08-08 07:00:00,NaN,1984,8,7,0,1984,8,8,6,2,8
40_44,66.41,6.03,101,0,0,NaN,0,610336,610537,HPB,85,1985-10-24 07:30:00,1985-10-28 12:00:00,NaN,1985,10,24,6,1985,10,28,12,3,6
41_44,26.805,2.02,42,0,0,NaN,0,625874,625957,HPB,85,1986-09-13 00:30:00,1986-09-14 18:00:00,NaN,1986,9,13,0,1986,9,14,18,2,6
42_44,46.255,2.51,72,0,16.5,NaN,0,626384,626527,HPB,85,1986-09-23 15:30:00,1986-09-26 15:00:00,NaN,1986,9,23,18,1986,9,26,18,2,6
43_44,32.2,2.79,39,0,0,NaN,0,642968,643045,HPB,85,1987-09-04 03:30:00,1987-09-05 18:00:00,NaN,1987,9,4,6,1987,9,5,18,3,8
44_44,39.305,3.15,27.5,0,0,NaN,0,661316,661370,HPB,85,1988-09-20 09:30:00,1988-09-21 12:30:00,NaN,1988,9,20,12,1988,9,21,12,3,9
45_44,33.81,5.27,64,21,40,NaN,0,680648,680775,HPB,85,1989-10-28 03:30:00,1989-10-30 19:00:00,NaN,1989,10,28,6,1989,10,30,18,1,8
46_44,40.805,3.7,66.5,49,17.5,NaN,0,694899,695031,HPB,85,1990-08-21 01:00:00,1990-08-23 19:00:00,NaN,1990,8,21,0,1990,8,23,18,1,9
47_44,50.66,9.13,31,19.5,11.5,NaN,0,695248,695309,HPB,85,1990-08-28 07:30:00,1990-08-29 14:00:00,NaN,1990,8,28,6,1990,8,29,12,1,9
48_44,47.865,4.3,92.5,27.5,65,NaN,0,712160,712344,HPB,85,1991-08-15 15:30:00,1991-08-19 11:30:00,NaN,1991,8,15,18,1991,8,19,12,1,8
49_44,83.31,4.38,70.5,0,0,NaN,0,748917,749057,HPB,85,1993-09-19 10:00:00,1993-09-22 08:00:00,NaN,1993,9,19,12,1993,9,22,6,2,5
50_44,25.11,1.83,79.5,37.5,42,NaN,0,764338,764496,HPB,85,1994-08-06 16:30:00,1994-08-09 23:30:00,NaN,1994,8,6,18,1994,8,10,0,3,10
51_44,32.8,3.77,31.5,0,0,NaN,0,764665,764727,HPB,85,1994-08-13 12:00:00,1994-08-14 19:00:00,NaN,1994,8,13,12,1994,8,14,18,3,10
52_44,35.33,2.64,79.5,0,0,NaN,0,781881,782039,HPB,85,1995-08-07 04:00:00,1995-08-10 11:00:00,NaN,1995,8,7,6,1995,8,10,12,1,6
53_44,46.605,10.23,25,0,49,NaN,0,782462,782511,HPB,85,1995-08-19 06:30:00,1995-08-20 07:00:00,NaN,1995,8,19,6,1995,8,20,6,1,6
54_44,45.305,2.58,136,0,0,NaN,0,799890,800161,HPB,85,1996-08-16 08:30:00,1996-08-22 00:00:00,NaN,1996,8,16,6,1996,8,22,0,2,4
55_44,40.225,6.94,24.5,0,0,NaN,0,820170,820218,HPB,85,1997-10-12 20:30:00,1997-10-13 20:30:00,NaN,1997,10,12,18,1997,10,13,18,1,1
56_44,62.555,5.36,38.5,8.5,11.5,NaN,0,837031,837107,HPB,85,1998-09-29 03:00:00,1998-09-30 17:00:00,NaN,1998,9,29,6,1998,9,30,18,2,2
57_44,25.67,6.07,27,0,0,NaN,0,855641,855694,HPB,85,1999-10-21 20:00:00,1999-10-22 22:30:00,NaN,1999,10,21,18,1999,10,23,0,1,9
58_44,34.915,3.79,47,0,6,NaN,0,855820,855913,HPB,85,1999-10-25 13:30:00,1999-10-27 12:00:00,NaN,1999,10,25,12,1999,10,27,12,1,9
59_44,42.67,2.87,48,0,0,NaN,0,870729,870824,HPB,85,2000-08-31 04:00:00,2000-09-02 03:30:00,NaN,2000,8,31,6,2000,9,2,6,3,9
60_44,41.075,3.7,54.5,33,44,NaN,0,888645,888753,HPB,85,2001-09-08 10:00:00,2001-09-10 16:00:00,NaN,2001,9,8,12,2001,9,10,18,3,9
61_44,25.345,3.89,39.5,0,0,NaN,0,905985,906063,HPB,85,2002-09-04 16:00:00,2002-09-06 07:00:00,NaN,2002,9,4,18,2002,9,6,6,2,8
62_44,60.77,3.26,63,15,25.5,NaN,0,906364,906489,HPB,85,2002-09-12 13:30:00,2002-09-15 04:00:00,NaN,2002,9,12,12,2002,9,15,6,2,8
63_44,73.22,3.02,46,0,3.5,NaN,0,924804,924895,HPB,85,2003-10-01 17:30:00,2003-10-03 15:00:00,NaN,2003,10,1,18,2003,10,3,18,2,7
64_41,25.86,3.67,30,0,0,NaN,0,943238,943297,HPB,85,2004-10-19 18:30:00,2004-10-21 00:00:00,NaN,2004,10,19,18,2004,10,21,0,1,10
65_39,103.555,5.72,97.5,0,97.5,NaN,0,957639,957833,HPB,85,2005-08-15 19:00:00,2005-08-19 20:00:00,NaN,2005,8,15,18,2005,8,19,18,2,1
66_35,43.635,3.29,42,0,0,NaN,0,979010,979093,HPB,85,2006-11-04 00:30:00,2006-11-05 18:00:00,NaN,2006,11,4,0,2006,11,5,18,3,2
67_34,37.21,3.49,57.5,0,0,NaN,0,1011158,1011272,HPB,85,2008-09-03 18:30:00,2008-09-06 03:30:00,NaN,2008,9,3,18,2008,9,6,6,3,9
68_28,62.405,5.8,49,0,0,NaN,0,1011578,1011675,HPB,85,2008-09-12 12:30:00,2008-09-14 13:00:00,NaN,2008,9,12,12,2008,9,14,12,3,9
69_20,43.055,2.28,63.5,0,0,NaN,0,1031239,1031365,HPB,85,2009-10-27 03:00:00,2009-10-29 18:00:00,NaN,2009,10,27,6,2009,10,29,18,2,6
1_45,40.015,1.96,85.5,0,0,NaN,0,13441,13611,HPB,86,1951-10-08 00:00:00,1951-10-11 13:00:00,NaN,1951,10,8,0,1951,10,11,12,2,5
2_45,20.795,1.32,74.5,0,0,NaN,0,32912,33060,HPB,86,1952-11-16 15:30:00,1952-11-19 17:30:00,NaN,1952,11,16,18,1952,11,19,18,2,4
3_45,22.945,3.01,21,0,0,NaN,0,46649,46690,HPB,86,1953-08-29 20:00:00,1953-08-30 16:30:00,NaN,1953,8,29,18,1953,8,30,18,3,5
4_45,35.535,3.56,34,0,0,NaN,0,46994,47061,HPB,86,1953-09-06 00:30:00,1953-09-07 10:00:00,NaN,1953,9,6,0,1953,9,7,12,3,5
5_45,97.235,7.1,32,0,0,NaN,0,63881,63944,HPB,86,1954-08-23 20:00:00,1954-08-25 03:30:00,NaN,1954,8,23,18,1954,8,25,6,3,6
6_45,47.485,3.76,51,6,17,NaN,0,82584,82685,HPB,86,1955-09-17 11:30:00,1955-09-19 14:00:00,NaN,1955,9,17,12,1955,9,19,12,2,5
7_45,26.57,3.39,38.5,0,28.5,NaN,0,82733,82809,HPB,86,1955-09-20 14:00:00,1955-09-22 04:00:00,NaN,1955,9,20,12,1955,9,22,6,2,5
8_45,76.995,4.09,80,0,0,NaN,0,100080,100239,HPB,86,1956-09-15 23:30:00,1956-09-19 07:00:00,NaN,1956,9,16,0,1956,9,19,6,2,1
9_45,40.555,1.85,43,9,29.5,NaN,0,100314,100399,HPB,86,1956-09-20 20:30:00,1956-09-22 15:00:00,NaN,1956,9,20,18,1956,9,22,18,2,1
10_45,48.75,2.8,73,0,0,NaN,0,121027,121172,HPB,86,1957-11-26 09:00:00,1957-11-29 09:30:00,NaN,1957,11,26,12,1957,11,29,12,2,8
11_45,31.635,2.01,49,0,0,NaN,0,132486,132583,HPB,86,1958-07-23 02:30:00,1958-07-25 03:00:00,NaN,1958,7,23,0,1958,7,25,6,3,7
12_45,29.3,3.39,27,0,0,NaN,0,153013,153066,HPB,86,1959-09-23 18:00:00,1959-09-24 20:30:00,NaN,1959,9,23,18,1959,9,24,18,2,8
13_45,51.17,2.23,113,36,86.5,NaN,0,153270,153495,HPB,86,1959-09-29 02:30:00,1959-10-03 19:00:00,NaN,1959,9,29,0,1959,10,3,18,2,8
14_45,22.305,2.96,51.5,0,0,NaN,0,167682,167784,HPB,86,1960-07-25 08:30:00,1960-07-27 11:30:00,NaN,1960,7,25,6,1960,7,27,12,1,6
15_45,68.995,9.33,42,0,19,NaN,0,167909,167992,HPB,86,1960-07-30 02:00:00,1960-07-31 19:30:00,NaN,1960,7,30,0,1960,7,31,18,1,6
16_45,50.29,2.92,76,16.5,32.5,NaN,0,186757,186908,HPB,86,1961-08-26 18:00:00,1961-08-29 21:30:00,NaN,1961,8,26,18,1961,8,30,0,2,6
17_45,53.915,6.86,45,13.5,22,NaN,0,205905,205994,HPB,86,1962-09-29 16:00:00,1962-10-01 12:30:00,NaN,1962,9,29,18,1962,10,1,12,1,6
18_45,21.02,4,83,0,0,NaN,0,242794,242959,HPB,86,1964-11-06 04:30:00,1964-11-09 15:00:00,NaN,1964,11,6,6,1964,11,9,18,1,4
19_45,25.86,2.6,29.5,0,0,NaN,0,256381,256439,HPB,86,1965-08-16 06:00:00,1965-08-17 11:00:00,NaN,1965,8,16,6,1965,8,17,12,3,9
20_45,23.245,4.62,12,0,0,NaN,0,270647,270670,HPB,86,1966-06-09 11:00:00,1966-06-09 22:30:00,NaN,1966,6,9,12,1966,6,10,0,1,6
21_45,44.005,2.92,54,5,29.5,NaN,0,292303,292410,HPB,86,1967-09-03 15:00:00,1967-09-05 20:30:00,NaN,1967,9,3,18,1967,9,5,18,2,7
22_45,68.33,4.95,82.5,0,0,NaN,0,310119,310283,HPB,86,1968-09-08 19:00:00,1968-09-12 05:00:00,NaN,1968,9,8,18,1968,9,12,6,2,6
23_45,23.535,5.25,24,0,0,NaN,0,327057,327104,HPB,86,1969-08-27 16:00:00,1969-08-28 15:30:00,NaN,1969,8,27,18,1969,8,28,18,3,5
24_45,77.805,7.11,47,0,7.5,NaN,0,327527,327620,HPB,86,1969-09-06 11:00:00,1969-09-08 09:30:00,NaN,1969,9,6,12,1969,9,8,12,3,5
25_45,30.065,4.08,67,0,0,NaN,0,346809,346942,HPB,86,1970-10-13 04:00:00,1970-10-15 22:30:00,NaN,1970,10,13,6,1970,10,16,0,1,8
26_45,102.48,7.92,79,35.5,41.5,NaN,0,360611,360768,HPB,86,1971-07-27 17:00:00,1971-07-30 23:30:00,NaN,1971,7,27,18,1971,7,31,0,2,6
27_45,26.745,5.09,22,0,0,NaN,0,381236,381279,HPB,86,1972-09-29 09:30:00,1972-09-30 07:00:00,NaN,1972,9,29,12,1972,9,30,6,1,2
28_45,50.25,3.51,66.5,0,0,NaN,0,395904,396036,HPB,86,1973-07-31 23:30:00,1973-08-03 17:30:00,NaN,1973,8,1,0,1973,8,3,18,3,2
29_45,74.42,2.65,78,0,24.5,NaN,0,416352,416507,HPB,86,1974-09-30 23:30:00,1974-10-04 05:00:00,NaN,1974,10,1,0,1974,10,4,6,2,6
30_45,30.22,3.16,20.5,0,0,NaN,0,433139,433179,HPB,86,1975-09-15 17:00:00,1975-09-16 13:00:00,NaN,1975,9,15,18,1975,9,16,12,2,2
31_45,44.335,3.54,80,0,0,NaN,0,446477,446636,HPB,86,1976-06-19 14:00:00,1976-06-22 21:30:00,NaN,1976,6,19,12,1976,6,23,0,2,6
32_45,107.205,4.45,169.5,0,0.5,NaN,0,485751,486089,HPB,86,1978-09-15 19:00:00,1978-09-22 20:00:00,NaN,1978,9,15,18,1978,9,22,18,2,2
33_45,22.29,2.86,80,0,0,NaN,0,506543,506702,HPB,86,1979-11-22 23:00:00,1979-11-26 06:30:00,NaN,1979,11,23,0,1979,11,26,6,3,8
34_45,36.79,2.82,77,0,0,NaN,0,506732,506885,HPB,86,1979-11-26 21:30:00,1979-11-30 02:00:00,NaN,1979,11,27,0,1979,11,30,0,3,8
35_45,22.415,5.05,29.5,0,29.5,NaN,0,521309,521367,HPB,86,1980-09-25 14:00:00,1980-09-26 19:00:00,NaN,1980,9,25,12,1980,9,26,18,3,6
36_45,59.82,4.04,35,0,0,NaN,0,521490,521559,HPB,86,1980-09-29 08:30:00,1980-09-30 19:00:00,NaN,1980,9,29,6,1980,9,30,18,3,6
37_45,38.05,1.83,118.5,0,0,NaN,0,537282,537518,HPB,86,1981-08-24 08:30:00,1981-08-29 06:30:00,NaN,1981,8,24,6,1981,8,29,6,2,6
38_45,25.42,4.16,21,0,0,NaN,0,557693,557734,HPB,86,1982-10-23 14:00:00,1982-10-24 10:30:00,NaN,1982,10,23,12,1982,10,24,12,3,8
39_45,47.245,3.75,57.5,31.5,26,NaN,0,557886,558000,HPB,86,1982-10-27 14:30:00,1982-10-29 23:30:00,NaN,1982,10,27,12,1982,10,30,0,3,8
40_45,27.445,1.76,61.5,0,0,NaN,0,572157,572279,HPB,86,1983-08-20 22:00:00,1983-08-23 11:00:00,NaN,1983,8,21,0,1983,8,23,12,2,5
41_45,21.32,5.32,15,0,0,NaN,0,572324,572353,HPB,86,1983-08-24 09:30:00,1983-08-25 00:00:00,NaN,1983,8,24,12,1983,8,25,0,2,5
42_45,39.49,2.23,53.5,0,30,NaN,0,592874,592980,HPB,86,1984-10-25 12:30:00,1984-10-27 17:30:00,NaN,1984,10,25,12,1984,10,27,18,2,6
43_45,33.595,3.45,80,0,0,NaN,0,605818,605977,HPB,86,1985-07-22 04:30:00,1985-07-25 12:00:00,NaN,1985,7,22,6,1985,7,25,12,2,6
44_45,25.475,2.17,21,0,0,NaN,0,625586,625627,HPB,86,1986-09-07 00:30:00,1986-09-07 21:00:00,NaN,1986,9,7,0,1986,9,8,0,1,5
45_45,25.19,3.42,38.5,0,0.5,NaN,0,626065,626141,HPB,86,1986-09-17 00:00:00,1986-09-18 14:00:00,NaN,1986,9,17,0,1986,9,18,12,1,5
46_45,82.305,3.35,217,17.5,51.5,NaN,0,641484,641917,HPB,86,1987-08-04 05:30:00,1987-08-13 06:00:00,NaN,1987,8,4,6,1987,8,13,6,2,10
47_45,56.735,3.66,71.5,0,0,NaN,0,661275,661417,HPB,86,1988-09-19 13:00:00,1988-09-22 12:00:00,NaN,1988,9,19,12,1988,9,22,12,2,8
48_45,43.06,2.02,84.5,0,3.5,NaN,0,679676,679844,HPB,86,1989-10-07 21:30:00,1989-10-11 09:30:00,NaN,1989,10,8,0,1989,10,11,12,2,8
49_45,21.025,2.55,20,0,0,NaN,0,679882,679921,HPB,86,1989-10-12 04:30:00,1989-10-13 00:00:00,NaN,1989,10,12,6,1989,10,13,0,2,8
50_45,40.19,2.94,62,0,0,NaN,0,692172,692295,HPB,86,1990-06-25 05:30:00,1990-06-27 19:00:00,NaN,1990,6,25,6,1990,6,27,18,3,7
51_45,52.945,4.86,35,0,0.5,NaN,0,713245,713314,HPB,86,1991-09-07 06:00:00,1991-09-08 16:30:00,NaN,1991,9,7,6,1991,9,8,18,3,6
52_45,53.3,6.35,37.5,0,36,NaN,0,730911,730985,HPB,86,1992-09-09 07:00:00,1992-09-10 20:00:00,NaN,1992,9,9,6,1992,9,10,18,1,1
53_45,47.94,5.17,60,0,0,NaN,0,748509,748628,HPB,86,1993-09-10 22:00:00,1993-09-13 09:30:00,NaN,1993,9,11,0,1993,9,13,12,1,8
54_45,33.555,3.75,55.5,13.5,26.5,NaN,0,748757,748867,HPB,86,1993-09-16 02:00:00,1993-09-18 09:00:00,NaN,1993,9,16,0,1993,9,18,12,1,8
55_45,28.435,5.31,19,0,0,NaN,0,763632,763669,HPB,86,1994-07-22 23:30:00,1994-07-23 18:00:00,NaN,1994,7,23,0,1994,7,23,18,1,6
56_45,39.94,6.21,25.5,0,0,NaN,0,783937,783987,HPB,86,1995-09-19 00:00:00,1995-09-20 01:00:00,NaN,1995,9,19,0,1995,9,20,0,1,8
57_45,28.785,9.52,43,0,0,NaN,0,799763,799848,HPB,86,1996-08-13 17:00:00,1996-08-15 11:30:00,NaN,1996,8,13,18,1996,8,15,12,1,6
58_45,79.065,7.78,54,32.5,21.5,NaN,0,818313,818420,HPB,86,1997-09-04 04:00:00,1997-09-06 09:30:00,NaN,1997,9,4,6,1997,9,6,12,3,9
59_45,33.54,1.39,74,0,0,NaN,0,835342,835489,HPB,86,1998-08-24 22:30:00,1998-08-28 00:00:00,NaN,1998,8,25,0,1998,8,28,0,2,9
60_45,21.78,2.26,25,0,0,NaN,0,853765,853814,HPB,86,1999-09-12 18:00:00,1999-09-13 18:30:00,NaN,1999,9,12,18,1999,9,13,18,1,2
61_45,54.095,7,47.5,0,13,NaN,0,853962,854056,HPB,86,1999-09-16 20:30:00,1999-09-18 19:30:00,NaN,1999,9,16,18,1999,9,18,18,1,2
62_45,20.885,2.7,37,15,32,NaN,0,872408,872481,HPB,86,2000-10-05 03:30:00,2000-10-06 16:00:00,NaN,2000,10,5,6,2000,10,6,18,2,9
63_45,63.335,2.65,94.5,0,44.5,NaN,0,888544,888732,HPB,86,2001-09-06 07:30:00,2001-09-10 05:30:00,NaN,2001,9,6,6,2001,9,10,6,2,6
64_42,50.53,2.31,62.5,0,0,NaN,0,906815,906939,HPB,86,2002-09-21 23:00:00,2002-09-24 13:00:00,NaN,2002,9,22,0,2002,9,24,12,2,9
65_40,36.35,2.06,99.5,30,59,NaN,0,924310,924508,HPB,86,2003-09-21 10:30:00,2003-09-25 13:30:00,NaN,2003,9,21,12,2003,9,25,12,3,6
66_36,55.625,4.54,65.5,0,6.5,NaN,0,924600,924730,HPB,86,2003-09-27 11:30:00,2003-09-30 04:30:00,NaN,2003,9,27,12,2003,9,30,6,3,6
67_35,35.825,4.12,26.5,0,0,NaN,0,943602,943654,HPB,86,2004-10-27 08:30:00,2004-10-28 10:30:00,NaN,2004,10,27,6,2004,10,28,12,3,6
68_29,26.705,1.59,42.5,0,0,NaN,0,959628,959712,HPB,86,2005-09-26 05:30:00,2005-09-27 23:30:00,NaN,2005,9,26,6,2005,9,28,0,2,8
69_21,56.91,2.41,73.5,0,73.5,NaN,0,975814,975960,HPB,86,2006-08-29 10:30:00,2006-09-01 11:30:00,NaN,2006,8,29,12,2006,9,1,12,2,10
70_16,30.34,2.83,30,0,0,NaN,0,997613,997672,HPB,86,2007-11-26 14:00:00,2007-11-27 19:30:00,NaN,2007,11,26,12,2007,11,27,18,3,7
71_15,120.48,4.72,116,0,0,NaN,0,1010744,1010975,HPB,86,2008-08-26 03:30:00,2008-08-30 23:00:00,NaN,2008,8,26,6,2008,8,31,0,2,9
72_10,38.185,2.34,35.5,0,15,NaN,0,1028522,1028592,HPB,86,2009-08-31 12:30:00,2009-09-01 23:30:00,NaN,2009,8,31,12,2009,9,2,0,2,10
73_7,74.14,4.1,181.5,0,17.5,NaN,0,1042775,1043137,HPB,86,2010-06-24 11:00:00,2010-07-02 00:00:00,NaN,2010,6,24,12,2010,7,2,0,2,6
1_46,35.05,2.18,42.5,0,12.5,NaN,0,29676,29760,HPB,87,1952-09-10 05:30:00,1952-09-11 23:30:00,NaN,1952,9,10,6,1952,9,12,0,1,5
2_46,55.4,8.42,23.5,0,8.5,NaN,0,47937,47983,HPB,87,1953-09-25 16:00:00,1953-09-26 15:00:00,NaN,1953,9,25,18,1953,9,26,18,1,2
3_46,33.54,2.72,66.5,15.5,39.5,NaN,0,64110,64242,HPB,87,1954-08-28 14:30:00,1954-08-31 08:30:00,NaN,1954,8,28,12,1954,8,31,6,3,1
4_46,53.985,4.41,63.5,0,0,NaN,0,80393,80519,HPB,87,1955-08-02 20:00:00,1955-08-05 11:00:00,NaN,1955,8,2,18,1955,8,5,12,3,6
5_46,33.405,4.77,32,15,17,NaN,0,96894,96957,HPB,87,1956-07-11 14:30:00,1956-07-12 22:00:00,NaN,1956,7,11,12,1956,7,13,0,1,1
6_46,54.95,8.12,26.5,13.5,13,NaN,0,116758,116810,HPB,87,1957-08-29 10:30:00,1957-08-30 12:30:00,NaN,1957,8,29,12,1957,8,30,12,1,9
7_46,39.725,5.42,23.5,0,0,NaN,0,136168,136214,HPB,87,1958-10-07 19:30:00,1958-10-08 18:30:00,NaN,1958,10,7,18,1958,10,8,18,1,2
8_46,47.985,7.08,53,0,0,NaN,0,150878,150983,HPB,87,1959-08-10 06:30:00,1959-08-12 11:00:00,NaN,1959,8,10,6,1959,8,12,12,2,5
9_46,39.225,2.42,95.5,0,0,NaN,0,151232,151422,HPB,87,1959-08-17 15:30:00,1959-08-21 14:30:00,NaN,1959,8,17,18,1959,8,21,12,2,5
10_46,30.2,2.61,36.5,0,0,NaN,0,165171,165243,HPB,87,1960-06-03 01:00:00,1960-06-04 13:00:00,NaN,1960,6,3,0,1960,6,4,12,2,1
11_46,31.235,1.97,52.5,0,13.5,NaN,0,187184,187288,HPB,87,1961-09-04 15:30:00,1961-09-06 19:30:00,NaN,1961,9,4,18,1961,9,6,18,1,1
12_46,37.235,1.75,79,0,53.5,NaN,0,205067,205224,HPB,87,1962-09-12 05:00:00,1962-09-15 11:30:00,NaN,1962,9,12,6,1962,9,15,12,2,7
13_46,39.56,2.88,35,0,0,NaN,0,240048,240117,HPB,87,1964-09-09 23:30:00,1964-09-11 10:00:00,NaN,1964,9,10,0,1964,9,11,12,3,7
14_46,31.155,2.36,32.5,0,0,NaN,0,240515,240579,HPB,87,1964-09-19 17:00:00,1964-09-21 01:00:00,NaN,1964,9,19,18,1964,9,21,0,3,7
15_46,94.295,10.66,105,0,36.5,NaN,0,256504,256713,HPB,87,1965-08-18 19:30:00,1965-08-23 04:00:00,NaN,1965,8,18,18,1965,8,23,6,1,6
16_46,61.07,4.15,43.5,0,0,NaN,0,274199,274285,HPB,87,1966-08-22 11:00:00,1966-08-24 06:00:00,NaN,1966,8,22,12,1966,8,24,6,2,6
17_46,42.73,3.56,45,21,19.5,NaN,0,293797,293886,HPB,87,1967-10-04 18:00:00,1967-10-06 14:30:00,NaN,1967,10,4,18,1967,10,6,12,3,9
18_46,25.795,3.22,80.5,0,0,NaN,0,314139,314299,HPB,87,1968-12-01 13:00:00,1968-12-04 21:00:00,NaN,1968,12,1,12,1968,12,5,0,1,4
19_46,22.395,2.72,37,0,0,NaN,0,328162,328235,HPB,87,1969-09-19 16:30:00,1969-09-21 05:00:00,NaN,1969,9,19,18,1969,9,21,6,2,7
20_46,41.39,5.12,38,19,18.5,NaN,0,328252,328327,HPB,87,1969-09-21 13:30:00,1969-09-23 03:00:00,NaN,1969,9,21,12,1969,9,23,6,2,7
21_46,24.105,3.71,24.5,0,0,NaN,0,344271,344319,HPB,87,1970-08-21 07:00:00,1970-08-22 07:00:00,NaN,1970,8,21,6,1970,8,22,6,1,9
22_46,34.085,6.49,25.5,0,25.5,NaN,0,361218,361268,HPB,87,1971-08-09 08:30:00,1971-08-10 09:30:00,NaN,1971,8,9,6,1971,8,10,12,1,6
23_46,30.26,2.94,60.5,0,0,NaN,0,382274,382394,HPB,87,1972-10-21 00:30:00,1972-10-23 12:30:00,NaN,1972,10,21,0,1972,10,23,12,1,2
24_46,22.735,3.83,42,0,0,NaN,0,382497,382580,HPB,87,1972-10-25 16:00:00,1972-10-27 09:30:00,NaN,1972,10,25,18,1972,10,27,12,1,2
25_46,31.325,3.42,83.5,0,0,NaN,0,401353,401519,HPB,87,1973-11-22 12:00:00,1973-11-25 23:00:00,NaN,1973,11,22,12,1973,11,26,0,1,2
26_46,46.67,6.94,92.5,0,0,NaN,0,413556,413740,HPB,87,1974-08-03 17:30:00,1974-08-07 13:30:00,NaN,1974,8,3,18,1974,8,7,12,1,2
27_46,24.545,3.92,26.5,15.5,11,NaN,0,413839,413891,HPB,87,1974-08-09 15:00:00,1974-08-10 17:00:00,NaN,1974,8,9,18,1974,8,10,18,1,2
28_46,77.81,9.16,33.5,0,0,NaN,0,450175,450241,HPB,87,1976-09-04 15:00:00,1976-09-06 00:00:00,NaN,1976,9,4,18,1976,9,6,0,1,1
29_46,23.045,1.29,44,0,0,NaN,0,469688,469775,HPB,87,1977-10-16 03:30:00,1977-10-17 23:00:00,NaN,1977,10,16,6,1977,10,18,0,2,6
30_46,66.73,13.13,32,0,20,NaN,0,482278,482341,HPB,87,1978-07-05 10:30:00,1978-07-06 18:00:00,NaN,1978,7,5,12,1978,7,6,18,1,6
31_46,43.635,4.95,63.5,0,0,NaN,0,499079,499205,HPB,87,1979-06-20 11:00:00,1979-06-23 02:00:00,NaN,1979,6,20,12,1979,6,23,0,3,6
32_46,128.42,4.98,123,43,31.5,NaN,0,519683,519928,HPB,87,1980-08-22 17:00:00,1980-08-27 19:30:00,NaN,1980,8,22,18,1980,8,27,18,2,1
33_46,25,2.79,57.5,0,0,NaN,0,541051,541165,HPB,87,1981-11-10 21:00:00,1981-11-13 06:00:00,NaN,1981,11,11,0,1981,11,13,6,3,2
34_46,43.645,3.67,123,0,0,NaN,0,559196,559441,HPB,87,1982-11-23 21:30:00,1982-11-29 00:00:00,NaN,1982,11,24,0,1982,11,29,0,3,9
35_46,27.09,2.31,40,29.5,22,NaN,0,570835,570914,HPB,87,1983-07-24 09:00:00,1983-07-26 00:30:00,NaN,1983,7,24,12,1983,7,26,0,3,10
36_46,31.725,1.92,44,0,55,NaN,0,592119,592206,HPB,87,1984-10-09 19:00:00,1984-10-11 14:30:00,NaN,1984,10,9,18,1984,10,11,12,2,6
37_46,29.93,3.98,97.5,0,0,NaN,0,611218,611412,HPB,87,1985-11-11 16:30:00,1985-11-15 17:30:00,NaN,1985,11,11,18,1985,11,15,18,1,8
38_46,31.08,2.5,27.5,0,0,NaN,0,624939,624993,HPB,87,1986-08-24 13:00:00,1986-08-25 16:00:00,NaN,1986,8,24,12,1986,8,25,18,2,9
39_46,42.48,3.31,76,0,0,NaN,0,643822,643973,HPB,87,1987-09-21 22:30:00,1987-09-25 02:00:00,NaN,1987,9,22,0,1987,9,25,0,3,9
40_46,35.91,3,62,21,31,NaN,0,660969,661092,HPB,87,1988-09-13 04:00:00,1988-09-15 17:30:00,NaN,1988,9,13,6,1988,9,15,18,2,6
41_46,56.025,6.89,94,0,0,NaN,0,680602,680789,HPB,87,1989-10-27 04:30:00,1989-10-31 02:00:00,NaN,1989,10,27,6,1989,10,31,0,1,8
42_46,87.59,6.43,100,63,30,NaN,0,710696,710895,HPB,87,1991-07-16 03:30:00,1991-07-20 07:00:00,NaN,1991,7,16,6,1991,7,20,6,3,8
43_46,63.12,3.75,225.5,0,5.5,NaN,0,728578,729028,HPB,87,1992-07-22 16:30:00,1992-08-01 01:30:00,NaN,1992,7,22,18,1992,8,1,0,1,5
44_46,32.34,5.73,30,6,24,NaN,0,729045,729104,HPB,87,1992-08-01 10:00:00,1992-08-02 15:30:00,NaN,1992,8,1,12,1992,8,2,18,1,5
45_46,75.1,3.48,138,0,2,NaN,0,747371,747646,HPB,87,1993-08-18 05:00:00,1993-08-23 22:30:00,NaN,1993,8,18,6,1993,8,24,0,2,7
46_46,49.82,3.62,121.5,0,0,NaN,0,763974,764216,HPB,87,1994-07-30 02:30:00,1994-08-04 03:30:00,NaN,1994,7,30,0,1994,8,4,6,1,8
47_46,32.37,3.92,67.5,25,32,NaN,0,764403,764537,HPB,87,1994-08-08 01:00:00,1994-08-10 20:00:00,NaN,1994,8,8,0,1994,8,10,18,1,8
48_46,32.885,4.17,50,0,0,NaN,0,784601,784700,HPB,87,1995-10-02 20:00:00,1995-10-04 21:30:00,NaN,1995,10,2,18,1995,10,5,0,3,6
49_46,31.7,4.77,19,0,0,NaN,0,801483,801520,HPB,87,1996-09-18 13:00:00,1996-09-19 07:30:00,NaN,1996,9,18,12,1996,9,19,6,2,6
50_46,65.93,7.72,36.5,14,22.5,NaN,0,816658,816730,HPB,87,1997-07-31 16:30:00,1997-08-02 04:30:00,NaN,1997,7,31,18,1997,8,2,6,1,6
51_46,31.065,4.16,22.5,0,0,NaN,0,835726,835770,HPB,87,1998-09-01 22:30:00,1998-09-02 20:30:00,NaN,1998,9,2,0,1998,9,2,18,1,1
52_46,32.76,5.56,28.5,0,0,NaN,0,854105,854161,HPB,87,1999-09-19 20:00:00,1999-09-21 00:00:00,NaN,1999,9,19,18,1999,9,21,0,1,9
53_46,62.345,7.08,66.5,16,18.5,NaN,0,854556,854688,HPB,87,1999-09-29 05:30:00,1999-10-01 23:30:00,NaN,1999,9,29,6,1999,10,2,0,1,9
54_46,32.81,1.6,64,0,0,NaN,0,871667,871794,HPB,87,2000-09-19 17:00:00,2000-09-22 08:30:00,NaN,2000,9,19,18,2000,9,22,6,2,3
55_46,32.405,4.3,35,17.5,17.5,NaN,0,890616,890685,HPB,87,2001-10-19 11:30:00,2001-10-20 22:00:00,NaN,2001,10,19,12,2001,10,21,0,1,8
56_46,26.77,2.79,32,15,17,NaN,0,905487,905550,HPB,87,2002-08-25 07:00:00,2002-08-26 14:30:00,NaN,2002,8,25,6,2002,8,26,12,3,2
57_46,26.06,1.14,63,0,0,NaN,0,924921,925046,HPB,87,2003-10-04 04:00:00,2003-10-06 18:30:00,NaN,2003,10,4,6,2003,10,6,18,3,1
58_46,39.87,4.34,38.5,0,0,NaN,0,925350,925426,HPB,87,2003-10-13 02:30:00,2003-10-14 16:30:00,NaN,2003,10,13,0,2003,10,14,18,3,1
59_46,44.295,6.29,88.5,0,0,NaN,0,938403,938579,HPB,87,2004-07-11 01:00:00,2004-07-14 17:00:00,NaN,2004,7,11,0,2004,7,14,18,2,5
60_46,81.235,7.15,45,24.5,20.5,NaN,0,976098,976187,HPB,87,2006-09-04 08:30:00,2006-09-06 05:00:00,NaN,2006,9,4,6,2006,9,6,6,3,8
61_46,27.64,3.17,31.5,23.5,8,NaN,0,991017,991079,HPB,87,2007-07-12 04:00:00,2007-07-13 11:00:00,NaN,2007,7,12,6,2007,7,13,12,3,2
62_46,36.235,6,26.5,0,0,NaN,0,991313,991365,HPB,87,2007-07-18 08:00:00,2007-07-19 10:00:00,NaN,2007,7,18,6,2007,7,19,12,3,2
63_46,55.425,5.58,62,0,27,NaN,0,1009100,1009223,HPB,87,2008-07-22 21:30:00,2008-07-25 11:00:00,NaN,2008,7,23,0,2008,7,25,12,3,6
64_43,33.115,1.99,90,54.5,35.5,NaN,0,1032118,1032297,HPB,87,2009-11-14 10:30:00,2009-11-18 04:00:00,NaN,2009,11,14,12,2009,11,18,6,3,9
65_41,47.885,2.81,87,0,0,NaN,0,1043821,1043994,HPB,87,2010-07-16 06:00:00,2010-07-19 20:30:00,NaN,2010,7,16,6,2010,7,19,18,2,7
1_47,70.33,4.37,141.5,0,60.5,NaN,0,9894,10176,HPB,88,1951-07-26 02:30:00,1951-07-31 23:30:00,NaN,1951,7,26,0,1951,8,1,0,3,9
2_47,48.405,3.96,82,0,0,NaN,0,10221,10384,HPB,88,1951-08-01 22:00:00,1951-08-05 07:30:00,NaN,1951,8,2,0,1951,8,5,6,3,9
3_47,45.565,3.22,69,15.5,53.5,NaN,0,29450,29587,HPB,88,1952-09-05 12:30:00,1952-09-08 09:00:00,NaN,1952,9,5,12,1952,9,8,12,2,1
4_47,22.685,2.07,23,20,3,NaN,0,47329,47374,HPB,88,1953-09-13 00:00:00,1953-09-13 22:30:00,NaN,1953,9,13,0,1953,9,14,0,2,8
5_47,54.585,3.73,34.5,10,18.5,NaN,0,47767,47835,HPB,88,1953-09-22 03:00:00,1953-09-23 13:00:00,NaN,1953,9,22,6,1953,9,23,12,2,8
6_47,61.435,4.49,39,0,19.5,NaN,0,81776,81853,HPB,88,1955-08-31 15:30:00,1955-09-02 06:00:00,NaN,1955,8,31,18,1955,9,2,6,2,3
7_47,31.62,5.92,46.5,0,0,NaN,0,97014,97106,HPB,88,1956-07-14 02:30:00,1956-07-16 00:30:00,NaN,1956,7,14,0,1956,7,16,0,1,1
8_47,22.405,3.75,41.5,0,0,NaN,0,97353,97435,HPB,88,1956-07-21 04:00:00,1956-07-22 21:00:00,NaN,1956,7,21,6,1956,7,23,0,1,1
9_47,49.25,8.4,50,0,0,NaN,0,97487,97586,HPB,88,1956-07-23 23:00:00,1956-07-26 00:30:00,NaN,1956,7,24,0,1956,7,26,0,1,1
10_47,24.595,4.41,38,0,0,NaN,0,130140,130215,HPB,88,1958-06-04 05:30:00,1958-06-05 19:00:00,NaN,1958,6,4,6,1958,6,5,18,1,6
11_47,23.965,2.11,40.5,20,20.5,NaN,0,151970,152050,HPB,88,1959-09-02 00:30:00,1959-09-03 16:30:00,NaN,1959,9,2,0,1959,9,3,18,3,8
12_47,44.89,5.86,62.5,41.5,21,NaN,0,152379,152503,HPB,88,1959-09-10 13:00:00,1959-09-13 03:00:00,NaN,1959,9,10,12,1959,9,13,6,3,8
13_47,61.815,4.06,47,0,0,NaN,0,169037,169130,HPB,88,1960-08-22 14:00:00,1960-08-24 12:30:00,NaN,1960,8,22,12,1960,8,24,12,2,6
14_47,25.14,3.37,22,0,0,NaN,0,186444,186487,HPB,88,1961-08-20 05:30:00,1961-08-21 03:00:00,NaN,1961,8,20,6,1961,8,21,6,3,6
15_47,57.96,5.62,39,11,28,NaN,0,186590,186667,HPB,88,1961-08-23 06:30:00,1961-08-24 21:00:00,NaN,1961,8,23,6,1961,8,25,0,3,6
16_47,23.305,3.04,49,0,0,NaN,0,203427,203524,HPB,88,1962-08-09 01:00:00,1962-08-11 01:30:00,NaN,1962,8,9,0,1962,8,11,0,1,6
17_47,31.085,6.79,38.5,0,38,NaN,0,222569,222645,HPB,88,1963-09-11 20:00:00,1963-09-13 10:00:00,NaN,1963,9,11,18,1963,9,13,12,2,7
18_47,38.695,3.41,36,0,0,NaN,0,223042,223113,HPB,88,1963-09-21 16:30:00,1963-09-23 04:00:00,NaN,1963,9,21,18,1963,9,23,6,2,7
19_47,31.68,3.04,59.5,0,0,NaN,0,236217,236335,HPB,88,1964-06-22 04:00:00,1964-06-24 15:00:00,NaN,1964,6,22,6,1964,6,24,18,3,6
20_47,25.75,3.34,29.5,0,0,NaN,0,256836,256894,HPB,88,1965-08-25 17:30:00,1965-08-26 22:30:00,NaN,1965,8,25,18,1965,8,27,0,2,9
21_47,28.7,2.54,53.5,18.5,26,NaN,0,273973,274079,HPB,88,1966-08-17 18:00:00,1966-08-19 23:00:00,NaN,1966,8,17,18,1966,8,20,0,3,3
22_47,73.3,8.31,44.5,15,33,NaN,0,291169,291257,HPB,88,1967-08-11 00:00:00,1967-08-12 20:00:00,NaN,1967,8,11,0,1967,8,12,18,2,9
23_47,31.24,2.21,61,0,87.5,NaN,0,291287,291408,HPB,88,1967-08-13 11:00:00,1967-08-15 23:30:00,NaN,1967,8,13,12,1967,8,16,0,2,9
24_47,50.98,4.71,59.5,24,55,NaN,0,308639,308757,HPB,88,1968-08-08 23:00:00,1968-08-11 10:00:00,NaN,1968,8,9,0,1968,8,11,12,3,8
25_47,48.435,3.32,42.5,0,0,NaN,0,323801,323885,HPB,88,1969-06-20 20:00:00,1969-06-22 14:00:00,NaN,1969,6,20,18,1969,6,22,12,3,5
26_47,22.55,1.69,38.5,0,17.5,NaN,0,346761,346837,HPB,88,1970-10-12 04:00:00,1970-10-13 18:00:00,NaN,1970,10,12,6,1970,10,13,18,3,8
27_47,33.73,3.33,42.5,17.5,22,NaN,0,346950,347034,HPB,88,1970-10-16 02:30:00,1970-10-17 20:30:00,NaN,1970,10,16,0,1970,10,17,18,3,8
28_47,41.855,3.79,35.5,0,0,NaN,0,361455,361525,HPB,88,1971-08-14 07:00:00,1971-08-15 18:00:00,NaN,1971,8,14,6,1971,8,15,18,1,9
29_47,29.035,5.32,16,0,0,NaN,0,397818,397849,HPB,88,1973-09-09 20:30:00,1973-09-10 12:00:00,NaN,1973,9,9,18,1973,9,10,12,1,10
30_47,21.29,3.17,34,0,21.5,NaN,0,412591,412658,HPB,88,1974-07-14 15:00:00,1974-07-16 00:30:00,NaN,1974,7,14,18,1974,7,16,0,1,6
31_47,20.77,1.38,113.5,0,0,NaN,0,449383,449609,HPB,88,1976-08-19 03:00:00,1976-08-23 20:00:00,NaN,1976,8,19,6,1976,8,23,18,1,7
32_47,45.975,6.58,55,0,0,NaN,0,449927,450036,HPB,88,1976-08-30 11:00:00,1976-09-01 17:30:00,NaN,1976,8,30,12,1976,9,1,18,1,7
33_47,21.21,2.66,23,6,17,NaN,0,468601,468646,HPB,88,1977-09-23 12:00:00,1977-09-24 10:30:00,NaN,1977,9,23,12,1977,9,24,12,3,9
34_47,38.08,2.55,37,0,2.5,NaN,0,469017,469090,HPB,88,1977-10-02 04:00:00,1977-10-03 16:30:00,NaN,1977,10,2,6,1977,10,3,18,3,9
35_47,40.805,3.38,90.5,0,59.5,NaN,0,483279,483459,HPB,88,1978-07-26 07:00:00,1978-07-30 01:00:00,NaN,1978,7,26,6,1978,7,30,0,2,6
36_47,34.165,4.46,42,0,0,NaN,0,503255,503338,HPB,88,1979-09-15 11:00:00,1979-09-17 04:30:00,NaN,1979,9,15,12,1979,9,17,6,1,6
37_47,38.94,3.36,97.5,0,0,NaN,0,523953,524147,HPB,88,1980-11-19 16:00:00,1980-11-23 17:00:00,NaN,1980,11,19,18,1980,11,23,18,3,2
38_47,33.48,4.36,20,0,0,NaN,0,537988,538027,HPB,88,1981-09-08 01:30:00,1981-09-08 21:00:00,NaN,1981,9,8,0,1981,9,9,0,1,6
39_47,31.14,1.74,36.5,0,0,NaN,0,555259,555331,HPB,88,1982-09-02 21:00:00,1982-09-04 09:00:00,NaN,1982,9,3,0,1982,9,4,12,2,1
40_47,29.84,3.11,24,0,0,NaN,0,572347,572394,HPB,88,1983-08-24 21:00:00,1983-08-25 20:30:00,NaN,1983,8,25,0,1983,8,25,18,2,1
41_47,49.46,2.1,113,0,0,NaN,0,572788,573013,HPB,88,1983-09-03 01:30:00,1983-09-07 18:00:00,NaN,1983,9,3,0,1983,9,7,18,2,1
42_47,24.455,2.37,39.5,19.5,17.5,NaN,0,591451,591529,HPB,88,1984-09-25 21:00:00,1984-09-27 12:00:00,NaN,1984,9,26,0,1984,9,27,12,3,5
43_47,21.265,2.76,73,0,0,NaN,0,607570,607715,HPB,88,1985-08-27 16:30:00,1985-08-30 17:00:00,NaN,1985,8,27,18,1985,8,30,18,1,1
44_47,26.755,4.37,16,0,0,NaN,0,625355,625386,HPB,88,1986-09-02 05:00:00,1986-09-02 20:30:00,NaN,1986,9,2,6,1986,9,2,18,2,6
45_47,41.545,3.88,39,23,16,NaN,0,625416,625493,HPB,88,1986-09-03 11:30:00,1986-09-05 02:00:00,NaN,1986,9,3,12,1986,9,5,0,2,6
46_47,43.35,3.48,64,0,64,NaN,0,643975,644102,HPB,88,1987-09-25 03:00:00,1987-09-27 18:30:00,NaN,1987,9,25,6,1987,9,27,18,1,9
47_47,44.81,3.6,28.5,0,18.5,NaN,0,661000,661056,HPB,88,1988-09-13 19:30:00,1988-09-14 23:30:00,NaN,1988,9,13,18,1988,9,15,0,3,8
48_47,60.845,10.03,24.5,18.5,6,NaN,0,677391,677439,HPB,88,1989-08-21 07:00:00,1989-08-22 07:00:00,NaN,1989,8,21,6,1989,8,22,6,1,8
49_47,34.375,4.38,16,0,13.5,NaN,0,694994,695025,HPB,88,1990-08-23 00:30:00,1990-08-23 16:00:00,NaN,1990,8,23,0,1990,8,23,18,1,9
50_47,41.965,5.83,91,0,84,NaN,0,695486,695667,HPB,88,1990-09-02 06:30:00,1990-09-06 01:00:00,NaN,1990,9,2,6,1990,9,6,0,1,9
51_47,87.515,4.77,109.5,0,45.5,NaN,0,712816,713034,HPB,88,1991-08-29 07:30:00,1991-09-02 20:30:00,NaN,1991,8,29,6,1991,9,2,18,3,7
52_47,47.255,4.92,28,0,0,NaN,0,732022,732077,HPB,88,1992-10-02 10:30:00,1992-10-03 14:00:00,NaN,1992,10,2,12,1992,10,3,12,3,8
53_47,29.87,1.76,50.5,0,0,NaN,0,750897,750997,HPB,88,1993-10-30 16:00:00,1993-11-01 18:00:00,NaN,1993,10,30,18,1993,11,1,18,2,8
54_47,25.125,1.94,70.5,0,13.5,NaN,0,767238,767378,HPB,88,1994-10-06 02:30:00,1994-10-09 00:30:00,NaN,1994,10,6,0,1994,10,9,0,2,8
55_47,62.705,3.46,73,15,19.5,NaN,0,767501,767646,HPB,88,1994-10-11 14:00:00,1994-10-14 14:30:00,NaN,1994,10,11,12,1994,10,14,12,2,8
56_47,37.98,5.63,32.5,18.5,14,NaN,0,782857,782921,HPB,88,1995-08-27 12:00:00,1995-08-28 20:00:00,NaN,1995,8,27,12,1995,8,28,18,1,9
57_47,20.26,2,20,0,0,NaN,0,802554,802593,HPB,88,1996-10-10 20:30:00,1996-10-11 16:00:00,NaN,1996,10,10,18,1996,10,11,18,2,8
58_47,23.58,1.47,82.5,30,40.5,NaN,0,802815,802979,HPB,88,1996-10-16 07:00:00,1996-10-19 17:00:00,NaN,1996,10,16,6,1996,10,19,18,2,8
59_47,22.825,2.61,14.5,0,0,NaN,0,817922,817950,HPB,88,1997-08-27 00:30:00,1997-08-27 14:30:00,NaN,1997,8,27,0,1997,8,27,12,3,8
60_47,49.945,5.56,41.5,25,16.5,NaN,0,818188,818270,HPB,88,1997-09-01 13:30:00,1997-09-03 06:30:00,NaN,1997,9,1,12,1997,9,3,6,3,8
61_47,73.665,5.09,61,0,17,NaN,0,818445,818566,HPB,88,1997-09-06 22:00:00,1997-09-09 10:30:00,NaN,1997,9,7,0,1997,9,9,12,3,8
62_47,35.195,2.81,48,0,0,NaN,0,836810,836905,HPB,88,1998-09-24 12:30:00,1998-09-26 12:00:00,NaN,1998,9,24,12,1998,9,26,12,2,8
63_47,59.885,4.67,93.5,0,0,NaN,0,837253,837439,HPB,88,1998-10-03 18:00:00,1998-10-07 15:00:00,NaN,1998,10,3,18,1998,10,7,18,2,8
64_44,35.935,2.24,77.5,53,6,NaN,0,851968,852122,HPB,88,1999-08-06 07:30:00,1999-08-09 12:30:00,NaN,1999,8,6,6,1999,8,9,12,3,10
65_42,26.92,2.85,38,0,0,NaN,0,872700,872775,HPB,88,2000-10-11 05:30:00,2000-10-12 19:00:00,NaN,2000,10,11,6,2000,10,12,18,3,6
66_37,29.665,5.34,33,0,0,NaN,0,889719,889784,HPB,88,2001-09-30 19:00:00,2001-10-02 03:30:00,NaN,2001,9,30,18,2001,10,2,6,1,6
67_36,34.93,1.99,58,0,0,NaN,0,901947,902062,HPB,88,2002-06-12 13:00:00,2002-06-14 22:30:00,NaN,2002,6,12,12,2002,6,15,0,2,9
68_30,38.795,1.95,37.5,22,15.5,NaN,0,921873,921947,HPB,88,2003-08-01 16:00:00,2003-08-03 05:00:00,NaN,2003,8,1,18,2003,8,3,6,2,9
69_22,58.625,5.47,46,0,0,NaN,0,941600,941691,HPB,88,2004-09-15 15:30:00,2004-09-17 13:00:00,NaN,2004,9,15,18,2004,9,17,12,3,7
70_17,65.03,2.49,83.5,8.5,70,NaN,0,959140,959306,HPB,88,2005-09-16 01:30:00,2005-09-19 12:30:00,NaN,2005,9,16,0,2005,9,19,12,2,5
71_16,51.515,2.12,85.5,0,0,NaN,0,972736,972906,HPB,88,2006-06-26 07:30:00,2006-06-29 20:30:00,NaN,2006,6,26,6,2006,6,29,18,2,6
72_11,78.015,10.92,38,18,20,NaN,0,994343,994418,HPB,88,2007-09-19 11:00:00,2007-09-21 00:30:00,NaN,2007,9,19,12,2007,9,21,0,1,9
73_8,23.44,4.11,60,0,0,NaN,0,1014976,1015095,HPB,88,2008-11-22 07:30:00,2008-11-24 19:00:00,NaN,2008,11,22,6,2008,11,24,18,2,8
74_5,24.49,3.74,37,0,18,NaN,0,1015117,1015190,HPB,88,2008-11-25 06:00:00,2008-11-26 18:30:00,NaN,2008,11,25,6,2008,11,26,18,2,8
75_5,39.72,2.2,77.5,0,0,NaN,0,1015239,1015393,HPB,88,2008-11-27 19:00:00,2008-12-01 00:00:00,NaN,2008,11,27,18,2008,12,1,0,2,8
76_3,47.265,4.14,44.5,0,0,NaN,0,1027919,1028007,HPB,88,2009-08-18 23:00:00,2009-08-20 19:00:00,NaN,2009,8,19,0,2009,8,20,18,2,8
77_3,46.945,3.6,44.5,22.5,22,NaN,0,1044991,1045079,HPB,88,2010-08-09 15:00:00,2010-08-11 11:00:00,NaN,2010,8,9,18,2010,8,11,12,2,5
78_1,99.11,9.21,54,0,50.5,NaN,0,1045481,1045588,HPB,88,2010-08-19 20:00:00,2010-08-22 01:30:00,NaN,2010,8,19,18,2010,8,22,0,2,5
1_48,36.285,3.12,38,0,5,NaN,0,13311,13386,HPB,89,1951-10-05 07:00:00,1951-10-06 20:30:00,NaN,1951,10,5,6,1951,10,6,18,3,6
2_48,52.12,6.54,26.5,16.5,10,NaN,0,29647,29699,HPB,89,1952-09-09 15:00:00,1952-09-10 17:00:00,NaN,1952,9,9,18,1952,9,10,18,1,8
3_48,51.525,3.46,64.5,45.5,19,NaN,0,45606,45734,HPB,89,1953-08-08 02:30:00,1953-08-10 18:30:00,NaN,1953,8,8,0,1953,8,10,18,2,6
4_48,27.83,2.84,34.5,0,0,NaN,0,64137,64205,HPB,89,1954-08-29 04:00:00,1954-08-30 14:00:00,NaN,1954,8,29,6,1954,8,30,12,2,2
5_48,65.54,5.44,48,19,19.5,NaN,0,64471,64566,HPB,89,1954-09-05 03:00:00,1954-09-07 02:30:00,NaN,1954,9,5,6,1954,9,7,0,2,2
6_48,29.395,2.88,57.5,0,0,NaN,0,83175,83289,HPB,89,1955-09-29 19:00:00,1955-10-02 04:00:00,NaN,1955,9,29,18,1955,10,2,6,3,6
7_48,32.86,2.56,26.5,0,7,NaN,0,99108,99160,HPB,89,1956-08-26 17:30:00,1956-08-27 19:30:00,NaN,1956,8,26,18,1956,8,27,18,2,8
8_48,33.735,3.16,28,0,0,NaN,0,99195,99250,HPB,89,1956-08-28 13:00:00,1956-08-29 16:30:00,NaN,1956,8,28,12,1956,8,29,18,2,8
9_48,63.195,7.65,47,0,48.5,NaN,0,117095,117188,HPB,89,1957-09-05 11:00:00,1957-09-07 09:30:00,NaN,1957,9,5,12,1957,9,7,12,2,6
10_48,64.23,6.86,47.5,34.5,27,NaN,0,133131,133225,HPB,89,1958-08-05 13:00:00,1958-08-07 12:00:00,NaN,1958,8,5,12,1958,8,7,12,1,9
11_48,26.175,5.47,23.5,0,0,NaN,0,149411,149457,HPB,89,1959-07-10 17:00:00,1959-07-11 16:00:00,NaN,1959,7,10,18,1959,7,11,18,3,8
12_48,27.17,2.82,45.5,0,0,NaN,0,149676,149766,HPB,89,1959-07-16 05:30:00,1959-07-18 02:30:00,NaN,1959,7,16,6,1959,7,18,0,3,8
13_48,37.03,4.06,20.5,0,29.5,NaN,0,169635,169675,HPB,89,1960-09-04 01:00:00,1960-09-04 21:00:00,NaN,1960,9,4,0,1960,9,5,0,1,9
14_48,98.9,6.22,80,55.5,24.5,NaN,0,186450,186609,HPB,89,1961-08-20 08:30:00,1961-08-23 16:00:00,NaN,1961,8,20,6,1961,8,23,18,2,8
15_48,24.43,4.08,23.5,0,0,NaN,0,202959,203005,HPB,89,1962-07-30 07:00:00,1962-07-31 06:00:00,NaN,1962,7,30,6,1962,7,31,6,1,6
16_48,38.47,2.83,37.5,0,0,NaN,0,220746,220820,HPB,89,1963-08-04 20:30:00,1963-08-06 09:30:00,NaN,1963,8,4,18,1963,8,6,12,3,8
17_48,42.875,5.25,99.5,0,3.5,NaN,0,237208,237406,HPB,89,1964-07-12 19:30:00,1964-07-16 22:30:00,NaN,1964,7,12,18,1964,7,17,0,1,5
18_48,28.575,2.72,34.5,0,0,NaN,0,258020,258088,HPB,89,1965-09-19 09:30:00,1965-09-20 19:30:00,NaN,1965,9,19,12,1965,9,20,18,2,9
19_48,23.49,2.03,39.5,13,22.5,NaN,0,258409,258487,HPB,89,1965-09-27 12:00:00,1965-09-29 03:00:00,NaN,1965,9,27,12,1965,9,29,6,2,9
20_48,32.555,2.23,89.5,15,24,NaN,0,271076,271254,HPB,89,1966-06-18 09:30:00,1966-06-22 02:30:00,NaN,1966,6,18,12,1966,6,22,0,2,3
21_48,34.695,2.33,36,0,0,NaN,0,295518,295589,HPB,89,1967-11-09 14:30:00,1967-11-11 02:00:00,NaN,1967,11,9,12,1967,11,11,0,2,4
22_48,53.74,1.31,194,91,82.5,NaN,0,308770,309157,HPB,89,1968-08-11 16:30:00,1968-08-19 18:00:00,NaN,1968,8,11,18,1968,8,19,18,2,8
23_48,58.515,5.58,38,11.5,25.5,NaN,0,326004,326079,HPB,89,1969-08-05 17:30:00,1969-08-07 07:00:00,NaN,1969,8,5,18,1969,8,7,6,3,6
24_48,43.67,3.02,92,47,33,NaN,0,344488,344671,HPB,89,1970-08-25 19:30:00,1970-08-29 15:00:00,NaN,1970,8,25,18,1970,8,29,18,2,5
25_48,34.885,4.06,31,0,0,NaN,0,363321,363382,HPB,89,1971-09-22 04:00:00,1971-09-23 10:30:00,NaN,1971,9,22,6,1971,9,23,12,3,6
26_48,36.245,3.02,56,0,2,NaN,0,363754,363865,HPB,89,1971-10-01 04:30:00,1971-10-03 12:00:00,NaN,1971,10,1,6,1971,10,3,12,3,6
27_48,38.64,6.67,27.5,22,5.5,NaN,0,377557,377611,HPB,89,1972-07-14 18:00:00,1972-07-15 21:00:00,NaN,1972,7,14,18,1972,7,16,0,1,8
28_48,27.725,2.96,63.5,0,0,NaN,0,396037,396163,HPB,89,1973-08-03 18:00:00,1973-08-06 09:00:00,NaN,1973,8,3,18,1973,8,6,12,1,1
29_48,46.275,5.01,71,0,0,NaN,0,416919,417060,HPB,89,1974-10-12 19:00:00,1974-10-15 17:30:00,NaN,1974,10,12,18,1974,10,15,18,3,2
30_48,33.645,2.06,58.5,0,0,NaN,0,429994,430110,HPB,89,1975-07-12 04:30:00,1975-07-14 14:30:00,NaN,1975,7,12,6,1975,7,14,12,2,8
31_48,40.57,3.21,31.5,0,0,NaN,0,450246,450308,HPB,89,1976-09-06 02:30:00,1976-09-07 09:30:00,NaN,1976,9,6,0,1976,9,7,12,1,9
32_48,35.445,4.64,95,0,0,NaN,0,450561,450750,HPB,89,1976-09-12 16:00:00,1976-09-16 14:30:00,NaN,1976,9,12,18,1976,9,16,12,1,9
33_48,30.665,4.19,38.5,25,13.5,NaN,0,468014,468090,HPB,89,1977-09-11 06:30:00,1977-09-12 20:30:00,NaN,1977,9,11,6,1977,9,12,18,2,2
34_48,28.51,6.59,16.5,0,0,NaN,0,468146,468178,HPB,89,1977-09-14 00:30:00,1977-09-14 16:30:00,NaN,1977,9,14,0,1977,9,14,18,2,2
35_48,106.725,5.19,76.5,13.5,19,NaN,0,468507,468659,HPB,89,1977-09-21 13:00:00,1977-09-24 17:00:00,NaN,1977,9,21,12,1977,9,24,18,2,2
36_48,50.625,2.55,65.5,12.5,21,NaN,0,485388,485518,HPB,89,1978-09-08 05:30:00,1978-09-10 22:30:00,NaN,1978,9,8,6,1978,9,11,0,2,2
37_48,39.16,2.48,49.5,0,0,NaN,0,485877,485975,HPB,89,1978-09-18 10:00:00,1978-09-20 11:00:00,NaN,1978,9,18,12,1978,9,20,12,2,2
38_48,56.595,2.6,55,33.5,21.5,NaN,0,500264,500373,HPB,89,1979-07-15 03:30:00,1979-07-17 10:00:00,NaN,1979,7,15,6,1979,7,17,12,2,10
39_48,43.32,1.99,58.5,0,0,NaN,0,521776,521892,HPB,89,1980-10-05 07:30:00,1980-10-07 17:30:00,NaN,1980,10,5,6,1980,10,7,18,2,9
40_48,35.575,4.63,66.5,0,0,NaN,0,539247,539379,HPB,89,1981-10-04 07:00:00,1981-10-07 01:00:00,NaN,1981,10,4,6,1981,10,7,0,1,2
41_48,53.27,3.6,73,0,0,NaN,0,554914,555059,HPB,89,1982-08-26 16:30:00,1982-08-29 17:00:00,NaN,1982,8,26,18,1982,8,29,18,2,5
42_48,33.445,6.27,22,0,9,NaN,0,573906,573949,HPB,89,1983-09-26 08:30:00,1983-09-27 06:00:00,NaN,1983,9,26,6,1983,9,27,6,1,8
43_48,42.085,2.15,76.5,0,0,NaN,0,591053,591205,HPB,89,1984-09-17 14:00:00,1984-09-20 18:00:00,NaN,1984,9,17,12,1984,9,20,18,3,6
44_48,71.385,5.51,84,32.5,37,NaN,0,591333,591500,HPB,89,1984-09-23 10:00:00,1984-09-26 21:30:00,NaN,1984,9,23,12,1984,9,27,0,3,6
45_48,23.29,2.39,20.5,0,0,NaN,0,608292,608332,HPB,89,1985-09-11 17:30:00,1985-09-12 13:30:00,NaN,1985,9,11,18,1985,9,12,12,1,6
46_48,38.355,3.27,58.5,0,0,NaN,0,625802,625918,HPB,89,1986-09-11 12:30:00,1986-09-13 22:30:00,NaN,1986,9,11,12,1986,9,14,0,2,7
47_48,48.045,5.79,69.5,0,0,NaN,0,644639,644777,HPB,89,1987-10-08 23:00:00,1987-10-11 20:00:00,NaN,1987,10,9,0,1987,10,11,18,3,2
48_48,38.96,4.61,44,26.5,17.5,NaN,0,661735,661822,HPB,89,1988-09-29 03:00:00,1988-09-30 22:30:00,NaN,1988,9,29,6,1988,10,1,0,1,9
49_48,45.84,3.89,86.5,0,0,NaN,0,680211,680383,HPB,89,1989-10-19 01:00:00,1989-10-22 15:00:00,NaN,1989,10,19,0,1989,10,22,18,2,9
50_48,29.795,2.12,32,7.5,24.5,NaN,0,694912,694975,HPB,89,1990-08-21 07:30:00,1990-08-22 15:00:00,NaN,1990,8,21,6,1990,8,22,18,2,8
51_48,101.495,3.37,63,0,0,NaN,0,695153,695278,HPB,89,1990-08-26 08:00:00,1990-08-28 22:30:00,NaN,1990,8,26,6,1990,8,29,0,2,8
52_48,44.23,4.05,41,11.5,23.5,NaN,0,695296,695377,HPB,89,1990-08-29 07:30:00,1990-08-31 00:00:00,NaN,1990,8,29,6,1990,8,31,0,2,8
53_48,54.015,5.27,38.5,27.5,11,NaN,0,710850,710926,HPB,89,1991-07-19 08:30:00,1991-07-20 22:30:00,NaN,1991,7,19,6,1991,7,21,0,3,8
54_48,53.965,4.22,63.5,0,0,NaN,0,731869,731995,HPB,89,1992-09-29 06:00:00,1992-10-01 21:00:00,NaN,1992,9,29,6,1992,10,2,0,3,9
55_48,44.58,4.59,31.5,0,0,NaN,0,748254,748316,HPB,89,1993-09-05 14:30:00,1993-09-06 21:30:00,NaN,1993,9,5,12,1993,9,7,0,3,8
56_48,26.05,1.88,70,34,18.5,NaN,0,768317,768456,HPB,89,1994-10-28 14:00:00,1994-10-31 11:30:00,NaN,1994,10,28,12,1994,10,31,12,3,8
57_48,127.43,5.12,151,0,75.5,NaN,0,799782,800083,HPB,89,1996-08-14 02:30:00,1996-08-20 09:00:00,NaN,1996,8,14,0,1996,8,20,12,2,6
58_48,20.1,2.7,119.5,0,108,NaN,0,817384,817622,HPB,89,1997-08-15 19:30:00,1997-08-20 18:30:00,NaN,1997,8,15,18,1997,8,20,18,1,2
59_48,79.045,13.45,63,18,24.5,NaN,0,817703,817828,HPB,89,1997-08-22 11:00:00,1997-08-25 01:30:00,NaN,1997,8,22,12,1997,8,25,0,1,2
60_48,26.695,3.69,92,0,0,NaN,0,838004,838187,HPB,89,1998-10-19 09:30:00,1998-10-23 05:00:00,NaN,1998,10,19,12,1998,10,23,6,1,2
61_48,48.55,3.56,53.5,0,0,NaN,0,855618,855724,HPB,89,1999-10-21 08:30:00,1999-10-23 13:30:00,NaN,1999,10,21,6,1999,10,23,12,2,7
62_48,43.335,2.82,49,0,0,NaN,0,874202,874299,HPB,89,2000-11-11 12:30:00,2000-11-13 13:00:00,NaN,2000,11,11,12,2000,11,13,12,3,6
63_48,74.425,5.04,106.5,0,46,NaN,0,890300,890512,HPB,89,2001-10-12 21:30:00,2001-10-17 07:30:00,NaN,2001,10,13,0,2001,10,17,6,3,9
64_45,155.425,6.65,110,8.5,43,NaN,0,904814,905033,HPB,89,2002-08-11 06:30:00,2002-08-15 20:00:00,NaN,2002,8,11,6,2002,8,15,18,2,6
65_43,31.865,2.02,104,0,0,NaN,0,926950,927157,HPB,89,2003-11-15 10:30:00,2003-11-19 18:00:00,NaN,2003,11,15,12,2003,11,19,18,3,2
66_38,62.85,3.93,60,38,22,NaN,0,942606,942725,HPB,89,2004-10-06 14:30:00,2004-10-09 02:00:00,NaN,2004,10,6,12,2004,10,9,0,2,8
67_37,49.885,5.02,28,0,0,NaN,0,958127,958182,HPB,89,2005-08-25 23:00:00,2005-08-27 02:30:00,NaN,2005,8,26,0,2005,8,27,0,1,7
68_31,34.07,3.13,35.5,17.5,18,NaN,0,977486,977556,HPB,89,2006-10-03 06:30:00,2006-10-04 17:30:00,NaN,2006,10,3,6,2006,10,4,18,3,6
69_23,45.525,3.9,60.5,40.5,20,NaN,0,990776,990896,HPB,89,2007-07-07 03:30:00,2007-07-09 15:30:00,NaN,2007,7,7,6,2007,7,9,18,3,9
70_18,47.2,4.43,44,41,3,NaN,0,991180,991267,HPB,89,2007-07-15 13:30:00,2007-07-17 09:00:00,NaN,2007,7,15,12,2007,7,17,12,3,9
71_17,30.7,2.21,52.5,8,43.5,NaN,0,1010870,1010974,HPB,89,2008-08-28 18:30:00,2008-08-30 22:30:00,NaN,2008,8,28,18,2008,8,31,0,2,2
72_12,67.49,6.07,48,0,23,NaN,0,1011166,1011261,HPB,89,2008-09-03 22:30:00,2008-09-05 22:00:00,NaN,2008,9,4,0,2008,9,6,0,2,2
73_9,62.31,2.54,128,0,82.5,NaN,0,1027625,1027880,HPB,89,2009-08-12 20:00:00,2009-08-18 03:30:00,NaN,2009,8,12,18,2009,8,18,6,2,6
74_6,24.37,1.47,63,0,0,NaN,0,1042883,1043008,HPB,89,2010-06-26 17:00:00,2010-06-29 07:30:00,NaN,2010,6,26,18,2010,6,29,6,2,9
1_49,91.335,6.9,54,26.5,27.5,NaN,0,10184,10291,HPB,90,1951-08-01 03:30:00,1951-08-03 09:00:00,NaN,1951,8,1,6,1951,8,3,12,3,5
2_49,25.74,2.77,54,0,0,NaN,0,27763,27870,HPB,90,1952-08-01 09:00:00,1952-08-03 14:30:00,NaN,1952,8,1,12,1952,8,3,12,1,5
3_49,40.56,3.65,50.5,45.5,5,NaN,0,44899,44999,HPB,90,1953-07-24 09:00:00,1953-07-26 11:00:00,NaN,1953,7,24,12,1953,7,26,12,2,7
4_49,35.405,2.05,60,0,0,NaN,0,63157,63276,HPB,90,1954-08-08 18:00:00,1954-08-11 05:30:00,NaN,1954,8,8,18,1954,8,11,6,2,9
5_49,28.46,1.7,77.5,0,0,NaN,0,81634,81788,HPB,90,1955-08-28 16:30:00,1955-08-31 21:30:00,NaN,1955,8,28,18,1955,9,1,0,1,9
6_49,64.71,7.49,73,0,0,NaN,0,82071,82216,HPB,90,1955-09-06 19:00:00,1955-09-09 19:30:00,NaN,1955,9,6,18,1955,9,9,18,1,9
7_49,51.925,3.15,47,21.5,19.5,NaN,0,99671,99764,HPB,90,1956-09-07 11:00:00,1956-09-09 09:30:00,NaN,1956,9,7,12,1956,9,9,12,2,6
8_49,27.4,1.07,86.5,0,0,NaN,0,115215,115387,HPB,90,1957-07-28 07:00:00,1957-07-31 21:00:00,NaN,1957,7,28,6,1957,8,1,0,2,6
9_49,34.36,1.95,62.5,12.5,17,NaN,0,115419,115543,HPB,90,1957-08-01 13:00:00,1957-08-04 03:00:00,NaN,1957,8,1,12,1957,8,4,6,2,6
10_49,24.275,4.46,69,0,0,NaN,0,131854,131991,HPB,90,1958-07-09 22:30:00,1958-07-12 19:00:00,NaN,1958,7,10,0,1958,7,12,18,1,4
11_49,102.59,5.57,136,25.5,48,NaN,0,151840,152111,HPB,90,1959-08-30 07:30:00,1959-09-04 23:00:00,NaN,1959,8,30,6,1959,9,5,0,2,7
12_49,23.34,3.46,84.5,0,0,NaN,0,171914,172082,HPB,90,1960-10-21 12:30:00,1960-10-25 00:30:00,NaN,1960,10,21,12,1960,10,25,0,1,2
13_49,26.135,3.84,25.5,10.5,15,NaN,0,186849,186899,HPB,90,1961-08-28 16:00:00,1961-08-29 17:00:00,NaN,1961,8,28,18,1961,8,29,18,1,10
14_49,39.935,3.55,32.5,17.5,15,NaN,0,206961,207025,HPB,90,1962-10-21 16:00:00,1962-10-23 00:00:00,NaN,1962,10,21,18,1962,10,23,0,3,6
15_49,26.125,2.36,74.5,0,16.5,NaN,0,222329,222477,HPB,90,1963-09-06 20:00:00,1963-09-09 22:00:00,NaN,1963,9,6,18,1963,9,10,0,3,8
16_49,22.545,4.11,57.5,19,25.5,NaN,0,239409,239523,HPB,90,1964-08-27 16:00:00,1964-08-30 01:00:00,NaN,1964,8,27,18,1964,8,30,0,3,6
17_49,79.97,8.34,33.5,17.5,16,NaN,0,239809,239875,HPB,90,1964-09-05 00:00:00,1964-09-06 09:00:00,NaN,1964,9,5,0,1964,9,6,12,3,6
18_49,35.46,2.99,76,0,6,NaN,0,260153,260304,HPB,90,1965-11-02 20:00:00,1965-11-05 23:30:00,NaN,1965,11,2,18,1965,11,6,0,3,2
19_49,26,3.6,29,0,0,NaN,0,275834,275891,HPB,90,1966-09-25 12:30:00,1966-09-26 17:00:00,NaN,1966,9,25,12,1966,9,26,18,2,5
20_49,35.495,1.66,64.5,0,40,NaN,0,292670,292798,HPB,90,1967-09-11 06:30:00,1967-09-13 22:30:00,NaN,1967,9,11,6,1967,9,14,0,2,5
21_49,24.405,2.59,26,22,4,NaN,0,310460,310511,HPB,90,1968-09-15 21:30:00,1968-09-16 23:00:00,NaN,1968,9,16,0,1968,9,17,0,1,6
22_49,83.595,2.96,138,28,87,NaN,0,327806,328081,HPB,90,1969-09-12 06:30:00,1969-09-18 00:00:00,NaN,1969,9,12,6,1969,9,18,0,2,9
23_49,20.825,1.99,49,0,0,NaN,0,343910,344007,HPB,90,1970-08-13 18:30:00,1970-08-15 19:00:00,NaN,1970,8,13,18,1970,8,15,18,2,1
24_49,34.15,4,69.5,13.5,35.5,NaN,0,360992,361130,HPB,90,1971-08-04 15:30:00,1971-08-07 12:30:00,NaN,1971,8,4,18,1971,8,7,12,1,9
25_49,39.69,2.36,72.5,0,41.5,NaN,0,376716,376860,HPB,90,1972-06-27 05:30:00,1972-06-30 05:30:00,NaN,1972,6,27,6,1972,6,30,6,2,9
26_49,25.605,1.82,37.5,0,0,NaN,0,401112,401186,HPB,90,1973-11-17 11:30:00,1973-11-19 00:30:00,NaN,1973,11,17,12,1973,11,19,0,3,8
27_49,25.595,3.55,35.5,0,0,NaN,0,413950,414020,HPB,90,1974-08-11 22:30:00,1974-08-13 09:30:00,NaN,1974,8,12,0,1974,8,13,12,2,1
28_49,102.835,6.02,75.5,0,0,NaN,0,414105,414255,HPB,90,1974-08-15 04:00:00,1974-08-18 07:00:00,NaN,1974,8,15,6,1974,8,18,6,2,1
29_49,51.59,2.73,51.5,0,0,NaN,0,434636,434738,HPB,90,1975-10-16 21:30:00,1975-10-19 00:30:00,NaN,1975,10,17,0,1975,10,19,0,2,8
30_49,22.7,1.97,71.5,0,0,NaN,0,451108,451250,HPB,90,1976-09-24 01:30:00,1976-09-27 00:30:00,NaN,1976,9,24,0,1976,9,27,0,3,8
31_49,35.815,3.5,22,0,0,NaN,0,451445,451488,HPB,90,1976-10-01 02:00:00,1976-10-01 23:30:00,NaN,1976,10,1,0,1976,10,2,0,3,8
32_49,22.415,1.83,42,0,0,NaN,0,467538,467621,HPB,90,1977-09-01 08:30:00,1977-09-03 02:00:00,NaN,1977,9,1,6,1977,9,3,0,3,9
33_49,56.71,3.97,69,33.5,35.5,NaN,0,467909,468046,HPB,90,1977-09-09 02:00:00,1977-09-11 22:30:00,NaN,1977,9,9,0,1977,9,12,0,3,9
34_49,31.53,1.31,68.5,0,0,NaN,0,503206,503342,HPB,90,1979-09-14 10:30:00,1979-09-17 06:30:00,NaN,1979,9,14,12,1979,9,17,6,1,2
35_49,32.31,3.26,25,0,0,NaN,0,503416,503465,HPB,90,1979-09-18 19:30:00,1979-09-19 20:00:00,NaN,1979,9,18,18,1979,9,19,18,1,2
36_49,36.225,4.45,33,15.5,17.5,NaN,0,520477,520542,HPB,90,1980-09-08 06:00:00,1980-09-09 14:30:00,NaN,1980,9,8,6,1980,9,9,12,2,7
37_49,53.66,4.25,52.5,0,0,NaN,0,520815,520919,HPB,90,1980-09-15 07:00:00,1980-09-17 11:00:00,NaN,1980,9,15,6,1980,9,17,12,2,7
38_49,21.745,1.19,43.5,0,0,NaN,0,551488,551574,HPB,90,1982-06-16 07:30:00,1982-06-18 02:30:00,NaN,1982,6,16,6,1982,6,18,0,3,6
39_49,58.61,5.36,53.5,0,0,NaN,0,551925,552031,HPB,90,1982-06-25 10:00:00,1982-06-27 15:00:00,NaN,1982,6,25,12,1982,6,27,18,3,6
40_49,27.465,5.21,34,0,34,NaN,0,572876,572943,HPB,90,1983-09-04 21:30:00,1983-09-06 07:00:00,NaN,1983,9,5,0,1983,9,6,6,2,9
41_49,34.2,4.61,24,0,20,NaN,0,588313,588360,HPB,90,1984-07-22 12:00:00,1984-07-23 11:30:00,NaN,1984,7,22,12,1984,7,23,12,3,9
42_49,26.115,2.99,37,0,0,NaN,0,605928,606001,HPB,90,1985-07-24 11:30:00,1985-07-26 00:00:00,NaN,1985,7,24,12,1985,7,26,0,3,10
43_49,36.76,2.6,61,0,0,NaN,0,642966,643087,HPB,90,1987-09-04 02:30:00,1987-09-06 15:00:00,NaN,1987,9,4,0,1987,9,6,18,2,1
44_49,74.69,4.12,96,0,0,NaN,0,661483,661674,HPB,90,1988-09-23 21:00:00,1988-09-27 20:30:00,NaN,1988,9,24,0,1988,9,27,18,2,1
45_49,28.925,1.71,94,0,0,NaN,0,679917,680104,HPB,90,1989-10-12 22:00:00,1989-10-16 19:30:00,NaN,1989,10,13,0,1989,10,16,18,2,10
46_49,95.625,7.39,172.5,65.5,95,NaN,0,693933,694277,HPB,90,1990-07-31 22:00:00,1990-08-08 02:00:00,NaN,1990,8,1,0,1990,8,8,0,3,8
47_49,24.81,2.48,48,0,0,NaN,0,711311,711406,HPB,90,1991-07-28 23:00:00,1991-07-30 22:30:00,NaN,1991,7,29,0,1991,7,31,0,3,6
48_49,57.95,5.12,45,28.5,16.5,NaN,0,711661,711750,HPB,90,1991-08-05 06:00:00,1991-08-07 02:30:00,NaN,1991,8,5,6,1991,8,7,0,3,6
49_49,39.22,6.81,56.5,25,31,NaN,0,729615,729727,HPB,90,1992-08-13 07:00:00,1992-08-15 15:00:00,NaN,1992,8,13,6,1992,8,15,18,1,2
50_49,41.73,3.35,63.5,47,16.5,NaN,0,746190,746316,HPB,90,1993-07-24 14:30:00,1993-07-27 05:30:00,NaN,1993,7,24,12,1993,7,27,6,3,9
51_49,46.135,3.11,50.5,0,0,NaN,0,765755,765855,HPB,90,1994-09-05 05:00:00,1994-09-07 07:00:00,NaN,1994,9,5,6,1994,9,7,6,2,7
52_49,22.845,1.8,30,0,0,NaN,0,765920,765979,HPB,90,1994-09-08 15:30:00,1994-09-09 21:00:00,NaN,1994,9,8,18,1994,9,10,0,2,7
53_49,50.475,2.43,85,0,0,NaN,0,779143,779312,HPB,90,1995-06-11 03:00:00,1995-06-14 15:30:00,NaN,1995,6,11,6,1995,6,14,18,2,6
54_49,59.765,4.29,45.5,21.5,24,NaN,0,819626,819716,HPB,90,1997-10-01 12:30:00,1997-10-03 09:30:00,NaN,1997,10,1,12,1997,10,3,12,2,6
55_49,28.055,2.87,33.5,0,0,NaN,0,839820,839886,HPB,90,1998-11-26 05:30:00,1998-11-27 14:30:00,NaN,1998,11,26,6,1998,11,27,12,3,9
56_49,41.285,3.6,57,7,29.5,NaN,0,853554,853667,HPB,90,1999-09-08 08:30:00,1999-09-10 17:00:00,NaN,1999,9,8,6,1999,9,10,18,3,1
57_49,27.77,2.76,73.5,0,0,NaN,0,873236,873382,HPB,90,2000-10-22 09:30:00,2000-10-25 10:30:00,NaN,2000,10,22,12,2000,10,25,12,1,8
58_49,32.255,4.12,53.5,0,0,NaN,0,888798,888904,HPB,90,2001-09-11 14:30:00,2001-09-13 19:30:00,NaN,2001,9,11,12,2001,9,13,18,1,9
59_49,29.09,3,41,0,0,NaN,0,908030,908111,HPB,90,2002-10-17 06:30:00,2002-10-18 23:00:00,NaN,2002,10,17,6,2002,10,19,0,3,2
60_49,37.345,1.65,63.5,0,20,NaN,0,924274,924400,HPB,90,2003-09-20 16:30:00,2003-09-23 07:30:00,NaN,2003,9,20,18,2003,9,23,6,2,6
61_49,27.71,2.61,41,0,14,NaN,0,943478,943559,HPB,90,2004-10-24 18:30:00,2004-10-26 11:00:00,NaN,2004,10,24,18,2004,10,26,12,2,9
62_49,27.115,1.92,42,0,0,NaN,0,943936,944019,HPB,90,2004-11-03 07:30:00,2004-11-05 01:00:00,NaN,2004,11,3,6,2004,11,5,0,2,9
63_49,58.785,4.38,49.5,0,0,NaN,0,954201,954299,HPB,90,2005-06-05 04:00:00,2005-06-07 05:00:00,NaN,2005,6,5,6,2005,6,7,6,3,6
64_46,31.005,1.36,55,0,11,NaN,0,978182,978291,HPB,90,2006-10-17 18:30:00,2006-10-20 01:00:00,NaN,2006,10,17,18,2006,10,20,0,2,8
65_44,64.58,2.72,60,0,0,NaN,0,994232,994351,HPB,90,2007-09-17 03:30:00,2007-09-19 15:00:00,NaN,2007,9,17,6,2007,9,19,18,2,6
66_39,33.04,3.27,88.5,0,0,NaN,0,1013046,1013222,HPB,90,2008-10-13 02:30:00,2008-10-16 18:30:00,NaN,2008,10,13,0,2008,10,16,18,1,4
67_38,102.255,12.02,97.5,0,65.5,NaN,0,1027687,1027881,HPB,90,2009-08-14 03:00:00,2009-08-18 04:00:00,NaN,2009,8,14,6,2009,8,18,6,1,8
68_32,26.22,4.49,47,0,0,NaN,0,1049094,1049187,HPB,90,2010-11-03 02:30:00,2010-11-05 01:00:00,NaN,2010,11,3,0,2010,11,5,0,3,2
69_24,44.09,3.74,52.5,0,0,NaN,0,1049336,1049440,HPB,90,2010-11-08 03:30:00,2010-11-10 07:30:00,NaN,2010,11,8,6,2010,11,10,6,3,2
